# File produced by AccuTrans 3D

mtllib ./modelos/LEGO_man2.mtl

v 0.192076 1.220098 -0.023134
v 0.210206 1.557202 -0.085866
v 0.341196 1.220098 -0.083699
v 0.21909 1.449079 -0.236332
v 0.305994 1.220098 -0.219126
v 0.191675 1.121882 -0.12113
v 0.305994 1.449079 -0.023134
v 0.294681 1.557202 -0.102591
v 0.152131 1.449079 -0.12113
v 0.327432 1.449079 -0.192328
v 0.192076 1.449079 -0.023134
v 0.249035 1.220098 0
v 0.23131 1.121882 -0.189321
v 0.295441 1.121882 -0.163274
v 0.295441 1.121882 -0.078986
v 0.341196 1.449079 -0.083699
v 0.249035 1.50135 -0.033334
v 0.277246 1.50135 -0.072594
v 0.263867 1.557202 -0.064072
v 0.21909 1.220098 -0.236332
v 0.152131 1.220098 -0.12113
v 0.170638 1.220098 -0.192328
v 0.182236 1.50135 -0.093999
v 0.234204 1.50135 -0.064072
v 0.234204 1.50135 -0.178188
v 0.294681 1.50135 -0.102591
v 0.287864 1.557202 -0.156394
v 0.203389 1.557202 -0.139669
v 0.249035 1.557202 -0.181124
v 0.341196 1.220098 -0.158561
v 0.27898 1.449079 -0.236332
v 0.21532 1.121882 -0.063123
v 0.170638 1.449079 -0.192328
v 0.305994 1.220098 -0.023134
v 0.290319 1.50135 -0.192159
v 0.210206 1.50135 -0.156394
v 0.194482 1.167826 -0.098973
v 0.294681 1.50135 -0.139669
v 0.249035 1.121882 -0.04943
v 0.282751 1.167826 -0.179137
v 0.210206 1.50135 -0.085866
v 0.21532 1.167826 -0.179137
v 0.249035 1.449079 0
v 0.26676 1.121882 -0.189321
v 0.295441 1.167826 -0.078986
v 0.306395 1.167826 -0.12113
v 0.249035 1.167826 -0.033334
v 0.207751 1.167826 -0.050102
v 0.306395 1.121882 -0.12113
v 0.305858 1.50135 -0.069525
v 0.207751 1.50135 -0.192159
v 0.191675 1.167826 -0.12113
v 0.263867 1.50135 -0.178188
v 0.182236 1.167826 -0.148261
v 0.23131 1.167826 -0.189321
v 0.249035 1.167826 -0.208926
v 0.182236 1.167826 -0.093999
v 0.194482 1.167826 -0.143287
v 0.20263 1.167826 -0.163274
v 0.20263 1.121882 -0.163274
v 0.315835 1.50135 -0.148261
v 0.295441 1.167826 -0.163274
v 0.220824 1.557202 -0.169666
v 0.207751 1.50135 -0.050102
v 0.315835 1.167826 -0.148261
v 0.290319 1.167826 -0.192159
v 0.234204 1.557202 -0.064072
v 0.20263 1.167826 -0.078986
v 0.21532 1.167826 -0.063123
v 0.249035 1.167826 -0.04943
v 0.182236 1.50135 -0.148261
v 0.249035 1.50135 -0.208926
v 0.207751 1.167826 -0.192158
v 0.249035 1.167826 -0.19283
v 0.341196 1.449079 -0.158561
v 0.27898 1.220098 -0.236332
v 0.170638 1.220098 -0.049932
v 0.170638 1.449079 -0.049932
v 0.305858 1.167826 -0.069525
v 0.156874 1.449079 -0.158561
v 0.327432 1.449079 -0.049932
v 0.305994 1.449079 -0.219126
v 0.327432 1.220098 -0.049932
v 0.327432 1.220098 -0.192328
v 0.192076 1.449079 -0.219126
v 0.192076 1.220098 -0.219126
v 0.345939 1.449079 -0.12113
v 0.345939 1.220098 -0.12113
v 0.249035 1.449079 -0.24226
v 0.249035 1.220098 -0.24226
v 0.21909 1.220098 -0.005929
v 0.21909 1.449079 -0.005929
v 0.156874 1.449079 -0.083699
v 0.156874 1.220098 -0.083699
v 0.156874 1.220098 -0.158561
v 0.27898 1.449079 -0.005929
v 0.27898 1.220098 -0.005929
v 0.26676 1.167826 -0.189321
v 0.194482 1.121882 -0.098973
v 0.26676 1.121882 -0.052939
v 0.26676 1.167826 -0.052939
v 0.277246 1.50135 -0.169666
v 0.287864 1.557202 -0.085866
v 0.293104 1.563942 -0.12113
v 0.290947 1.563942 -0.138153
v 0.263867 1.50135 -0.064072
v 0.319272 1.167826 -0.12113
v 0.319272 1.50135 -0.12113
v 0.270739 1.167826 -0.037631
v 0.270739 1.50135 -0.037631
v 0.277246 1.557202 -0.169666
v 0.262653 1.563942 -0.17352
v 0.234204 1.557202 -0.178188
v 0.203389 1.557202 -0.102591
v 0.203389 1.50135 -0.102591
v 0.203389 1.50135 -0.139669
v 0.282751 1.121882 -0.063123
v 0.303588 1.167826 -0.098973
v 0.303588 1.121882 -0.143287
v 0.303588 1.167826 -0.143287
v 0.249035 1.121882 -0.19283
v 0.194482 1.121882 -0.143287
v 0.23131 1.167826 -0.052939
v 0.23131 1.121882 -0.052939
v 0.20263 1.121882 -0.078986
v 0.21532 1.121882 -0.179137
v 0.282751 1.121882 -0.179137
v 0.282751 1.167826 -0.063123
v 0.303588 1.121882 -0.098973
v 0.220824 1.50135 -0.072594
v 0.178798 1.167826 -0.12113
v 0.178798 1.50135 -0.12113
v 0.227331 1.167826 -0.037631
v 0.227331 1.167826 -0.204629
v 0.227331 1.50135 -0.037631
v 0.305858 1.50135 -0.172735
v 0.305858 1.167826 -0.172735
v 0.192212 1.167826 -0.172735
v 0.192212 1.50135 -0.069525
v 0.315834 1.167826 -0.093999
v 0.192212 1.167826 -0.069525
v 0.315834 1.50135 -0.093999
v 0.290319 1.50135 -0.050102
v 0.192212 1.50135 -0.172735
v 0.290319 1.167826 -0.050102
v 0.270739 1.167826 -0.204629
v 0.270739 1.50135 -0.204629
v 0.227331 1.50135 -0.204629
v 0.287864 1.50135 -0.156394
v 0.277246 1.557202 -0.072594
v 0.20104 1.50135 -0.12113
v 0.20104 1.557202 -0.12113
v 0.249035 1.557202 -0.061136
v 0.249035 1.50135 -0.061136
v 0.249035 1.50135 -0.181124
v 0.210206 1.557202 -0.156394
v 0.220824 1.50135 -0.169666
v 0.287864 1.50135 -0.085867
v 0.220824 1.557202 -0.072594
v 0.29703 1.50135 -0.12113
v 0.263867 1.557202 -0.178188
v 0.294681 1.557202 -0.139669
v 0.29703 1.557202 -0.12113
v 0.262653 1.563942 -0.06874
v 0.223132 1.563942 -0.165695
v 0.223132 1.563942 -0.076565
v 0.284687 1.563942 -0.088751
v 0.274938 1.563942 -0.165695
v 0.235417 1.563942 -0.06874
v 0.207123 1.563942 -0.104107
v 0.235417 1.563942 -0.17352
v 0.207123 1.563942 -0.138153
v 0.274938 1.563942 -0.076565
v 0.290947 1.563942 -0.104107
v 0.213383 1.563942 -0.153509
v 0.249035 1.563942 -0.066044
v 0.249035 1.563942 -0.176216
v 0.284687 1.563942 -0.153508
v 0.204967 1.563942 -0.12113
v 0.213383 1.563942 -0.088752
v 0.249035 1.171648 -0.211363
v 0.249035 1.171648 -0.030898
v 0.176849 1.171648 -0.12113
v 0.307435 1.171648 -0.068093
v 0.291465 1.171648 -0.19413
v 0.317688 1.171648 -0.093247
v 0.193096 1.216699 -0.024887
v 0.193096 1.216699 -0.217373
v 0.271342 1.171648 -0.206946
v 0.271342 1.171648 -0.035314
v 0.180382 1.171648 -0.093247
v 0.285145 1.56297 -0.153925
v 0.180382 1.171648 -0.149013
v 0.317688 1.171648 -0.149013
v 0.291485 1.56297 -0.138371
v 0.206585 1.56297 -0.103889
v 0.212925 1.56297 -0.088335
v 0.249035 1.216699 -0.002168
v 0.219313 1.450493 -0.235474
v 0.153865 1.216699 -0.12113
v 0.249035 1.216699 -0.240092
v 0.226728 1.171648 -0.206946
v 0.172041 1.216699 -0.051206
v 0.226728 1.171648 -0.035314
v 0.190635 1.171648 -0.068093
v 0.307435 1.171648 -0.174168
v 0.291465 1.171648 -0.04813
v 0.278757 1.450493 -0.235474
v 0.31674 1.499484 -0.148628
v 0.306629 1.499484 -0.173435
v 0.290879 1.499484 -0.049138
v 0.278444 1.216699 -0.23427
v 0.207191 1.499484 -0.049138
v 0.227036 1.499484 -0.205761
v 0.207191 1.499484 -0.193122
v 0.191442 1.499484 -0.173435
v 0.320224 1.499484 -0.12113
v 0.18133 1.499484 -0.093632
v 0.191442 1.499484 -0.068825
v 0.18133 1.499484 -0.148628
v 0.177846 1.499484 -0.12113
v 0.271034 1.499484 -0.036499
v 0.227036 1.499484 -0.036499
v 0.219626 1.216699 -0.00799
v 0.290879 1.499484 -0.193122
v 0.271034 1.499484 -0.205761
v 0.339547 1.216699 -0.084369
v 0.321221 1.171648 -0.12113
v 0.158523 1.216699 -0.157891
v 0.158523 1.216699 -0.084369
v 0.344205 1.216699 -0.12113
v 0.339547 1.216699 -0.157891
v 0.171222 1.450493 -0.050462
v 0.15756 1.450493 -0.083978
v 0.152853 1.450493 -0.12113
v 0.306628 1.499484 -0.068825
v 0.31674 1.499484 -0.093632
v 0.15756 1.450493 -0.158283
v 0.171222 1.450493 -0.191798
v 0.249035 1.450493 -0.241358
v 0.326849 1.450493 -0.050462
v 0.115274 0.538862 -0.210413
v 0.35448 1.122994 -0.02547
v 0.148924 1.122994 -0.21679
v 0.148924 1.122994 -0.02547
v 0.38813 0.538862 -0.210413
v 0.35448 1.122994 -0.21679
v 0.38813 0.538862 -0.031848
v 0.115274 0.538862 -0.031848
v 0.105529 0.624881 -0.02547
v 0.397875 0.624881 -0.02547
v 0.397875 0.624881 -0.21679
v 0.115274 0.624881 -0.210413
v 0.115274 0.624881 -0.031848
v 0.38813 0.624881 -0.031848
v 0.38813 0.624881 -0.210413
v 0.105529 0.627984 -0.21679
v 0.110687 0.627984 -0.21679
v 0.394373 0.627984 -0.21679
v 0.105529 0.627984 -0.211626
v 0.105529 0.627984 -0.029392
v 0.152551 1.122994 -0.211626
v 0.152551 1.122994 -0.02547
v 0.152551 1.122994 -0.029392
v 0.397875 0.657051 -0.02547
v 0.397875 0.662621 -0.02547
v 0.105529 0.662621 -0.02547
v 0.397875 0.662621 -0.21679
v 0.105529 0.662621 -0.21679
v 0.115274 0.620951 -0.03528
v 0.115274 0.620951 -0.205587
v 0.115274 0.620951 -0.031848
v 0.120088 0.620951 -0.210413
v 0.384861 0.620951 -0.210413
v 0.115274 0.620951 -0.210413
v 0.397875 0.627984 -0.211626
v 0.397875 0.627984 -0.029392
v 0.397875 0.627984 -0.21679
v 0.105529 0.624881 -0.21679
v 0.397875 0.627984 -0.02547
v 0.355157 1.115807 -0.02547
v 0.355157 1.115807 -0.21679
v 0.148247 1.115807 -0.02547
v 0.148247 1.115807 -0.21679
v 0.397131 0.670517 -0.02547
v 0.397131 0.670517 -0.21679
v 0.106273 0.670517 -0.02547
v 0.106273 0.670517 -0.21679
v 0.105529 0.662621 -0.211626
v 0.106273 0.670517 -0.211626
v 0.105529 0.624881 -0.211626
v 0.397875 0.624881 -0.211626
v 0.148247 1.115807 -0.029392
v 0.355157 1.115807 -0.029392
v 0.148924 1.122994 -0.029392
v 0.397131 0.670517 -0.211626
v 0.148247 1.115807 -0.211626
v 0.355157 1.115807 -0.211626
v 0.35448 1.122994 -0.211626
v 0.397131 0.670517 -0.029392
v 0.106273 0.670517 -0.029392
v 0.105529 0.662621 -0.029392
v 0.390379 0.624881 -0.211884
v 0.395941 0.624881 -0.215524
v 0.112553 0.624881 -0.215524
v 0.38813 0.620951 -0.031848
v 0.38813 0.620951 -0.03528
v 0.107463 0.624881 -0.210427
v 0.394373 0.657051 -0.02547
v 0.110687 0.657051 -0.02547
v 0.352017 1.122994 -0.21679
v 0.38813 0.620951 -0.210413
v 0.352679 1.115807 -0.21679
v 0.387057 0.624881 -0.211884
v 0.117918 0.624881 -0.211884
v 0.113025 0.624881 -0.211884
v 0.113025 0.624881 -0.033921
v 0.117918 0.624881 -0.030376
v 0.387057 0.624881 -0.030376
v 0.390379 0.624881 -0.030376
v 0.390379 0.624881 -0.033921
v 0.390379 0.624881 -0.20698
v 0.395941 0.624881 -0.210427
v 0.425302 0.631009 -0.106476
v 0.49188 0.517427 -0.097928
v 0.4787 0.628002 -0.067763
v 0.488703 0.600605 -0.102909
v 0.064409 0.47329 -0.060004
v 0.062609 0.610302 -0.068013
v 0.091965 0.559896 -0.102909
v 0.09153 0.536761 -0.064498
v 0.491221 0.522953 -0.061233
v 0.437994 0.647522 -0.070053
v 0.016587 0.628002 -0.067763
v 0.053069 0.612086 -0.104888
v 0.003407 0.517427 -0.097928
v 0.028215 0.63751 -0.105687
v 0.069984 0.631009 -0.106476
v 0.419441 0.538399 -0.101193
v 0.442218 0.612086 -0.104888
v 0.403757 0.536761 -0.064498
v 0.451134 0.619102 -0.068013
v 0.430878 0.47329 -0.060004
v 0.418054 0.562992 -0.06564
v 0.004065 0.522953 -0.061233
v 0.02043 0.590075 -0.06564
v 0.081643 0.617876 -0.068992
v 0.06375 0.467764 -0.096698
v 0.431536 0.467764 -0.096698
v 0.409904 0.504668 -0.099476
v 0.469298 0.599099 -0.103365
v 0.006583 0.600605 -0.102909
v 0.076574 0.557466 -0.102335
v 0.025988 0.599099 -0.103365
v 0.077233 0.562992 -0.06564
v 0.467071 0.63751 -0.105687
v 0.057293 0.647522 -0.070053
v 0.406727 0.587846 -0.104458
v 0.413643 0.617876 -0.068992
v 0.085383 0.504668 -0.099476
v 0.001753 0.579565 -0.064498
v 0.017658 0.529213 -0.09902
v 0.018317 0.534739 -0.062326
v 0.474857 0.590075 -0.06564
v 0.477628 0.529213 -0.09902
v 0.47697 0.534739 -0.062326
v 0.436825 0.501699 -0.061508
v 0.437483 0.496173 -0.098203
v 0.058462 0.501699 -0.061508
v 0.044152 0.619102 -0.068013
v 0.426018 0.592363 -0.104183
v 0.432678 0.610302 -0.068013
v 0.057803 0.496173 -0.098203
v 0.069269 0.592363 -0.104183
v 0.422433 0.52625 -0.063356
v 0.479167 0.566875 -0.101193
v 0.01612 0.566875 -0.101193
v 0.072853 0.52625 -0.063356
v 0.072195 0.520725 -0.100051
v 0.452386 0.649762 -0.069781
v 0.402662 0.565422 -0.066215
v 0.076696 0.488324 -0.061233
v 0.0429 0.649762 -0.069781
v 0.001094 0.574039 -0.101193
v 0.089218 0.593372 -0.067763
v 0.088559 0.587846 -0.104458
v 0.41859 0.488324 -0.061233
v 0.056634 0.641996 -0.106748
v 0.438652 0.641996 -0.106748
v 0.403321 0.559896 -0.102909
v 0.495286 0.545378 -0.099476
v 0.494628 0.550904 -0.062781
v 0.488045 0.606131 -0.066215
v 0.420979 0.576061 -0.103365
v 0 0.545378 -0.099476
v 0.092624 0.565422 -0.066215
v 0.000659 0.550904 -0.062781
v 0.076037 0.482798 -0.097928
v 0.494192 0.574039 -0.101193
v 0.493533 0.579565 -0.064498
v 0.414302 0.61235 -0.105687
v 0.419249 0.482798 -0.097928
v 0.406069 0.593372 -0.067763
v 0.070643 0.636535 -0.069781
v 0.007242 0.606131 -0.066215
v 0.466412 0.643036 -0.068992
v 0.453045 0.644236 -0.106476
v 0.409245 0.510195 -0.062781
v 0.086041 0.510195 -0.062781
v 0.090871 0.531234 -0.101193
v 0.404416 0.531234 -0.101193
v 0.080984 0.61235 -0.105687
v 0.015928 0.622476 -0.104458
v 0.479358 0.622476 -0.104458
v 0.042242 0.644236 -0.106476
v 0.028874 0.643036 -0.068992
v 0.424644 0.636535 -0.069781
v 0.479236 0.553333 -0.063356
v 0.01605 0.553333 -0.063356
v 0.425359 0.597889 -0.067488
v 0.451793 0.613576 -0.104708
v 0.460465 0.614627 -0.067488
v 0.423092 0.520725 -0.100051
v 0.069927 0.597889 -0.067488
v 0.026647 0.604625 -0.06667
v 0.043494 0.613576 -0.104708
v 0.019771 0.584549 -0.102335
v 0.42865 0.511701 -0.062326
v 0.066636 0.511701 -0.062326
v 0.074308 0.576061 -0.103365
v 0.433336 0.604776 -0.104708
v 0.06195 0.604776 -0.104708
v 0.441559 0.617611 -0.068194
v 0.053727 0.617611 -0.068194
v 0.429309 0.506175 -0.09902
v 0.065977 0.506175 -0.09902
v 0.034821 0.614627 -0.067488
v 0.461124 0.609101 -0.104183
v 0.034162 0.609101 -0.104183
v 0.074966 0.581587 -0.06667
v 0.42032 0.581587 -0.06667
v 0.475515 0.584549 -0.102335
v 0.478508 0.572401 -0.064498
v 0.418782 0.543924 -0.064498
v 0.076504 0.543924 -0.064498
v 0.479895 0.547808 -0.100051
v 0.015392 0.547808 -0.100051
v 0.016778 0.572401 -0.064498
v 0.418713 0.557466 -0.102335
v 0.075846 0.538399 -0.101193
v 0.46864 0.604625 -0.06667
v 0.004035 0.522703 -0.062895
v 0.003247 0.518736 -0.098
v 0.436855 0.501448 -0.06317
v 0.437466 0.496321 -0.09722
v 0.436632 0.501721 -0.063193
v 0.058432 0.501448 -0.06317
v 0.057821 0.496321 -0.09722
v 0.058654 0.501721 -0.063193
v 0.430907 0.47304 -0.061666
v 0.431839 0.46921 -0.096775
v 0.057935 0.495774 -0.097192
v 0.491251 0.522703 -0.062895
v 0.492022 0.518883 -0.097018
v 0.478755 0.528281 -0.098934
v 0.490499 0.519957 -0.098115
v 0.491862 0.517575 -0.096945
v 0.490525 0.523303 -0.062951
v 0.016531 0.528281 -0.098934
v 0.004788 0.519957 -0.098115
v 0.437369 0.495626 -0.098174
v 0.43674 0.500901 -0.063141
v 0.437351 0.495773 -0.097192
v 0.06683 0.51125 -0.062304
v 0.058684 0.501971 -0.06153
v 0.428456 0.51125 -0.062304
v 0.436603 0.501971 -0.06153
v 0.477611 0.529361 -0.098038
v 0.477903 0.528986 -0.098999
v 0.018287 0.534488 -0.063988
v 0.016549 0.528429 -0.097952
v 0.017401 0.529133 -0.098017
v 0.017383 0.528986 -0.098999
v 0.014175 0.547616 -0.100005
v 0.481112 0.547616 -0.100005
v 0.058273 0.493927 -0.098084
v 0.017552 0.530083 -0.099069
v 0.477734 0.530083 -0.099069
v 0.06311 0.470823 -0.09686
v 0.063768 0.467912 -0.095716
v 0.064084 0.468173 -0.096732
v 0.477 0.534488 -0.063988
v 0.477885 0.529133 -0.098017
v 0.057918 0.495626 -0.098174
v 0.064379 0.47304 -0.061666
v 0.064106 0.474736 -0.06008
v 0.064743 0.473698 -0.060037
v 0.43118 0.474736 -0.06008
v 0.430543 0.473698 -0.060037
v 0.48984 0.525484 -0.06142
v 0.490496 0.523554 -0.061288
v 0.005446 0.525484 -0.06142
v 0.004791 0.523554 -0.061288
v 0.053698 0.617361 -0.069856
v 0.044123 0.618851 -0.069675
v 0.034791 0.614377 -0.06915
v 0.063447 0.46921 -0.096775
v 0.42868 0.511451 -0.063988
v 0.429291 0.506323 -0.098038
v 0.016557 0.627751 -0.069426
v 0.028844 0.642786 -0.070655
v 0.042259 0.644384 -0.105494
v 0.028233 0.637658 -0.104705
v 0.043511 0.613724 -0.103725
v 0.053086 0.612233 -0.103906
v 0.468669 0.604375 -0.068333
v 0.425285 0.631157 -0.105494
v 0.081002 0.612498 -0.104705
v 0.070002 0.631157 -0.105494
v 0.451775 0.613724 -0.103725
v 0.4422 0.612233 -0.103906
v 0.453027 0.644384 -0.105494
v 0.467053 0.637658 -0.104705
v 0.432176 0.470823 -0.09686
v 0.466769 0.636064 -0.10561
v 0.452981 0.642675 -0.106386
v 0.478738 0.528429 -0.097952
v 0.477717 0.530231 -0.098086
v 0.477106 0.535359 -0.064036
v 0.477076 0.535609 -0.062374
v 0.431821 0.469358 -0.095793
v 0.431519 0.467912 -0.095716
v 0.49297 0.551166 -0.062843
v 0.002316 0.551166 -0.062843
v 0.018181 0.535359 -0.064036
v 0.01821 0.535609 -0.062374
v 0.057263 0.647272 -0.071716
v 0.070613 0.636284 -0.071444
v 0.438023 0.647272 -0.071716
v 0.424674 0.636284 -0.071444
v 0.441589 0.617361 -0.069856
v 0.017675 0.529361 -0.098038
v 0.018042 0.534512 -0.062304
v 0.438378 0.644301 -0.069853
v 0.493844 0.551028 -0.062811
v 0.001442 0.551028 -0.062811
v 0.432707 0.610052 -0.069675
v 0.056909 0.644301 -0.069853
v 0.461239 0.609648 -0.104212
v 0.034048 0.609648 -0.104212
v 0.064713 0.473448 -0.061699
v 0.430573 0.473448 -0.061699
v 0.003424 0.517575 -0.096945
v 0.425389 0.597638 -0.06915
v 0.414284 0.612498 -0.104705
v 0.425509 0.63371 -0.069591
v 0.438175 0.645999 -0.069958
v 0.089188 0.593122 -0.069426
v 0.092594 0.565171 -0.067877
v 0.49141 0.524011 -0.062968
v 0.074582 0.576288 -0.103386
v 0.069494 0.592748 -0.104212
v 0.420704 0.576288 -0.103386
v 0.425792 0.592748 -0.104212
v 0.069778 0.63371 -0.069591
v 0.057111 0.645999 -0.069958
v 0.451817 0.614167 -0.104742
v 0.04347 0.614167 -0.104742
v 0.001723 0.579315 -0.06616
v 0.007212 0.605881 -0.067877
v 0.003876 0.524011 -0.062968
v 0.043395 0.616 -0.104848
v 0.451892 0.616 -0.104848
v 0.076475 0.543674 -0.06616
v 0.077203 0.562742 -0.067303
v 0.074936 0.581336 -0.068333
v 0.419674 0.490841 -0.06135
v 0.431548 0.476099 -0.061828
v 0.431518 0.476349 -0.060166
v 0.075613 0.490841 -0.06135
v 0.063739 0.476099 -0.061828
v 0.063769 0.476349 -0.060166
v 0.058547 0.500901 -0.063141
v 0.067431 0.509853 -0.062239
v 0.058576 0.501152 -0.061479
v 0.058902 0.499202 -0.063052
v 0.058932 0.499452 -0.061389
v 0.427855 0.509853 -0.062239
v 0.43671 0.501152 -0.061479
v 0.436384 0.499202 -0.063052
v 0.436355 0.499452 -0.061389
v 0.431202 0.468173 -0.096732
v 0.431185 0.468321 -0.095749
v 0.064102 0.468321 -0.095749
v 0.477616 0.625484 -0.067646
v 0.01716 0.533557 -0.063902
v 0.01719 0.533807 -0.062239
v 0.490345 0.518697 -0.098045
v 0.004941 0.518697 -0.098045
v 0.487373 0.605314 -0.066185
v 0.01767 0.625484 -0.067646
v 0.477244 0.534512 -0.062304
v 0.007913 0.605314 -0.066185
v 0.015754 0.553287 -0.063345
v 0.044053 0.621526 -0.068153
v 0.451233 0.621526 -0.068153
v 0.479533 0.553287 -0.063345
v 0.451164 0.618851 -0.069675
v 0.460495 0.614377 -0.06915
v 0.420961 0.576209 -0.102383
v 0.418695 0.557614 -0.101353
v 0.419423 0.538547 -0.10021
v 0.423074 0.520872 -0.099068
v 0.076135 0.538261 -0.101193
v 0.07687 0.557512 -0.102346
v 0.432701 0.60685 -0.104848
v 0.062585 0.60685 -0.104848
v 0.466442 0.642786 -0.070655
v 0.026617 0.604375 -0.068333
v 0.0204 0.589825 -0.067303
v 0.016749 0.572151 -0.06616
v 0.025794 0.59955 -0.103386
v 0.058043 0.496593 -0.097243
v 0.058025 0.496445 -0.098225
v 0.418416 0.557512 -0.102346
v 0.419151 0.538261 -0.101193
v 0.063465 0.469358 -0.095793
v 0.096554 0.661012 -0.096668
v 0.06927 0.905266 -0.132444
v 0.086545 0.751125 -0.172879
v 0.120587 0.877625 -0.132444
v 0.148784 1.112457 -0.085714
v 0.410827 0.751125 -0.172879
v 0.400818 0.661012 -0.096668
v 0.428102 0.905266 -0.132444
v 0.376785 0.877625 -0.132444
v 0.348588 1.112457 -0.085714
v 0.034676 0.694342 -0.08398
v 0.451606 0.644526 -0.0648
v 0.392643 0.886166 -0.195624
v 0.397615 1.090468 -0.109888
v 0.104729 0.886166 -0.195624
v 0.099758 1.090468 -0.109888
v 0.06927 0.905266 -0.180709
v 0.428102 0.905266 -0.180709
v 0.446286 0.770225 -0.157965
v 0.344773 1.078814 -0.150908
v 0.152599 1.078814 -0.150908
v 0.051086 0.770225 -0.157965
v 0.07045 0.63123 -0.0648
v 0.077181 0.671447 -0.118658
v 0.071327 0.6746 -0.070816
v 0.375602 1.053078 -0.150945
v 0.340198 1.039352 -0.122543
v 0.121771 1.053078 -0.150945
v 0.157174 1.039352 -0.122543
v 0.459234 0.648634 -0.09519
v 0.462696 0.694342 -0.08398
v 0.432533 0.678094 -0.12385
v 0.419294 0.627122 -0.078391
v 0.420191 0.671447 -0.074677
v 0.430428 0.761683 -0.094785
v 0.442334 0.683374 -0.05762
v 0.125092 0.875198 -0.169264
v 0.37228 0.875198 -0.169264
v 0.344817 1.078855 -0.068794
v 0.375602 1.053078 -0.068831
v 0.152555 1.078855 -0.068794
v 0.121771 1.053078 -0.068831
v 0.078078 0.627122 -0.09519
v 0.034676 0.694342 -0.109355
v 0.051619 0.641373 -0.112642
v 0.413891 0.668054 -0.129883
v 0.426922 0.63123 -0.108781
v 0.084809 0.667339 -0.088268
v 0.412563 0.667339 -0.088268
v 0.444875 0.684743 -0.074677
v 0.066944 0.761683 -0.094785
v 0.055038 0.683374 -0.05762
v 0.090497 0.664275 -0.1208
v 0.148809 1.112433 -0.133979
v 0.348563 1.112433 -0.133979
v 0.045766 0.644526 -0.0648
v 0.412244 0.896724 -0.117529
v 0.085128 0.896724 -0.117529
v 0.090497 0.664275 -0.072535
v 0.102403 0.742584 -0.109699
v 0.03711 0.649188 -0.086791
v 0.043841 0.689405 -0.096668
v 0.452503 0.688851 -0.105067
v 0.462696 0.694342 -0.109355
v 0.394969 0.742584 -0.157965
v 0.102403 0.742584 -0.157965
v 0.108831 1.075055 -0.143104
v 0.38854 1.075055 -0.143104
v 0.052497 0.684743 -0.118658
v 0.055038 0.683374 -0.135715
v 0.442334 0.683374 -0.135715
v 0.108831 1.075055 -0.076672
v 0.38854 1.075055 -0.076672
v 0.354666 1.017517 -0.122575
v 0.142706 1.017517 -0.122575
v 0.434159 0.908528 -0.156576
v 0.063213 0.908528 -0.156576
v 0.085128 0.896724 -0.195624
v 0.134709 1.0311 -0.143104
v 0.142706 1.017517 -0.097201
v 0.155199 1.054406 -0.076638
v 0.362663 1.0311 -0.143104
v 0.354666 1.017517 -0.097201
v 0.342173 1.054406 -0.076638
v 0.444875 0.684743 -0.118658
v 0.406875 0.664275 -0.072535
v 0.394969 0.742584 -0.109699
v 0.410827 0.751125 -0.094785
v 0.412244 0.896724 -0.195624
v 0.392643 0.886166 -0.117529
v 0.430428 0.761683 -0.172879
v 0.086545 0.751125 -0.094785
v 0.104729 0.886166 -0.117529
v 0.066944 0.761683 -0.172879
v 0.451606 0.644526 -0.108781
v 0.412563 0.667339 -0.105067
v 0.047852 0.687245 -0.08069
v 0.426922 0.63123 -0.0648
v 0.141465 0.996623 -0.090213
v 0.134709 1.0311 -0.076672
v 0.355908 0.996623 -0.090213
v 0.362663 1.0311 -0.076672
v 0.045029 0.773487 -0.133832
v 0.051086 0.770225 -0.109699
v 0.452343 0.773487 -0.133832
v 0.446286 0.770225 -0.109699
v 0.422732 0.672816 -0.05762
v 0.07464 0.672816 -0.05762
v 0.07464 0.672816 -0.135715
v 0.146654 0.989574 -0.114345
v 0.350719 0.989574 -0.114345
v 0.07045 0.63123 -0.108781
v 0.388912 0.739321 -0.133832
v 0.10846 0.739321 -0.133832
v 0.155234 1.054373 -0.143069
v 0.342138 1.054374 -0.143069
v 0.041121 0.647028 -0.102768
v 0.127879 1.015079 -0.075298
v 0.369493 1.015079 -0.075298
v 0.078078 0.627122 -0.078391
v 0.084809 0.667339 -0.105067
v 0.419294 0.627122 -0.09519
v 0.459234 0.648634 -0.078391
v 0.452503 0.688851 -0.088268
v 0.147689 1.120328 -0.109846
v 0.349683 1.120328 -0.109846
v 0.064839 0.678094 -0.12385
v 0.058108 0.637878 -0.059608
v 0.420191 0.671447 -0.118658
v 0.439264 0.637878 -0.059608
v 0.439264 0.637878 -0.113973
v 0.432533 0.678094 -0.069486
v 0.05835 0.68159 -0.070816
v 0.340211 1.039365 -0.097168
v 0.157161 1.039365 -0.097168
v 0.097503 1.056348 -0.090213
v 0.399869 1.056348 -0.090213
v 0.40237 0.661848 -0.109355
v 0.352049 0.99138 -0.127033
v 0.145324 0.99138 -0.127033
v 0.125092 0.875198 -0.143889
v 0.37228 0.875198 -0.143889
v 0.458192 0.691915 -0.1208
v 0.039181 0.691915 -0.1208
v 0.376785 0.877625 -0.180709
v 0.120587 0.877625 -0.180709
v 0.458192 0.691915 -0.072535
v 0.039181 0.691915 -0.072535
v 0.103961 1.083327 -0.134021
v 0.393411 1.083327 -0.134021
v 0.151253 1.091677 -0.148897
v 0.346119 1.091677 -0.148897
v 0.100835 1.088638 -0.097201
v 0.396537 1.088638 -0.097201
v 0.422732 0.672816 -0.135715
v 0.361919 1.00479 -0.08113
v 0.135454 1.00479 -0.08113
v 0.34616 1.091716 -0.070802
v 0.151212 1.091716 -0.070802
v 0.095002 0.661848 -0.109355
v 0.464248 0.695178 -0.096668
v 0.033123 0.695178 -0.096668
v 0.352049 0.99138 -0.101658
v 0.145324 0.99138 -0.101658
v 0.103513 1.048183 -0.08113
v 0.114968 1.064632 -0.070841
v 0.393859 1.048183 -0.08113
v 0.382404 1.064632 -0.070841
v 0.095002 0.661848 -0.08398
v 0.40237 0.661848 -0.08398
v 0.081826 0.668945 -0.08069
v 0.357793 1.022828 -0.085755
v 0.406875 0.664275 -0.1208
v 0.139579 1.022828 -0.085755
v 0.046581 0.772651 -0.146519
v 0.370728 0.874362 -0.156576
v 0.390464 0.740157 -0.146519
v 0.432607 0.907692 -0.169264
v 0.390464 0.740157 -0.121145
v 0.064766 0.907692 -0.169264
v 0.064766 0.907692 -0.143889
v 0.046582 0.772651 -0.121145
v 0.432607 0.907692 -0.143889
v 0.450791 0.772651 -0.121145
v 0.450791 0.772651 -0.146519
v 0.126645 0.874362 -0.156576
v 0.106908 0.740158 -0.146519
v 0.106908 0.740158 -0.121145
v 0.43927 0.766445 -0.167048
v 0.058103 0.766445 -0.167048
v 0.076287 0.901486 -0.123361
v 0.421085 0.901486 -0.123361
v 0.044869 0.688851 -0.105067
v 0.114968 1.064632 -0.148935
v 0.382404 1.064632 -0.148935
v 0.368799 1.041523 -0.148935
v 0.128573 1.041523 -0.148935
v 0.038138 0.648634 -0.078391
v 0.135454 1.004789 -0.147561
v 0.113571 0.881404 -0.189792
v 0.361919 1.004789 -0.147561
v 0.383801 0.881404 -0.189792
v 0.401986 0.746363 -0.100616
v 0.383801 0.881404 -0.123361
v 0.401986 0.746363 -0.167048
v 0.421085 0.901486 -0.189792
v 0.095386 0.746363 -0.100616
v 0.113571 0.881404 -0.123361
v 0.076287 0.901486 -0.189792
v 0.095386 0.746363 -0.167048
v 0.058103 0.766445 -0.100616
v 0.43927 0.766445 -0.100616
v 0.403729 1.061592 -0.101658
v 0.093644 1.061592 -0.101658
v 0.094929 0.891445 -0.115519
v 0.076744 0.756404 -0.174889
v 0.402443 0.891445 -0.115519
v 0.420628 0.756404 -0.174889
v 0.420628 0.756404 -0.092775
v 0.119484 1.026486 -0.155402
v 0.094929 0.891445 -0.197633
v 0.377888 1.026486 -0.155402
v 0.402443 0.891445 -0.197633
v 0.076744 0.756404 -0.092775
v 0.119484 1.026486 -0.073288
v 0.377888 1.026486 -0.073288
v 0.100835 1.088638 -0.122575
v 0.396537 1.088638 -0.122575
v 0.046197 0.688136 -0.129883
v 0.451175 0.688136 -0.129883
v 0.413891 0.668054 -0.063452
v 0.083481 0.668054 -0.063452
v 0.058108 0.637878 -0.113973
v 0.128573 1.041524 -0.070841
v 0.153901 1.065992 -0.070805
v 0.368799 1.041524 -0.070841
v 0.343472 1.065992 -0.070805
v 0.34343 1.065953 -0.1489
v 0.153942 1.065953 -0.1489
v 0.083481 0.668054 -0.129883
v 0.046197 0.688136 -0.063452
v 0.451175 0.688136 -0.063452
v 0.141465 0.996623 -0.138478
v 0.355908 0.996623 -0.138478
v 0.139579 1.022828 -0.134021
v 0.357793 1.022828 -0.134021
v 0.393411 1.083327 -0.085755
v 0.103961 1.083327 -0.085755
v 0.353589 1.015687 -0.109888
v 0.143783 1.015687 -0.109888
v 0.386285 1.037892 -0.075298
v 0.111088 1.037892 -0.075298
v 0.092314 1.063398 -0.114345
v 0.405058 1.063398 -0.114345
v 0.111088 1.037892 -0.153393
v 0.386285 1.037892 -0.153393
v 0.064839 0.678094 -0.137724
v 0.432533 0.678094 -0.137724
v 0.432533 0.678094 -0.055611
v 0.064839 0.678094 -0.055611
v 0.103513 1.048183 -0.147561
v 0.393859 1.048183 -0.147561
v 0.449521 0.687245 -0.112645
v 0.347418 1.103263 -0.143063
v 0.149955 1.103263 -0.143063
v 0.149919 1.103296 -0.076632
v 0.347453 1.103296 -0.076632
v 0.127879 1.015079 -0.153393
v 0.369493 1.015079 -0.153393
v 0.085836 0.666785 -0.096668
v 0.079106 0.626568 -0.086791
v 0.453531 0.689405 -0.096668
v 0.418267 0.626568 -0.086791
v 0.411536 0.666785 -0.096668
v 0.460262 0.649188 -0.086791
v 0.15637 1.045212 -0.133988
v 0.341002 1.045212 -0.133988
v 0.422277 0.628728 -0.070813
v 0.456252 0.647028 -0.102768
v 0.415546 0.668945 -0.08069
v 0.075095 0.628728 -0.070813
v 0.038138 0.648634 -0.09519
v 0.112221 0.480235 -0.206578
v 0.112221 0 -0.017297
v 0.245853 0 -0.206578
v 0.112221 0 -0.206578
v 0.245853 0 -0.017297
v 0.245853 0.480235 -0.206578
v 0.252041 0 -0.017297
v 0.252041 0 -0.206578
v 0.252041 0.480235 -0.206578
v 0.385673 0 -0.018151
v 0.385673 0.480235 -0.206578
v 0.385673 0 -0.205101
v 0.265459 0.398536 -0.202669
v 0.382777 0.398536 -0.202669
v 0.382777 0.398536 -0.039591
v 0.382777 0.578102 -0.12113
v 0.116792 0.329949 -0.171524
v 0.246344 0.557526 -0.12113
v 0.246344 0.37239 -0.180087
v 0.234424 0.398536 -0.039591
v 0.116792 0.551904 -0.171524
v 0.116792 0.360296 -0.051769
v 0.112221 0.328391 -0.074405
v 0.116792 0.551904 -0.070736
v 0.250709 0.346595 -0.078295
v 0.265459 0.551904 -0.171524
v 0.252041 0.328391 -0.074405
v 0.385673 0.328391 -0.074405
v 0.245853 0.319571 -0.074405
v 0.265459 0.483315 -0.039591
v 0.382777 0.310464 -0.094637
v 0.234424 0.483315 -0.202669
v 0.385673 0.13361 -0.074405
v 0.252041 0.13361 -0.017297
v 0.252041 0.131771 -0.074405
v 0.385673 0.13361 -0.017297
v 0.245853 0.13361 -0.017297
v 0.112221 0.13361 -0.017297
v 0.245853 0.13361 -0.074405
v 0.112221 0.13361 -0.074405
v 0.234424 0.483315 -0.039591
v 0.382777 0.551904 -0.070736
v 0.116792 0.483315 -0.202669
v 0.265459 0.398536 -0.039591
v 0.382777 0.310464 -0.147623
v 0.116792 0.483315 -0.039591
v 0.116792 0.310464 -0.094637
v 0.250709 0.346595 -0.163965
v 0.265459 0.324326 -0.12113
v 0.265459 0.310464 -0.147623
v 0.382777 0.551904 -0.171524
v 0.382777 0.483315 -0.202669
v 0.250709 0.509462 -0.062173
v 0.250709 0.557526 -0.12113
v 0.265459 0.535257 -0.078295
v 0.382777 0.483315 -0.039591
v 0.116792 0.398536 -0.202669
v 0.116792 0.578102 -0.12113
v 0.265459 0.440926 -0.048255
v 0.265459 0.329949 -0.070736
v 0.265459 0.37239 -0.062173
v 0.246344 0.37239 -0.062173
v 0.246344 0.324326 -0.12113
v 0.234424 0.346595 -0.078295
v 0.265459 0.37239 -0.180087
v 0.250709 0.440926 -0.194005
v 0.265459 0.483315 -0.202669
v 0.246344 0.509462 -0.180087
v 0.234424 0.360296 -0.190491
v 0.234424 0.346595 -0.163965
v 0.250709 0.535257 -0.163965
v 0.265459 0.440926 -0.194005
v 0.250709 0.440926 -0.048255
v 0.265459 0.476957 -0.190438
v 0.234424 0.535257 -0.078295
v 0.234424 0.578102 -0.12113
v 0.234424 0.551819 -0.143649
v 0.234424 0.330034 -0.143649
v 0.265459 0.571388 -0.147623
v 0.265459 0.509462 -0.180087
v 0.265459 0.551819 -0.143649
v 0.246344 0.440926 -0.048255
v 0.234424 0.440926 -0.048255
v 0.234424 0.551904 -0.070736
v 0.234424 0.509462 -0.062173
v 0.246344 0.535257 -0.078295
v 0.250709 0.330034 -0.098611
v 0.234424 0.535257 -0.163965
v 0.234424 0.440926 -0.194005
v 0.234424 0.310464 -0.147623
v 0.246344 0.476957 -0.190438
v 0.234424 0.329949 -0.070736
v 0.234424 0.551904 -0.171524
v 0.265459 0.551904 -0.070736
v 0.234424 0.330034 -0.098611
v 0.265459 0.551819 -0.098611
v 0.234424 0.310464 -0.094637
v 0.116792 0.310464 -0.147623
v 0.116792 0.398536 -0.039591
v 0.234424 0.398536 -0.202669
v 0.265459 0.578102 -0.12113
v 0.382777 0.329949 -0.171524
v 0.382777 0.329949 -0.070736
v 0.265459 0.329949 -0.171524
v 0.265459 0.310464 -0.094637
v 0.234424 0.557526 -0.12113
v 0.246344 0.551819 -0.098611
v 0.246344 0.440926 -0.194005
v 0.234424 0.37239 -0.180087
v 0.234424 0.404895 -0.190438
v 0.265459 0.535257 -0.163965
v 0.250709 0.37239 -0.180087
v 0.250709 0.404895 -0.190438
v 0.250709 0.324326 -0.12113
v 0.250709 0.37239 -0.062173
v 0.234424 0.509462 -0.180087
v 0.246344 0.509462 -0.062173
v 0.246344 0.535257 -0.163965
v 0.234424 0.37239 -0.062173
v 0.265459 0.509462 -0.062173
v 0.250709 0.509462 -0.180087
v 0.250709 0.535257 -0.078295
v 0.246344 0.346595 -0.078295
v 0.246344 0.346595 -0.163965
v 0.265459 0.346595 -0.163965
v 0.265459 0.346595 -0.078295
v 0.265459 0.440926 -0.206865
v 0.234424 0.521556 -0.051769
v 0.265459 0.521556 -0.190491
v 0.382777 0.521556 -0.051769
v 0.265459 0.521556 -0.051769
v 0.382777 0.521556 -0.190491
v 0.234424 0.329949 -0.171524
v 0.116792 0.329949 -0.070736
v 0.234424 0.521556 -0.190491
v 0.116792 0.521556 -0.051769
v 0.116792 0.521556 -0.190491
v 0.382777 0.360296 -0.051769
v 0.116792 0.360296 -0.190491
v 0.265459 0.360296 -0.051769
v 0.234424 0.360296 -0.051769
v 0.265459 0.360296 -0.190491
v 0.382777 0.360296 -0.190491
v 0.382777 0.571388 -0.094637
v 0.382777 0.571388 -0.147623
v 0.265459 0.571388 -0.094637
v 0.116792 0.571388 -0.094637
v 0.234424 0.571388 -0.147623
v 0.116792 0.571388 -0.147623
v 0.234424 0.571388 -0.094637
v 0.234424 0.440926 -0.206865
v 0.116792 0.440926 -0.206865
v 0.382777 0.440926 -0.206865
v 0.116792 0.440926 -0.035395
v 0.382777 0.440926 -0.035395
v 0.234424 0.440926 -0.035395
v 0.265459 0.440926 -0.035395
v 0.234424 0.303751 -0.12113
v 0.116792 0.303751 -0.12113
v 0.382777 0.303751 -0.12113
v 0.265459 0.303751 -0.12113
v 0.245853 0.328391 -0.074405
v 0.234424 0.324326 -0.12113
v 0.265459 0.557526 -0.12113
v 0.250709 0.476957 -0.190438
v 0.250709 0.476957 -0.051822
v 0.265459 0.476957 -0.051822
v 0.234424 0.551819 -0.098611
v 0.250709 0.551819 -0.098611
v 0.250709 0.551819 -0.143649
v 0.246344 0.551819 -0.143649
v 0.250709 0.404895 -0.051822
v 0.265459 0.404895 -0.051822
v 0.234424 0.404895 -0.051822
v 0.246344 0.404895 -0.051822
v 0.265459 0.404895 -0.190438
v 0.234424 0.476957 -0.051822
v 0.234424 0.476957 -0.190438
v 0.246344 0.476957 -0.051822
v 0.246344 0.404895 -0.190438
v 0.246344 0.330034 -0.098611
v 0.246344 0.330034 -0.143649
v 0.265459 0.330034 -0.098611
v 0.265459 0.330034 -0.143649
v 0.250709 0.330034 -0.143649
v 0.254474 0 -0.206578
v 0.254474 0 -0.074405
v 0.254474 0.001436 -0.017297
v 0.245853 0.004197 -0.017297
v 0.254474 0.136707 -0.074405
v 0.252041 0.136707 -0.074405
v 0.38294 0.325543 -0.074405
v 0.38294 0.139825 -0.074405
v 0.38294 0.136707 -0.074405
v 0.385673 0.136707 -0.074405
v 0.243108 0.139134 -0.206578
v 0.243108 0.464542 -0.206578
v 0.243108 0.131169 -0.206578
v 0.243108 0.13361 -0.206578
v 0.385673 0.131771 -0.206578
v 0.385673 0.13912 -0.206578
v 0.385673 0 -0.206578
v 0.252041 0.131771 -0.205101
v 0.252041 0.131771 -0.018151
v 0.245425 0.464542 -0.206578
v 0.244364 0.464542 -0.206578
v 0.243108 0 -0.206578
v 0.243108 0.004197 -0.206578
v 0.243108 0.00215 -0.206578
v 0.245853 0.004197 -0.206578
v 0.245853 0.00215 -0.206578
v 0.243108 0 -0.017297
v 0.243108 0.00215 -0.017297
v 0.11533 0.13361 -0.017297
v 0.243108 0.131169 -0.017297
v 0.243108 0.004197 -0.017297
v 0.243108 0 -0.074661
v 0.243108 0 -0.073391
v 0.254474 0.13361 -0.018151
v 0.244364 0.478575 -0.206578
v 0.243108 0.478575 -0.206578
v 0.245425 0.478575 -0.206578
v 0.254474 0.131771 -0.206578
v 0.254474 0.13361 -0.206578
v 0.252041 0.13361 -0.074405
v 0.245853 0 -0.074405
v 0.245853 0 -0.073391
v 0.254474 0.001436 -0.206578
v 0.254474 0.131771 -0.017297
v 0.254474 0 -0.205101
v 0.254474 0 -0.017297
v 0.254474 0 -0.018151
v 0.254474 0.13361 -0.074405
v 0.254474 0.13361 -0.017297
v 0.385673 0 -0.017297
v 0.254474 0.475168 -0.206578
v 0.254474 0.479663 -0.206578
v 0.254474 0.480235 -0.206578
v 0.243108 0 -0.206229
v 0.112221 0 -0.073391
v 0.112221 0 -0.074661
v 0.112221 0 -0.074405
v 0.245853 0.004197 -0.074661
v 0.245853 0.00215 -0.074661
v 0.245853 0 -0.074661
v 0.243108 0 -0.074405
v 0.245853 0.479834 -0.206229
v 0.112221 0.479834 -0.206229
v 0.112221 0.328685 -0.074661
v 0.245853 0.328685 -0.074661
v 0.252041 0.478538 -0.205101
v 0.385673 0.478538 -0.205101
v 0.382777 0.440926 -0.12113
v 0.116792 0.440926 -0.12113
v 0.385673 0.001436 -0.074405
v 0.245853 0.464542 -0.206578
v 0.11533 0.136714 -0.074405
v 0.243108 0.136714 -0.074405
v 0.243108 0.479834 -0.206229
v 0.11533 0.004197 -0.017297
v 0.11533 0.13361 -0.206578
v 0.11533 0.004197 -0.206578
v 0.243108 0.480235 -0.206578
v 0.11533 0.480235 -0.206578
v 0.11533 0 -0.074661
v 0.232718 0.551904 -0.070736
v 0.232718 0.571388 -0.147623
v 0.232718 0.551904 -0.171524
v 0.232718 0.571388 -0.094637
v 0.243108 0.328391 -0.074405
v 0.243108 0.328685 -0.074661
v 0.11533 0.13361 -0.074405
v 0.243108 0.13361 -0.074405
v 0.252041 0.475168 -0.206578
v 0.234424 0.481911 -0.042293
v 0.234424 0.399941 -0.042293
v 0.234424 0.362968 -0.054067
v 0.234424 0.440926 -0.038236
v 0.264239 0.509462 -0.180087
v 0.264239 0.509462 -0.062173
v 0.264239 0.535257 -0.163965
v 0.264239 0.535257 -0.078295
v 0.112221 0.004197 -0.206578
v 0.112221 0.004197 -0.017297
v 0.112221 0.004197 -0.074405
v 0.245853 0.470876 -0.206229
v 0.245853 0.323637 -0.074661
v 0.117961 0.551904 -0.070736
v 0.117961 0.551904 -0.171524
v 0.117961 0.571388 -0.094637
v 0.117961 0.571388 -0.147623
v 0.384284 0.328391 -0.074405
v 0.254474 0.478538 -0.205101
v 0.384284 0.478538 -0.205101
v 0.38294 0.478538 -0.205101
v 0.264239 0.404895 -0.190438
v 0.264239 0.330034 -0.098611
v 0.264239 0.476957 -0.190438
v 0.264239 0.330034 -0.143649
v 0.264239 0.440926 -0.048255
v 0.264239 0.324326 -0.12113
v 0.264239 0.551819 -0.098611
v 0.264239 0.476957 -0.051822
v 0.264239 0.440926 -0.194005
v 0.232718 0.398536 -0.039591
v 0.232718 0.521556 -0.190491
v 0.232718 0.521556 -0.051769
v 0.252041 0 -0.205101
v 0.117961 0.483315 -0.039591
v 0.117961 0.483315 -0.202669
v 0.117961 0.521556 -0.051769
v 0.117961 0.521556 -0.190491
v 0.251645 0.535257 -0.163965
v 0.385673 0.144615 -0.205101
v 0.385673 0.475168 -0.206578
v 0.385673 0.473495 -0.205101
v 0.235446 0.535257 -0.163965
v 0.235446 0.330034 -0.098611
v 0.245281 0.346595 -0.163965
v 0.235446 0.346595 -0.163965
v 0.235446 0.535257 -0.078295
v 0.235446 0.551819 -0.143649
v 0.245281 0.37239 -0.062173
v 0.235446 0.37239 -0.062173
v 0.235446 0.551819 -0.098611
v 0.245281 0.37239 -0.180087
v 0.235446 0.37239 -0.180087
v 0.245281 0.346595 -0.078295
v 0.235446 0.346595 -0.078295
v 0.38294 0.144669 -0.206578
v 0.384284 0.13912 -0.206578
v 0.113185 0.479834 -0.206229
v 0.251645 0.535257 -0.078295
v 0.264239 0.37239 -0.062173
v 0.252041 0.473495 -0.205101
v 0.252041 0.144669 -0.206578
v 0.252041 0.144615 -0.205101
v 0.232718 0.398536 -0.202669
v 0.232718 0.440926 -0.206865
v 0.117961 0.398536 -0.202669
v 0.117961 0.329949 -0.070736
v 0.117961 0.310464 -0.094637
v 0.117961 0.440926 -0.206865
v 0.117961 0.310464 -0.147623
v 0.117961 0.303751 -0.12113
v 0.117961 0.360296 -0.190491
v 0.117961 0.329949 -0.171524
v 0.117961 0.360296 -0.051769
v 0.117961 0.398536 -0.039591
v 0.232718 0.440926 -0.035395
v 0.117961 0.440926 -0.035395
v 0.245853 0.00215 -0.017297
v 0.235446 0.476957 -0.051822
v 0.235446 0.557526 -0.12113
v 0.235446 0.440926 -0.194005
v 0.251645 0.404895 -0.051822
v 0.251645 0.324326 -0.12113
v 0.251645 0.37239 -0.180087
v 0.382156 0.360296 -0.051769
v 0.382156 0.329949 -0.070736
v 0.11533 0.478575 -0.206578
v 0.243108 0.13361 -0.073391
v 0.252041 0.001436 -0.205101
v 0.252041 0 -0.018151
v 0.382156 0.483315 -0.039591
v 0.382156 0.440926 -0.035395
v 0.265849 0.440926 -0.035395
v 0.265849 0.440926 -0.206865
v 0.265849 0.571388 -0.094637
v 0.265849 0.398536 -0.039591
v 0.265849 0.551904 -0.171524
v 0.265849 0.398536 -0.202669
v 0.245425 0.004197 -0.017297
v 0.245425 0.00215 -0.206578
v 0.245425 0.00215 -0.017297
v 0.245425 0.004197 -0.206578
v 0.252041 0.479663 -0.206578
v 0.265849 0.578102 -0.12113
v 0.265849 0.571388 -0.147623
v 0.112221 0.323637 -0.074661
v 0.112221 0.470876 -0.206229
v 0.112221 0.327751 -0.074661
v 0.245853 0.327751 -0.074661
v 0.243108 0.323351 -0.074405
v 0.243108 0.13361 -0.017297
v 0.243108 0.471267 -0.206578
v 0.234424 0.548226 -0.169854
v 0.243108 0.327457 -0.074405
v 0.113185 0.327457 -0.074405
v 0.250709 0.440926 -0.12113
v 0.117961 0.578102 -0.12113
v 0.112221 0.00215 -0.074405
v 0.112221 0.13361 -0.074661
# 1302 vertices

vn -1.0 0 0
vn -0.9965 -0.0786 0.0298
vn -0.9965 0.0786 -0.0298
vn -0.9965 -0.0787 0.0299
vn -0.9961 -0.0863 0.0176
vn -0.9957 0.093 0
vn -0.9944 0.0893 -0.0568
vn -0.9827 0.1853 0
vn -0.982 -0.0089 0.1887
vn -0.9795 0.2008 -0.0185
vn -0.9794 0.2008 0.0197
vn -0.9785 0.2057 -0.0151
vn -0.9785 0.2057 0.0163
vn -0.9782 0.2073 0.0109
vn -0.9782 0.2072 -0.0157
vn -0.9781 0.2073 0.0168
vn -0.9765 0.2155 -0.0068
vn -0.9765 0.2155 0.0079
vn -0.9754 0.2206 0.0005
vn -0.9744 0.2249 -0.0025
vn -0.9743 -0.2154 0.0665
vn -0.9742 0.2255 0.0043
vn -0.9737 0.2274 0.01
vn -0.9737 0.2275 -0.0088
vn -0.9734 0.2292 0.0057
vn -0.9733 0.2295 -0.0059
vn -0.9732 0.2299 -0.0097
vn -0.9727 -0.2319 0
vn -0.9727 0.2319 0
vn -0.9717 0.0202 -0.2353
vn -0.9716 -0.2326 0.0438
vn -0.9716 0.2327 -0.0439
vn -0.9715 -0.2328 0.0437
vn -0.9715 0.2329 -0.0437
vn -0.9715 0.233 -0.0436
vn -0.9715 -0.233 0.0437
vn -0.9715 -0.2331 0.0436
vn -0.9715 0.2332 -0.0436
vn -0.9714 0.2333 -0.0437
vn -0.9671 -0.2465 0.0626
vn -0.9663 0.2567 -0.0186
vn -0.9651 0.1363 0.2237
vn -0.9632 0.1052 -0.2472
vn -0.9581 -0.2838 -0.0381
vn -0.9573 0.2256 -0.181
vn -0.9557 -0.2937 -0.0182
vn -0.9518 -0.3046 0.0357
vn -0.9511 0 0.309
vn -0.9511 0 -0.309
vn -0.9484 0.3152 -0.0337
vn -0.9481 -0.1332 0.2887
vn -0.9435 0.3296 0.0351
vn -0.9435 -0.3296 -0.0351
vn -0.9422 0.0976 -0.3204
vn -0.9415 0.3369 0.0127
vn -0.9409 0.3331 0.0619
vn -0.9392 -0.2065 0.2745
vn -0.935 -0.0153 0.3543
vn -0.9338 -0.1995 0.2971
vn -0.9293 0.2216 -0.2956
vn -0.9235 -0.175 0.3414
vn -0.9228 -0.3812 0.0564
vn -0.9228 -0.3812 0.0566
vn -0.9227 -0.3813 0.0566
vn -0.9227 -0.3814 0.0565
vn -0.9227 -0.3814 0.0568
vn -0.9226 -0.3815 0.0566
vn -0.9226 0.3815 -0.0566
vn -0.9226 -0.3815 0.0567
vn -0.9225 -0.3818 0.0567
vn -0.9198 0.2767 0.2781
vn -0.9122 -0.2243 -0.343
vn -0.9112 0.4106 -0.0342
vn -0.9079 -0.3164 0.2749
vn -0.9037 0.3049 0.3005
vn -0.8946 0.1317 -0.427
vn -0.8946 0.2105 -0.3942
vn -0.8889 0.3145 -0.3331
vn -0.8821 0.1081 -0.4586
vn -0.8811 0.4724 0.0232
vn -0.8806 0.3758 0.2887
vn -0.8747 0.3897 0.2882
vn -0.8703 -0.1427 0.4715
vn -0.8646 -0.0029 0.5024
vn -0.8595 -0.448 -0.2459
vn -0.8552 0.5138 -0.0675
vn -0.8538 0.5197 -0.0297
vn -0.8538 -0.5197 0.0298
vn -0.8538 0.5197 -0.0298
vn -0.8535 -0.4131 -0.3176
vn -0.8505 -0.1286 -0.51
vn -0.847 -0.4144 -0.333
vn -0.8355 0.4813 -0.265
vn -0.8314 -0.4131 0.3715
vn -0.8308 0.0394 0.5552
vn -0.8304 -0.0603 0.554
vn -0.8197 0.2329 0.5233
vn -0.8177 0.1592 0.5532
vn -0.8176 0.414 0.4002
vn -0.816 -0.06 -0.5749
vn -0.8103 0.0996 -0.5775
vn -0.809 0 0.5878
vn -0.809 0 -0.5878
vn -0.8021 -0.4309 -0.4134
vn -0.7984 0.2132 0.5632
vn -0.7973 -0.03 0.6029
vn -0.7943 0.1953 0.5753
vn -0.7908 0.5041 0.3472
vn -0.7773 -0.1513 -0.6106
vn -0.7661 -0.3107 0.5627
vn -0.7647 -0.0025 -0.6444
vn -0.7611 -0.3005 0.5748
vn -0.7585 0.647 -0.0778
vn -0.7585 -0.647 0.0779
vn -0.7585 0.647 -0.0779
vn -0.7475 0.1867 -0.6374
vn -0.7437 0.2851 -0.6046
vn -0.7314 0.1773 -0.6585
vn -0.7202 0.6233 -0.3048
vn -0.7071 0 0.7071
vn -0.7071 -0.7071 0
vn -0.7071 0 -0.7071
vn -0.7044 0.4768 0.5258
vn -0.7 -0.7141 0
vn -0.7 0.7142 0
vn -0.6999 -0.7142 0
vn -0.6999 0.7142 0
vn -0.6981 0.0683 0.7127
vn -0.6861 0.473 0.5528
vn -0.6677 -0.4787 -0.5702
vn -0.6657 -0.7141 0.2163
vn -0.6657 0.7141 0.2163
vn -0.6657 -0.7141 -0.2163
vn -0.6657 -0.7142 0.2163
vn -0.6657 0.7142 0.2163
vn -0.6657 -0.7142 -0.2163
vn -0.6657 0.7142 -0.2163
vn -0.6642 -0.0058 0.7475
vn -0.6513 0.7588 0
vn -0.6513 -0.7567 0.0565
vn -0.6513 0.7567 -0.0566
vn -0.6497 -0.3245 -0.6875
vn -0.6432 -0.5774 -0.5029
vn -0.6319 0.1963 0.7498
vn -0.6225 -0.7826 0.0001
vn -0.6194 0.7588 0.2013
vn -0.6194 0.7588 -0.2013
vn -0.6175 -0.2001 -0.7607
vn -0.6153 -0.4607 0.6397
vn -0.6135 -0.1809 0.7687
vn -0.6085 -0.2767 0.7437
vn -0.6053 -0.7602 0.2359
vn -0.5974 0.3618 0.7157
vn -0.5955 0.1251 0.7936
vn -0.5947 -0.7801 -0.1942
vn -0.5883 -0.0958 -0.8029
vn -0.5878 0 0.809
vn -0.5878 0 -0.809
vn -0.587 0.2036 0.7836
vn -0.5845 0.1197 0.8025
vn -0.5794 -0.7671 -0.2754
vn -0.5794 -0.7672 0.2752
vn -0.5774 -0.5774 0.5774
vn -0.57 -0.0724 -0.8185
vn -0.5688 0.6001 0.5625
vn -0.568 -0.1749 0.8042
vn -0.5663 -0.7142 0.4114
vn -0.5663 0.7142 0.4114
vn -0.5663 -0.7142 -0.4114
vn -0.5663 0.7142 -0.4114
vn -0.5662 0.7142 0.4114
vn -0.5662 0.7142 -0.4114
vn -0.5621 -0.1169 -0.8187
vn -0.5536 -0.2591 0.7915
vn -0.5471 -0.2647 0.7941
vn -0.5346 0.2299 -0.8133
vn -0.5315 0.1497 0.8337
vn -0.5288 0.2352 -0.8155
vn -0.5269 0.7588 0.3828
vn -0.5269 0.7588 -0.3828
vn -0.5268 0.759 0.3827
vn -0.5249 0.8485 -0.0679
vn -0.5249 -0.8485 0.0681
vn -0.5248 -0.8485 0.0682
vn -0.5247 0.8486 -0.0681
vn -0.5246 -0.8486 0.0681
vn -0.5245 -0.8487 0.068
vn -0.5244 0.8488 -0.0681
vn -0.5241 0.8489 -0.0682
vn -0.5218 0.6854 -0.508
vn -0.5201 0.8492 -0.0913
vn -0.5201 0.8492 -0.0915
vn -0.5201 -0.8492 0.0916
vn -0.5096 0.2377 -0.8269
vn -0.4858 -0.6972 -0.5272
vn -0.4835 -0.713 0.5078
vn -0.4825 -0.4555 -0.7481
vn -0.479 0.1875 -0.8576
vn -0.4761 -0.3673 0.799
vn -0.4754 -0.7587 -0.4453
vn -0.4642 -0.3584 0.81
vn -0.4585 0.3018 -0.8359
vn -0.4533 -0.1655 0.8759
vn -0.4496 -0.3855 0.8058
vn -0.4452 0.4256 0.7879
vn -0.443 -0.2091 -0.8718
vn -0.4386 0.5006 0.7464
vn -0.4325 0.8581 -0.2767
vn -0.4313 -0.4513 -0.7812
vn -0.4297 -0.4937 -0.7561
vn -0.4222 -0.541 0.7274
vn -0.4115 -0.4096 0.8142
vn -0.4114 -0.7142 0.5662
vn -0.4114 0.7142 0.5662
vn -0.4114 -0.7142 -0.5662
vn -0.4114 -0.7142 0.5663
vn -0.4114 0.7142 0.5663
vn -0.4114 -0.7142 -0.5663
vn -0.4114 0.7142 -0.5663
vn -0.4099 -0.4693 -0.7821
vn -0.4084 -0.6402 0.6506
vn -0.4075 -0.016 0.9131
vn -0.4025 -0.0632 0.9132
vn -0.3932 0.5526 -0.7349
vn -0.3874 0.1194 -0.9142
vn -0.3859 -0.9192 0.0778
vn -0.3855 -0.9194 0.0779
vn -0.3852 -0.9195 0.0779
vn -0.3851 -0.9196 0.0779
vn -0.385 0.9196 -0.0776
vn -0.385 -0.9196 0.0778
vn -0.385 0.9196 -0.0778
vn -0.385 -0.9196 0.0779
vn -0.385 0.3242 0.8641
vn -0.3849 -0.9197 0.0779
vn -0.3849 -0.9197 0.0777
vn -0.3828 0.7588 0.5269
vn -0.3828 0.7588 -0.5269
vn -0.3794 -0.6299 -0.6777
vn -0.3786 0.4839 0.789
vn -0.3746 -0.3163 -0.8716
vn -0.3726 0.4407 -0.8167
vn -0.3592 0.1514 0.9209
vn -0.3522 -0.0891 0.9317
vn -0.3478 0.1297 0.9286
vn -0.3466 0.0593 -0.9361
vn -0.3466 0.1773 0.9211
vn -0.3422 0.0529 -0.9381
vn -0.3417 -0.6409 -0.6874
vn -0.3354 -0.0277 -0.9417
vn -0.3333 -0.5515 -0.7647
vn -0.3314 -0.1358 -0.9337
vn -0.3305 0.0215 0.9436
vn -0.3252 0.6326 0.7029
vn -0.3246 0.0252 0.9455
vn -0.3239 -0.1439 -0.9351
vn -0.309 0 0.9511
vn -0.309 0 -0.9511
vn -0.3082 -0.4757 0.8239
vn -0.3077 -0.0948 0.9467
vn -0.2919 0.9301 0.2228
vn -0.2898 0.5986 0.7468
vn -0.2894 0.9572 -0.0063
vn -0.2838 0.9588 -0.0105
vn -0.2834 -0.3068 0.9086
vn -0.2828 0.1239 -0.9511
vn -0.2776 0.8807 -0.3837
vn -0.2771 0.8772 0.3922
vn -0.2756 0.3033 -0.9122
vn -0.2749 0.8448 0.459
vn -0.2727 0.939 -0.2094
vn -0.2601 -0.9656 0
vn -0.26 0.9656 -0.0001
vn -0.248 0.699 0.6708
vn -0.2446 -0.0989 -0.9646
vn -0.2441 -0.0642 -0.9676
vn -0.2338 0.7033 -0.6713
vn -0.2308 -0.9683 0.096
vn -0.2308 -0.9682 0.0962
vn -0.2308 0.9682 -0.0963
vn -0.2284 0.6871 0.6898
vn -0.2257 -0.1574 -0.9614
vn -0.217 0.3022 -0.9282
vn -0.2163 -0.7142 0.6657
vn -0.2163 0.7142 0.6657
vn -0.2163 -0.7142 -0.6657
vn -0.2163 0.7142 -0.6657
vn -0.2013 0.7588 0.6194
vn -0.2013 0.7588 -0.6194
vn -0.1913 -0.3654 0.911
vn -0.1905 0.368 -0.9101
vn -0.1877 0.4407 0.8778
vn -0.1875 -0.295 0.9369
vn -0.1829 0.2545 -0.9496
vn -0.1755 -0.3771 -0.9094
vn -0.171 -0.9806 0.0961
vn -0.165 0.4798 0.8617
vn -0.1648 -0.4669 -0.8688
vn -0.1634 0.4246 0.8905
vn -0.1551 -0.4945 0.8552
vn -0.1551 -0.5671 -0.8089
vn -0.1551 -0.2954 -0.9427
vn -0.152 0.479 -0.8646
vn -0.151 0.5683 0.8089
vn -0.1495 0.4259 -0.8923
vn -0.1484 0.4209 0.8949
vn -0.1349 -0.0743 0.9881
vn -0.1339 -0.2812 0.9503
vn -0.1329 -0.369 0.9199
vn -0.1257 0.1359 0.9827
vn -0.1217 -0.4001 0.9084
vn -0.1144 -0.1841 0.9762
vn -0.1142 0.4194 0.9006
vn -0.112 0.4197 -0.9007
vn -0.1105 0.3739 -0.9209
vn -0.1087 -0.6219 -0.7755
vn -0.1084 -0.4061 -0.9074
vn -0.1078 0.193 -0.9753
vn -0.1019 0.3341 0.937
vn -0.0834 0.6186 0.7813
vn -0.082 0.3406 0.9366
vn -0.0811 -0.9925 0.0916
vn -0.0811 0.9925 -0.0916
vn -0.0811 -0.9925 0.0917
vn -0.0811 0.9925 -0.0917
vn -0.0656 -0.3279 -0.9424
vn -0.0655 0.2432 0.9678
vn -0.0655 -0.2432 -0.9678
vn -0.0541 0.1488 -0.9874
vn -0.048 0.0403 0.998
vn -0.041 -0.0488 -0.998
vn -0.0249 -0.3584 -0.9332
vn -0.0229 0.0937 0.9953
vn -0.0229 -0.0937 -0.9953
vn -0.0228 0.0937 0.9953
vn -0.0228 0.0929 0.9954
vn -0.0227 -0.0928 -0.9954
vn -0.0227 -0.0939 -0.9953
vn -0.0226 0.0937 0.9953
vn -0.0226 -0.0937 -0.9953
vn -0.0226 -0.0931 -0.9954
vn -0.0225 0.0937 0.9953
vn -0.0225 -0.0938 -0.9953
vn -0.0224 0.0937 0.9953
vn -0.0224 -0.0937 -0.9953
vn -0.0224 0.0938 0.9953
vn -0.0224 -0.0938 -0.9953
vn -0.0224 -0.0934 -0.9954
vn -0.0224 0.0936 0.9954
vn -0.0224 -0.0936 -0.9954
vn -0.0223 0.0937 0.9954
vn -0.0223 -0.0937 -0.9954
vn -0.0223 0.0938 0.9953
vn -0.0223 0.0936 0.9954
vn -0.0223 -0.0937 -0.9954
vn -0.0222 0.0937 0.9954
vn -0.0222 -0.0938 -0.9953
vn -0.0222 0.0937 0.9954
vn -0.0221 -0.0938 -0.9953
vn -0.0221 -0.0935 -0.9954
vn -0.022 0.0941 0.9953
vn -0.022 -0.0941 -0.9953
vn -0.022 0.0937 0.9954
vn -0.0219 -0.0939 -0.9953
vn -0.0219 -0.0933 -0.9954
vn -0.0218 0.0934 0.9954
vn -0.0089 0.0313 0.9995
vn -0.0046 0.0255 -0.9997
vn 0 0 1.0
vn 0 -0.309 0.9511
vn 0 0.309 0.9511
vn 0 -0.5878 0.809
vn 0 0.5878 0.809
vn 0 -0.7071 0.7071
vn 0 0.7071 0.7071
vn 0 -0.7141 0.7
vn 0 0.7142 0.7
vn 0 -0.7142 0.6999
vn 0 0.7588 0.6513
vn 0 -0.809 0.5878
vn 0 0.809 0.5878
vn 0 0.8122 0.5834
vn 0 0.8123 0.5833
vn 0 0.8124 0.5831
vn 0 0.8126 0.5829
vn 0 -0.9511 0.309
vn 0 0.9511 0.309
vn 0 -1.0 0
vn 0 1.0 0
vn 0 -0.9511 -0.309
vn 0 0.9511 -0.309
vn 0 0.8897 -0.4565
vn 0 -0.809 -0.5878
vn 0 0.809 -0.5878
vn 0 0.7588 -0.6513
vn 0 -0.7142 -0.6999
vn 0 0.7142 -0.6999
vn 0 -0.7142 -0.7
vn 0 0.7142 -0.7
vn 0 -0.7071 -0.7071
vn 0 -0.5878 -0.809
vn 0 0.5878 -0.809
vn 0 -0.309 -0.9511
vn 0 0.309 -0.9511
vn 0 0 -1.0
vn 0.0046 0.0255 -0.9997
vn 0.0089 0.0313 0.9995
vn 0.0218 0.0934 0.9954
vn 0.0219 -0.0933 -0.9954
vn 0.0219 -0.0939 -0.9953
vn 0.022 0.0937 0.9954
vn 0.022 0.0941 0.9953
vn 0.0221 -0.0935 -0.9954
vn 0.0222 0.0937 0.9954
vn 0.0222 0.0938 0.9953
vn 0.0222 -0.0938 -0.9953
vn 0.0222 0.0937 0.9954
vn 0.0223 -0.0937 -0.9954
vn 0.0223 0.0936 0.9954
vn 0.0223 -0.0936 -0.9954
vn 0.0223 -0.094 -0.9953
vn 0.0223 0.0938 0.9953
vn 0.0223 -0.0938 -0.9953
vn 0.0223 0.0937 0.9954
vn 0.0223 -0.0937 -0.9954
vn 0.0224 0.0937 0.9953
vn 0.0224 -0.0937 -0.9953
vn 0.0224 0.0936 0.9954
vn 0.0224 -0.0936 -0.9954
vn 0.0224 -0.0934 -0.9954
vn 0.0224 0.0938 0.9953
vn 0.0224 -0.0938 -0.9953
vn 0.0224 0.0937 0.9953
vn 0.0224 -0.0937 -0.9953
vn 0.0225 0.0937 0.9953
vn 0.0226 -0.0931 -0.9954
vn 0.0226 0.0937 0.9953
vn 0.0227 -0.0939 -0.9953
vn 0.0227 -0.0928 -0.9954
vn 0.0228 0.0929 0.9954
vn 0.0228 0.0937 0.9953
vn 0.0228 -0.0937 -0.9953
vn 0.0229 0.0937 0.9953
vn 0.041 -0.0488 -0.998
vn 0.048 0.0403 0.998
vn 0.0541 0.1488 -0.9874
vn 0.0655 0.2432 0.9678
vn 0.0655 -0.2432 -0.9678
vn 0.0754 0.3141 0.9464
vn 0.0811 -0.9925 0.0917
vn 0.0811 0.9925 -0.0916
vn 0.082 -0.3406 -0.9366
vn 0.0834 0.6186 0.7813
vn 0.1019 -0.3341 -0.937
vn 0.1078 0.193 -0.9753
vn 0.1084 -0.4061 -0.9074
vn 0.1087 -0.6219 -0.7755
vn 0.1105 0.3739 -0.9209
vn 0.112 0.4197 -0.9007
vn 0.1142 0.4194 0.9006
vn 0.1144 -0.1841 0.9762
vn 0.1217 -0.4001 0.9084
vn 0.1257 0.1359 0.9827
vn 0.1329 -0.369 0.9199
vn 0.1339 -0.2812 0.9503
vn 0.1349 -0.0743 0.9881
vn 0.1484 0.4209 0.8949
vn 0.1495 0.4259 -0.8923
vn 0.151 0.5683 0.8089
vn 0.152 0.479 -0.8646
vn 0.1551 -0.2954 -0.9427
vn 0.1551 -0.5671 -0.8089
vn 0.1551 -0.4945 0.8552
vn 0.1634 0.4246 0.8905
vn 0.1648 -0.4669 -0.8688
vn 0.165 0.4798 0.8617
vn 0.1754 -0.3771 -0.9094
vn 0.1829 0.2545 -0.9496
vn 0.1875 -0.295 0.9369
vn 0.1905 0.368 -0.9101
vn 0.1913 -0.3654 0.911
vn 0.2013 0.7588 0.6194
vn 0.2013 0.7588 -0.6194
vn 0.2163 -0.7142 0.6657
vn 0.2163 0.7142 0.6657
vn 0.2163 -0.7142 -0.6657
vn 0.2163 0.7142 -0.6657
vn 0.2163 -0.7141 0.6657
vn 0.2163 -0.7141 -0.6657
vn 0.217 0.3022 -0.9282
vn 0.2257 -0.1574 -0.9614
vn 0.2284 0.6871 0.6898
vn 0.2308 0.9682 -0.0963
vn 0.2308 -0.9682 0.0962
vn 0.2308 -0.9683 0.096
vn 0.2338 0.7033 -0.6713
vn 0.2441 -0.0642 -0.9676
vn 0.2446 -0.0989 -0.9646
vn 0.248 0.699 0.6708
vn 0.26 -0.9656 0
vn 0.26 -0.9656 -0.0001
vn 0.2727 0.939 -0.2094
vn 0.2749 0.8448 0.459
vn 0.2756 0.3033 -0.9122
vn 0.2771 0.8772 0.3922
vn 0.2776 0.8807 -0.3837
vn 0.2828 0.1239 -0.9511
vn 0.2834 -0.3068 0.9086
vn 0.2838 0.9588 -0.0105
vn 0.2894 0.9572 -0.0063
vn 0.2898 0.5986 0.7468
vn 0.2919 0.9301 0.2228
vn 0.3077 -0.0948 0.9467
vn 0.3082 -0.4757 0.8239
vn 0.309 0 0.9511
vn 0.309 0 -0.9511
vn 0.3239 -0.1439 -0.9351
vn 0.3246 0.0252 0.9455
vn 0.3252 0.6326 0.7029
vn 0.3305 0.0215 0.9436
vn 0.3314 -0.1358 -0.9337
vn 0.3333 -0.5515 -0.7647
vn 0.3354 -0.0277 -0.9417
vn 0.3417 -0.6409 -0.6874
vn 0.3422 0.0529 -0.9381
vn 0.3466 0.1773 0.9211
vn 0.3466 0.0593 -0.9361
vn 0.3478 0.1297 0.9286
vn 0.3522 -0.0891 0.9317
vn 0.3592 0.1514 0.9209
vn 0.3726 0.4407 -0.8167
vn 0.3746 -0.3163 -0.8716
vn 0.3786 0.4839 0.789
vn 0.3794 -0.6299 -0.6777
vn 0.3828 0.7588 0.5269
vn 0.3828 0.7588 -0.5269
vn 0.3849 -0.9197 0.0777
vn 0.385 0.3242 0.8641
vn 0.385 -0.9196 0.078
vn 0.385 0.9196 -0.0779
vn 0.385 -0.9196 0.0778
vn 0.385 0.9196 -0.0778
vn 0.385 0.9196 -0.0776
vn 0.3852 -0.9195 0.0779
vn 0.3855 -0.9194 0.0779
vn 0.3858 -0.9193 0.0779
vn 0.3874 0.1194 -0.9142
vn 0.3932 0.5526 -0.7349
vn 0.397 0.2479 0.8837
vn 0.4025 -0.0632 0.9132
vn 0.4075 -0.016 0.9131
vn 0.4084 -0.6402 0.6506
vn 0.4099 -0.4693 -0.7821
vn 0.4114 -0.7142 0.5663
vn 0.4114 0.7142 0.5663
vn 0.4114 -0.7142 -0.5663
vn 0.4114 0.7142 -0.5663
vn 0.4114 0.7142 0.5662
vn 0.4115 -0.4096 0.8142
vn 0.4222 -0.541 0.7274
vn 0.4297 -0.4937 -0.7561
vn 0.4313 0.4513 0.7812
vn 0.4313 -0.4513 -0.7812
vn 0.4325 0.8581 -0.2767
vn 0.4386 0.5006 0.7464
vn 0.4496 -0.3855 0.8058
vn 0.4533 -0.1655 0.8759
vn 0.4585 0.3018 -0.8359
vn 0.4642 -0.3584 0.81
vn 0.4754 -0.7588 -0.4453
vn 0.4761 -0.3673 0.799
vn 0.479 0.1875 -0.8576
vn 0.4825 0.4555 0.7482
vn 0.4825 -0.4555 -0.7482
vn 0.4835 -0.713 0.5078
vn 0.4858 -0.6972 -0.5272
vn 0.5096 0.2377 -0.8269
vn 0.5144 0.8548 -0.069
vn 0.5201 -0.8492 0.0916
vn 0.5201 0.8492 -0.0915
vn 0.5201 0.8492 -0.0913
vn 0.5218 0.6854 -0.508
vn 0.524 0.849 -0.0682
vn 0.5242 -0.8489 0.0678
vn 0.5243 0.8488 -0.0681
vn 0.5245 -0.8487 0.0681
vn 0.5245 0.8487 -0.0681
vn 0.5246 -0.8486 0.0681
vn 0.5247 0.8486 -0.0681
vn 0.5248 -0.8485 0.0682
vn 0.5268 0.759 -0.3827
vn 0.5269 0.7588 0.3828
vn 0.5269 0.7588 -0.3828
vn 0.5288 0.2352 -0.8155
vn 0.5315 -0.1497 -0.8337
vn 0.5346 0.2299 -0.8133
vn 0.5423 0.1295 0.8302
vn 0.5471 -0.2647 0.7941
vn 0.5536 -0.2591 0.7915
vn 0.5662 0.7142 -0.4114
vn 0.5663 -0.7142 0.4114
vn 0.5663 0.7142 0.4114
vn 0.5663 -0.7142 -0.4114
vn 0.5663 0.7142 -0.4114
vn 0.5663 -0.7141 0.4115
vn 0.568 -0.1749 0.8042
vn 0.5688 0.6001 0.5625
vn 0.57 -0.0724 -0.8185
vn 0.5774 -0.5774 0.5774
vn 0.5774 -0.5774 -0.5774
vn 0.5794 -0.7671 -0.2754
vn 0.5794 -0.7672 0.2751
vn 0.5845 -0.1197 -0.8025
vn 0.587 0.2036 0.7836
vn 0.5878 0 0.809
vn 0.5878 0 -0.809
vn 0.5947 -0.7801 -0.1942
vn 0.5955 0.1251 0.7936
vn 0.5974 0.3618 0.7157
vn 0.6053 -0.7602 0.2359
vn 0.6085 -0.2767 0.7437
vn 0.6135 -0.1809 0.7687
vn 0.6153 -0.4607 0.6397
vn 0.6174 0.359 0.7
vn 0.6175 -0.2001 -0.7607
vn 0.6194 0.7588 0.2013
vn 0.6194 0.7588 -0.2013
vn 0.6225 -0.7826 0.0001
vn 0.6319 0.1963 0.7498
vn 0.6432 -0.5774 -0.5029
vn 0.6497 -0.3245 -0.6875
vn 0.6513 -0.7567 0.0566
vn 0.6513 0.7567 -0.0566
vn 0.6513 -0.7567 0.0565
vn 0.6513 0.7567 -0.0565
vn 0.6513 0.7588 0
vn 0.6513 0.7567 -0.0564
vn 0.6642 -0.0058 0.7475
vn 0.6657 -0.7142 0.2163
vn 0.6657 0.7142 0.2163
vn 0.6657 -0.7142 -0.2163
vn 0.6657 0.7142 -0.2163
vn 0.6657 -0.7141 -0.2163
vn 0.6657 0.7141 -0.2163
vn 0.6677 -0.4787 -0.5702
vn 0.6861 0.473 0.5528
vn 0.6981 0.0683 0.7127
vn 0.6999 0.7142 0
vn 0.7 -0.7142 0
vn 0.7071 0 0.7071
vn 0.7071 -0.7071 0
vn 0.7071 0 -0.7071
vn 0.7202 0.6233 -0.3048
vn 0.7237 0.0676 0.6868
vn 0.7314 0.1773 -0.6585
vn 0.7437 0.2851 -0.6046
vn 0.7475 0.1867 -0.6374
vn 0.7585 0.647 -0.0781
vn 0.7585 -0.647 0.0779
vn 0.7585 0.647 -0.0779
vn 0.7611 -0.3005 0.5748
vn 0.7661 -0.3107 0.5627
vn 0.7773 -0.1513 -0.6106
vn 0.7908 0.5041 0.3472
vn 0.7943 0.1953 0.5753
vn 0.7973 -0.03 0.6029
vn 0.7973 0.03 -0.6029
vn 0.7984 0.2132 0.5632
vn 0.8021 0.4309 0.4134
vn 0.8021 -0.4309 -0.4134
vn 0.8063 -0.0206 0.5911
vn 0.809 0 0.5878
vn 0.809 0 -0.5878
vn 0.816 -0.06 -0.5749
vn 0.8177 0.1592 0.5532
vn 0.8197 0.2329 0.5233
vn 0.8303 0.0603 -0.554
vn 0.8308 0.0394 0.5552
vn 0.8314 -0.4131 0.3715
vn 0.8355 0.4813 -0.265
vn 0.847 0.4144 0.333
vn 0.847 -0.4144 -0.333
vn 0.8505 -0.1286 -0.51
vn 0.8535 -0.4131 -0.3176
vn 0.8538 0.5198 -0.0297
vn 0.8538 -0.5197 0.0298
vn 0.8538 0.5197 -0.0298
vn 0.8596 -0.448 -0.2458
vn 0.8646 -0.0029 0.5024
vn 0.8703 -0.1427 0.4715
vn 0.8747 0.3897 0.2882
vn 0.8806 0.3758 0.2887
vn 0.8811 0.4724 0.0232
vn 0.8821 0.1081 -0.4586
vn 0.8889 0.3145 -0.3331
vn 0.8946 0.2106 -0.3942
vn 0.9037 0.3049 0.3005
vn 0.9045 0.3015 0.3015
vn 0.9079 -0.3164 0.2749
vn 0.9112 0.4106 -0.0343
vn 0.9122 -0.2243 -0.343
vn 0.9198 0.2767 0.2781
vn 0.9225 -0.3818 0.0567
vn 0.9226 -0.3816 0.0568
vn 0.9226 -0.3816 0.0566
vn 0.9226 0.3815 -0.0566
vn 0.9226 -0.3815 0.0565
vn 0.9227 -0.3814 0.0567
vn 0.9227 -0.3814 0.0565
vn 0.9228 -0.3812 0.0566
vn 0.9228 -0.3812 0.0564
vn 0.9235 -0.1749 0.3415
vn 0.9235 0.175 -0.3414
vn 0.9338 -0.1995 0.2971
vn 0.935 -0.0153 0.3543
vn 0.9392 -0.2065 0.2745
vn 0.9392 0.2065 -0.2745
vn 0.9409 0.3331 0.0619
vn 0.9422 0.0976 -0.3204
vn 0.9435 0.3296 0.0351
vn 0.9435 -0.3296 -0.0351
vn 0.9481 -0.1332 0.2887
vn 0.9484 0.3152 -0.0338
vn 0.9511 0 0.309
vn 0.9511 0 -0.309
vn 0.9518 -0.3046 0.0358
vn 0.9518 0.3046 -0.0358
vn 0.9557 -0.2937 -0.0182
vn 0.9573 0.2255 -0.181
vn 0.9581 -0.2838 -0.0381
vn 0.9632 0.1052 -0.2472
vn 0.9651 0.1363 0.2237
vn 0.9663 0.2567 -0.0187
vn 0.9671 -0.2465 0.0626
vn 0.9679 0.2513 0.0005
vn 0.9714 0.2333 -0.0437
vn 0.9715 -0.233 0.0438
vn 0.9715 0.2329 -0.0437
vn 0.9715 0.2329 -0.0435
vn 0.9715 -0.2328 0.0437
vn 0.9716 0.2327 -0.0438
vn 0.9716 0.2327 -0.0436
vn 0.9716 -0.2326 0.0438
vn 0.9717 0.0202 -0.2353
vn 0.9727 -0.2319 0
vn 0.9727 0.2319 0
vn 0.9727 0.2319 -0.0002
vn 0.9732 0.2297 -0.0078
vn 0.9736 0.2282 -0.0006
vn 0.9741 0.2257 0.0107
vn 0.9743 -0.2154 0.0666
vn 0.9746 0.224 -0.0025
vn 0.9747 0.2234 0.0061
vn 0.9753 0.221 -0.0019
vn 0.9764 0.2155 -0.0168
vn 0.9764 0.216 -0.0061
vn 0.9765 0.2152 0.0084
vn 0.9769 0.2136 0.0056
vn 0.9782 0.2073 0.0109
vn 0.9783 0.2062 -0.0179
vn 0.9787 0.2051 0.0109
vn 0.9789 0.2039 0.0118
vn 0.9796 0.1994 -0.0246
vn 0.9798 0.1984 -0.0251
vn 0.982 -0.0089 0.1887
vn 0.9827 0.1853 0
vn 0.9944 0.0893 -0.0569
vn 0.9957 0.093 0
vn 0.9961 -0.0863 0.0176
vn 0.9965 -0.0787 0.0298
vn 0.9965 0.0787 -0.0298
vn 0.9965 -0.0786 0.0299
vn 0.9965 0.0786 -0.0299
vn 1.0 0 0
# 774 vertex normals

s off

usemtl legoPhong

f 84//673 75//725 30//725
f 76//516 90//405 89//405
f 20//258 89//405 90//405
f 22//103 95//49 80//49
f 95//49 21//1 9//1
f 9//1 80//49 95//49
f 21//1 94//48 93//48
f 93//48 9//1 21//1
f 77//102 93//48 94//48
f 3//724 88//774 87//774
f 88//774 30//725 75//725
f 75//725 87//774 88//774
f 127//388 14//388 119//388
f 44//388 127//388 119//388
f 121//388 44//388 119//388
f 13//388 121//388 119//388
f 126//388 13//388 119//388
f 60//388 126//388 119//388
f 122//388 60//388 119//388
f 6//388 122//388 119//388
f 99//388 6//388 119//388
f 125//388 99//388 119//388
f 32//388 125//388 119//388
f 124//388 32//388 119//388
f 39//388 124//388 119//388
f 100//388 39//388 119//388
f 117//388 100//388 119//388
f 15//388 117//388 119//388
f 129//388 15//388 119//388
f 49//388 129//388 119//388
f 168//389 112//389 178//389
f 112//389 177//389 178//389
f 177//389 171//389 178//389
f 171//389 165//389 178//389
f 165//389 175//389 178//389
f 175//389 172//389 178//389
f 172//389 179//389 178//389
f 179//389 170//389 178//389
f 170//389 180//389 178//389
f 180//389 166//389 178//389
f 166//389 169//389 178//389
f 169//389 176//389 178//389
f 176//389 164//389 178//389
f 164//389 173//389 178//389
f 173//389 167//389 178//389
f 167//389 174//389 178//389
f 174//389 104//389 178//389
f 104//389 105//389 178//389
f 84//603 30//641 232//641
f 5//556 212//486 76//486
f 90//396 76//486 212//486
f 212//486 201//396 90//396
f 20//286 90//396 201//396
f 20//286 188//218 86//215
f 22//169 86//215 188//218
f 22//169 229//136 95//136
f 21//126 95//136 229//136
f 229//136 200//126 21//126
f 94//134 21//126 200//126
f 200//126 230//134 94//134
f 77//167 94//134 230//134
f 230//134 203//167 77//167
f 1//213 77//167 203//167
f 203//167 187//216 1//213
f 91//284 1//213 187//216
f 187//216 224//284 91//284
f 12//378 91//284 224//284
f 224//284 198//378 12//378
f 97//484 12//378 198//378
f 83//601 227//639 3//639
f 88//649 3//639 227//639
f 227//639 231//649 88//649
f 30//641 88//649 231//649
f 231//649 232//641 30//641
f 82//557 31//487 208//487
f 31//487 89//397 240//397
f 240//397 208//487 31//487
f 89//397 4//287 199//287
f 199//287 240//397 89//397
f 85//219 199//287 4//287
f 85//219 33//172 239//170
f 33//172 80//137 238//137
f 238//137 239//170 33//172
f 80//137 9//127 235//127
f 235//127 238//137 80//137
f 9//127 93//135 234//135
f 234//135 235//127 9//127
f 93//135 78//171 233//168
f 233//168 234//135 93//135
f 11//217 233//168 78//171
f 7//555 81//602 241//602
f 16//640 241//602 81//602
f 162//627 27//593 192//591
f 192//591 195//627 162//627
f 27//593 111//536 168//536
f 168//536 192//591 27//593
f 111//536 161//483 112//483
f 112//483 168//536 111//536
f 161//483 29//395 177//395
f 177//395 112//483 161//483
f 29//395 113//289 171//289
f 171//289 177//395 29//395
f 113//289 63//238 165//238
f 165//238 171//289 113//289
f 63//238 156//180 175//180
f 175//180 165//238 63//238
f 156//180 28//147 172//147
f 172//147 175//180 156//180
f 28//147 152//139 179//139
f 179//139 172//147 28//147
f 152//139 114//146 196//146
f 196//146 179//139 152//139
f 114//146 2//179 197//179
f 197//179 196//146 114//146
f 2//179 159//237 166//237
f 166//237 197//179 2//179
f 159//237 67//288 169//288
f 169//288 166//237 159//237
f 67//288 153//379 176//379
f 176//379 169//288 67//288
f 153//379 19//482 164//482
f 164//482 176//379 153//379
f 19//482 150//535 173//535
f 173//535 164//482 19//482
f 150//535 103//592 167//592
f 167//592 173//535 150//535
f 103//592 8//626 174//626
f 174//626 167//592 103//592
f 8//626 163//636 104//636
f 104//636 174//626 8//626
f 163//636 162//627 195//627
f 195//627 104//636 163//636
f 159//157 2//102 41//102
f 114//48 41//102 2//102
f 24//257 154//369 153//369
f 153//369 67//257 24//257
f 130//157 24//257 67//257
f 67//257 159//157 130//157
f 41//102 130//157 159//157
f 41//102 114//48 115//48
f 151//1 115//48 114//48
f 114//48 152//1 151//1
f 116//49 151//1 152//1
f 152//1 28//49 116//49
f 36//103 116//49 28//49
f 28//49 156//103 36//103
f 157//158 36//103 156//103
f 156//103 63//158 157//158
f 25//258 157//158 63//158
f 63//158 113//258 25//258
f 155//405 25//258 113//258
f 113//258 29//405 155//405
f 53//516 155//405 29//405
f 29//405 161//516 53//516
f 102//616 53//516 161//516
f 161//516 111//616 102//616
f 149//673 102//616 111//616
f 111//616 27//673 149//673
f 38//725 149//673 27//673
f 27//673 162//725 38//725
f 160//774 38//725 162//725
f 162//725 163//774 160//774
f 26//724 160//774 163//774
f 163//774 8//724 26//724
f 158//672 26//724 8//724
f 8//724 103//672 158//672
f 18//615 158//672 103//672
f 103//672 150//615 18//615
f 106//515 18//615 150//615
f 150//615 19//515 106//515
f 154//369 106//515 19//515
f 19//515 153//369 154//369
f 166//237 180//181 197//179
f 196//146 197//179 180//181
f 180//181 170//146 196//146
f 179//139 196//146 170//146
f 168//536 178//591 192//591
f 195//627 192//591 178//591
f 178//591 105//627 195//627
f 104//636 195//627 105//627
f 18//388 26//388 158//388
f 135//389 17//389 106//389
f 106//389 154//389 135//389
f 64//389 135//389 154//389
f 154//389 24//389 64//389
f 139//389 64//389 24//389
f 24//389 130//389 139//389
f 23//389 139//389 130//389
f 130//389 41//389 23//389
f 132//389 23//389 41//389
f 41//389 115//389 132//389
f 71//389 132//389 115//389
f 115//389 151//389 71//389
f 144//389 71//389 151//389
f 151//389 116//389 144//389
f 51//389 144//389 116//389
f 116//389 36//389 51//389
f 148//389 51//389 36//389
f 36//389 157//389 148//389
f 72//389 148//389 157//389
f 157//389 25//389 72//389
f 147//389 72//389 25//389
f 25//389 155//389 147//389
f 35//389 147//389 155//389
f 155//389 53//389 35//389
f 136//389 35//389 53//389
f 53//389 102//389 136//389
f 61//389 136//389 102//389
f 102//389 149//389 61//389
f 108//389 61//389 149//389
f 149//389 38//389 108//389
f 142//389 108//389 38//389
f 38//389 160//389 142//389
f 50//389 142//389 160//389
f 160//389 26//389 50//389
f 143//389 50//389 26//389
f 26//389 18//389 143//389
f 110//389 143//389 18//389
f 17//389 110//389 18//389
f 18//389 106//389 17//389
f 17//377 135//285 223//285
f 213//217 223//285 135//285
f 135//285 64//214 213//217
f 219//168 213//217 64//214
f 64//214 139//171 219//168
f 218//135 219//168 139//171
f 139//171 23//132 218//135
f 221//125 218//135 23//132
f 23//132 132//125 221//125
f 220//137 221//125 132//125
f 132//125 71//137 220//137
f 216//170 220//137 71//137
f 71//137 144//172 216//170
f 215//219 216//170 144//172
f 144//172 51//219 215//219
f 214//287 215//219 51//219
f 51//219 148//287 214//287
f 72//399 214//287 148//287
f 72//399 147//487 226//487
f 225//557 226//487 147//487
f 147//487 35//557 225//557
f 210//600 225//557 35//557
f 35//557 136//600 210//600
f 209//642 210//600 136//600
f 136//600 61//644 209//642
f 217//648 209//642 61//644
f 61//644 108//648 217//648
f 237//640 217//648 108//648
f 108//648 142//640 237//640
f 236//602 237//640 142//640
f 142//640 50//602 236//602
f 211//558 236//602 50//602
f 50//602 143//558 211//558
f 222//485 211//558 143//558
f 143//558 110//485 222//485
f 17//377 222//485 110//485
f 92//285 43//377 17//377
f 17//377 223//285 92//285
f 11//217 92//285 223//285
f 223//285 213//217 11//217
f 233//168 11//217 213//217
f 213//217 219//168 233//168
f 234//135 233//168 219//168
f 219//168 218//135 234//135
f 235//127 234//135 218//135
f 218//135 221//125 235//127
f 238//137 235//127 221//125
f 221//125 220//137 238//137
f 239//170 238//137 220//137
f 220//137 216//170 239//170
f 85//219 239//170 216//170
f 216//170 215//219 85//219
f 199//287 85//219 215//219
f 215//219 214//287 199//287
f 240//397 199//287 214//287
f 214//287 72//399 240//397
f 208//487 240//397 72//399
f 72//399 226//487 208//487
f 82//557 208//487 226//487
f 226//487 225//557 82//557
f 10//604 82//557 225//557
f 225//557 210//600 10//604
f 75//642 10//604 210//600
f 210//600 209//642 75//642
f 87//648 75//642 209//642
f 209//642 217//648 87//648
f 16//640 87//648 217//648
f 217//648 237//640 16//640
f 241//602 16//640 237//640
f 237//640 236//602 241//602
f 7//555 241//602 236//602
f 236//602 211//558 7//555
f 96//485 7//555 211//558
f 211//558 222//485 96//485
f 43//377 96//485 222//485
f 222//485 17//377 43//377
f 89//405 31//516 76//516
f 5//616 76//516 31//516
f 31//516 82//616 5//616
f 84//673 5//616 82//616
f 82//616 10//673 84//673
f 75//725 84//673 10//673
f 87//774 16//724 3//724
f 83//672 3//724 16//724
f 16//724 81//672 83//672
f 7//615 83//672 81//672
f 83//672 7//615 34//615
f 97//515 34//615 7//615
f 7//615 96//515 97//515
f 12//369 97//515 96//515
f 96//515 43//369 12//369
f 91//257 12//369 43//369
f 43//369 92//257 91//257
f 1//157 91//257 92//257
f 92//257 11//157 1//157
f 77//102 1//157 11//157
f 11//157 78//102 77//102
f 93//48 77//102 78//102
f 80//49 33//103 22//103
f 86//158 22//103 33//103
f 33//103 85//158 86//158
f 20//258 86//158 85//158
f 85//158 4//258 20//258
f 89//405 20//258 4//258
f 97//484 198//378 182//376
f 182//376 190//484 97//484
f 34//554 97//484 190//484
f 190//484 207//554 34//554
f 83//601 34//554 207//554
f 207//554 184//601 83//601
f 227//639 83//601 184//601
f 184//601 186//639 227//639
f 231//649 227//639 186//639
f 186//639 228//649 231//649
f 232//641 231//649 228//649
f 228//649 194//641 232//641
f 84//603 232//641 194//641
f 194//641 206//603 84//603
f 5//556 84//603 206//603
f 206//603 185//556 5//556
f 212//486 5//556 185//556
f 185//556 189//486 212//486
f 201//396 212//486 189//486
f 189//486 181//398 201//396
f 20//286 201//396 181//398
f 181//398 202//286 20//286
f 188//218 20//286 202//286
f 202//286 73//218 188//218
f 22//169 188//218 73//218
f 73//218 138//169 22//169
f 229//136 22//169 138//169
f 138//169 193//136 229//136
f 200//126 229//136 193//136
f 193//136 183//124 200//126
f 230//134 200//126 183//124
f 183//124 191//131 230//134
f 203//167 230//134 191//131
f 191//131 205//167 203//167
f 187//216 203//167 205//167
f 205//167 48//216 187//216
f 224//284 187//216 48//216
f 48//216 204//284 224//284
f 198//378 224//284 204//284
f 204//284 182//376 198//378
f 190//484 182//376 47//376
f 47//376 109//488 190//484
f 207//554 190//484 109//488
f 109//488 145//554 207//554
f 184//601 207//554 145//554
f 145//554 79//605 184//601
f 186//639 184//601 79//605
f 79//605 140//639 186//639
f 228//649 186//639 140//639
f 140//639 107//649 228//649
f 194//641 228//649 107//649
f 107//649 65//643 194//641
f 206//603 194//641 65//643
f 65//643 137//603 206//603
f 185//556 206//603 137//603
f 137//603 66//556 185//556
f 189//486 185//556 66//556
f 66//556 146//489 189//486
f 181//398 189//486 146//489
f 146//489 56//398 181//398
f 202//286 181//398 56//398
f 56//398 134//286 202//286
f 73//218 202//286 134//286
f 138//169 54//133 193//136
f 183//124 193//136 54//133
f 54//133 131//124 183//124
f 191//131 183//124 131//124
f 131//124 57//131 191//131
f 205//167 191//131 57//131
f 57//131 141//167 205//167
f 48//216 205//167 141//167
f 48//216 133//284 204//284
f 182//376 204//284 133//284
f 133//284 47//376 182//376
f 109//388 47//388 123//388
f 145//388 45//388 79//388
f 140//388 79//388 45//388
f 107//388 140//388 45//388
f 45//388 118//388 107//388
f 65//388 107//388 118//388
f 118//388 46//388 65//388
f 137//388 65//388 46//388
f 46//388 120//388 137//388
f 66//388 137//388 120//388
f 120//388 62//388 66//388
f 146//388 66//388 62//388
f 62//388 40//388 146//388
f 56//388 146//388 40//388
f 40//388 74//388 56//388
f 134//388 56//388 74//388
f 73//388 134//388 74//388
f 74//388 55//388 73//388
f 138//388 73//388 55//388
f 55//388 42//388 138//388
f 54//388 138//388 42//388
f 42//388 59//388 54//388
f 131//388 54//388 59//388
f 59//388 58//388 131//388
f 57//388 131//388 58//388
f 58//388 52//388 57//388
f 141//388 57//388 52//388
f 52//388 37//388 141//388
f 48//388 141//388 37//388
f 37//388 68//388 48//388
f 133//388 48//388 68//388
f 68//388 69//388 133//388
f 47//388 133//388 69//388
f 69//388 123//388 47//388
f 109//388 123//388 70//388
f 70//388 101//388 109//388
f 145//388 109//388 101//388
f 101//388 128//388 145//388
f 45//388 145//388 128//388
f 74//389 40//389 98//389
f 128//615 15//672 45//672
f 118//724 45//672 15//672
f 15//672 129//724 118//724
f 46//774 118//724 129//724
f 46//774 119//725 120//725
f 62//673 120//725 119//725
f 119//725 14//673 62//673
f 40//616 62//673 14//673
f 98//516 121//405 74//405
f 55//258 74//405 121//405
f 121//405 13//258 55//258
f 42//158 55//258 13//258
f 42//158 60//103 59//103
f 58//49 59//103 60//103
f 37//48 125//102 68//102
f 69//157 68//102 125//102
f 125//102 32//157 69//157
f 123//257 69//157 32//157
f 32//157 124//257 123//257
f 70//369 123//257 124//257
f 101//515 70//369 39//369
f 39//369 100//515 101//515
f 128//615 101//515 100//515
f 100//515 117//615 128//615
f 15//672 128//615 117//615
f 129//724 49//774 46//774
f 119//725 46//774 49//774
f 14//673 127//616 40//616
f 98//516 40//616 127//616
f 127//616 44//516 98//516
f 121//405 98//516 44//516
f 13//258 126//158 42//158
f 60//103 42//158 126//158
f 60//103 122//49 58//49
f 52//1 58//49 122//49
f 122//49 6//1 52//1
f 37//48 52//1 6//1
f 6//1 99//48 37//48
f 125//102 37//48 99//48
f 124//257 39//369 70//369
f 245//389 263//389 264//389
f 264//389 295//389 245//389
f 285//766 300//766 294//766
f 294//766 281//766 285//766
f 301//8 287//8 283//8
f 283//8 293//8 301//8
f 273//405 275//405 253//405
f 306//774 307//774 255//774
f 270//1 272//1 254//1
f 293//8 283//8 245//8
f 245//8 295//8 293//8
f 281//766 294//766 299//766
f 299//766 243//766 281//766
f 283//369 287//369 263//369
f 263//369 245//369 283//369
f 284//405 244//405 311//405
f 311//405 313//405 284//405
f 305//388 279//388 252//388
f 273//405 253//405 256//405
f 256//405 274//405 273//405
f 246//388 248//388 249//388
f 255//369 254//369 272//369
f 251//388 250//388 318//388
f 297//8 293//8 295//8
f 290//8 301//8 293//8
f 293//8 297//8 290//8
f 291//388 308//388 250//388
f 270//1 254//1 253//1
f 253//1 271//1 270//1
f 246//388 249//388 242//388
f 256//774 255//774 307//774
f 294//766 300//766 296//766
f 296//766 298//766 294//766
f 299//766 294//766 298//766
f 263//375 262//389 264//389
f 295//389 264//389 262//389
f 284//8 297//8 295//8
f 295//8 244//8 284//8
f 288//8 290//8 297//8
f 297//8 284//8 288//8
f 260//1 261//1 257//122
f 308//388 291//388 279//388
f 253//1 275//1 271//1
f 307//774 312//774 256//774
f 252//388 292//388 323//388
f 323//388 304//388 252//388
f 278//652 277//774 276//774
f 298//766 296//766 286//766
f 286//766 282//766 298//766
f 299//766 298//766 282//766
f 282//766 247//766 299//766
f 262//389 263//389 311//389
f 311//389 244//389 262//389
f 295//389 262//389 244//389
f 313//405 311//405 247//405
f 247//405 282//405 313//405
f 282//405 286//405 313//405
f 259//405 258//405 278//652
f 304//388 305//388 252//388
f 256//405 312//405 274//405
f 272//369 306//369 255//369
f 309//369 280//369 265//369
f 285//369 281//369 263//369
f 281//369 243//369 263//369
f 243//389 299//389 263//389
f 311//389 263//389 299//389
f 299//389 247//389 311//389
f 288//405 284//405 313//405
f 313//405 269//405 288//405
f 269//6 289//6 290//8
f 290//8 288//8 269//6
f 289//6 302//6 301//8
f 301//8 290//8 289//6
f 302//6 267//6 287//8
f 287//8 301//8 302//6
f 287//369 285//369 263//369
f 300//766 285//766 266//768
f 296//766 300//766 266//768
f 266//768 268//768 296//766
f 286//766 296//766 268//768
f 268//768 266//768 280//774
f 280//774 277//774 268//768
f 265//369 280//650 266//654
f 266//369 285//369 309//369
f 309//369 265//369 266//369
f 285//369 287//369 310//369
f 310//369 309//369 285//369
f 287//369 267//369 250//369
f 250//369 310//369 287//369
f 267//6 302//6 261//1
f 261//1 250//1 267//6
f 302//6 289//6 261//1
f 257//1 261//1 289//6
f 289//6 269//6 257//1
f 269//405 313//405 258//405
f 258//405 257//405 269//405
f 313//405 286//405 258//405
f 278//405 258//405 286//405
f 286//405 268//405 278//405
f 277//774 278//774 268//768
f 252//405 259//405 278//405
f 279//405 258//405 259//405
f 259//405 252//405 279//405
f 257//405 258//405 279//405
f 291//1 260//1 257//1
f 257//1 279//1 291//1
f 250//1 261//1 260//1
f 260//1 291//1 250//1
f 309//369 310//369 250//369
f 250//369 251//369 309//369
f 280//369 309//369 251//369
f 277//774 280//774 251//774
f 276//774 277//774 251//774
f 251//774 292//774 276//774
f 278//774 276//774 292//774
f 292//774 252//774 278//774
f 253//388 315//388 314//388
f 314//388 256//388 253//388
f 316//388 315//388 253//388
f 254//388 317//388 316//388
f 316//388 253//388 254//388
f 318//389 317//389 254//389
f 319//388 318//388 254//388
f 254//388 255//388 319//388
f 320//388 319//388 255//388
f 321//388 320//388 255//388
f 322//388 321//388 255//388
f 255//388 256//388 322//388
f 303//388 322//388 256//388
f 256//388 314//388 303//388
f 323//388 292//388 321//388
f 321//388 322//388 323//388
f 292//388 251//388 320//388
f 320//388 321//388 292//388
f 251//388 318//388 319//388
f 319//388 320//388 251//388
f 318//388 250//388 317//388
f 316//388 317//388 250//388
f 250//388 308//388 316//388
f 308//388 279//388 316//388
f 279//388 305//388 315//388
f 315//388 316//388 279//388
f 314//388 315//388 305//388
f 303//388 314//388 305//388
f 305//388 304//388 303//388
f 304//388 323//388 322//388
f 322//388 303//388 304//388
f 275//122 273//405 274//405
f 272//120 270//1 271//1
f 242//405 274//405 312//405
f 312//405 246//405 242//405
f 275//405 274//405 242//405
f 249//1 271//1 275//1
f 275//1 242//1 249//1
f 272//1 271//1 249//1
f 249//369 248//369 272//369
f 306//369 272//369 248//369
f 307//774 306//774 248//774
f 248//774 246//774 307//774
f 312//774 307//774 246//774
f 442//88 376//28 443//28
f 443//28 364//88 442//88
f 351//140 442//88 364//88
f 364//88 516//140 351//140
f 438//233 351//140 516//140
f 516//140 609//233 438//233
f 520//322 438//233 609//233
f 609//233 608//322 520//322
f 521//494 520//322 608//322
f 608//322 541//494 521//494
f 431//579 521//494 541//494
f 541//494 547//579 431//579
f 371//659 431//579 547//579
f 547//579 554//659 371//659
f 610//705 371//659 554//659
f 554//659 441//705 610//705
f 611//770 610//705 441//705
f 441//705 344//770 611//770
f 612//746 611//770 344//770
f 344//770 444//746 612//746
f 613//687 612//746 444//746
f 444//746 375//687 613//687
f 509//635 613//687 375//687
f 375//687 508//633 509//635
f 368//587 509//635 508//633
f 508//633 456//589 368//587
f 528//38 478//39 492//32
f 492//32 529//34 528//38
f 376//28 446//3 418//3
f 418//3 443//28 376//28
f 400//354 393//356 600//351
f 326//349 600//351 393//356
f 380//354 333//354 557//354
f 417//354 557//354 333//354
f 387//351 499//363 498//358
f 400//354 545//346 392//342
f 393//685 400//746 399//746
f 399//746 327//685 393//685
f 326//633 393//685 327//685
f 327//685 414//633 326//633
f 618//540 326//633 414//633
f 414//633 523//542 618//540
f 380//451 618//540 523//542
f 523//542 522//451 380//451
f 539//280 380//451 522//451
f 522//451 389//280 539//280
f 540//192 539//280 389//280
f 389//280 517//191 540//192
f 359//113 540//192 517//191
f 517//191 555//115 359//113
f 403//68 359//113 555//115
f 555//115 358//68 403//68
f 381//3 403//68 358//68
f 358//68 390//3 381//3
f 341//28 381//3 390//3
f 390//3 411//28 341//28
f 408//88 341//28 411//28
f 411//28 350//88 408//88
f 387//140 408//88 350//88
f 350//88 402//140 387//140
f 552//186 387//140 402//140
f 402//140 593//183 552//186
f 464//737 560//740 463//743
f 463//743 467//737 464//737
f 400//746 392//770 391//770
f 391//770 399//746 400//746
f 414//418 525//418 356//418
f 407//421 356//418 525//418
f 525//418 526//423 407//421
f 389//418 407//421 526//423
f 402//418 461//427 592//427
f 468//233 325//229 467//226
f 467//226 463//235 468//233
f 532//708 531//705 460//705
f 545//346 501//346 332//354
f 332//354 392//342 545//346
f 446//3 528//38 529//34
f 529//34 418//3 446//3
f 391//418 325//418 466//425
f 392//770 560//740 464//737
f 464//737 391//770 392//770
f 332//740 463//743 560//740
f 501//233 468//233 463//235
f 463//235 332//229 501//233
f 529//34 492//32 366//38
f 366//38 530//38 529//34
f 418//3 529//34 530//38
f 364//88 451//140 516//140
f 609//233 516//140 451//140
f 451//140 422//231 609//233
f 608//322 609//233 422//231
f 422//231 342//322 608//322
f 541//494 608//322 342//322
f 342//322 433//494 541//494
f 547//579 541//494 433//494
f 433//494 372//579 547//579
f 554//659 547//579 372//579
f 372//579 420//659 554//659
f 441//705 554//659 420//659
f 375//687 428//637 508//633
f 456//589 508//633 428//637
f 428//637 477//585 456//589
f 498//705 343//709 460//705
f 387//140 552//186 499//184
f 359//113 417//192 540//192
f 417//192 333//280 539//280
f 539//280 540//192 417//192
f 380//451 539//280 333//280
f 380//451 406//542 618//540
f 326//633 618//540 406//542
f 392//770 332//740 560//740
f 492//229 493//228 527//229
f 485//418 479//416 488//432
f 488//432 446//416 485//418
f 376//418 485//418 446//416
f 549//430 567//423 573//423
f 340//418 573//423 567//423
f 340//418 431//432 616//434
f 564//413 616//434 431//432
f 472//708 590//705 471//708
f 471//86 473//86 472//86
f 589//704 591//708 590//705
f 590//705 472//708 589//704
f 367//356 476//356 588//354
f 588//354 589//353 367//356
f 375//354 588//354 476//356
f 433//354 342//353 606//354
f 422//354 606//354 342//353
f 530//344 366//335 602//346
f 492//229 602//228 366//227
f 492//229 478//227 493//228
f 488//432 479//416 365//410
f 351//418 438//436 549//430
f 567//423 549//430 438//436
f 438//436 421//420 567//423
f 340//418 567//423 421//420
f 431//432 371//409 564//413
f 563//434 564//413 371//409
f 371//409 394//438 563//434
f 625//434 563//434 394//438
f 394//438 449//442 625//434
f 626//423 625//434 449//442
f 449//442 339//418 626//423
f 423//423 626//423 339//418
f 435//418 368//416 471//418
f 454//710 472//708 473//704
f 473//704 455//705 454//710
f 367//703 589//704 472//708
f 472//708 454//710 367//703
f 477//336 428//361 476//356
f 476//356 367//356 477//336
f 375//354 476//356 428//361
f 443//354 418//333 607//339
f 530//344 607//339 418//333
f 325//737 464//737 467//737
f 391//770 464//737 325//737
f 414//633 356//543 523//542
f 522//451 523//542 356//543
f 356//543 407//451 522//451
f 389//280 522//451 407//451
f 389//280 324//191 517//191
f 555//115 517//191 324//191
f 324//191 401//113 555//115
f 358//68 555//115 401//113
f 402//140 592//186 593//183
f 531//705 532//708 349//705
f 349//705 461//704 531//705
f 455//705 473//704 471//708
f 471//708 368//711 455//705
f 368//587 435//637 509//635
f 435//637 423//685 613//687
f 613//687 509//635 435//637
f 423//685 339//747 612//746
f 612//746 613//687 423//685
f 339//747 449//772 611//770
f 611//770 612//746 339//747
f 449//772 394//707 610//705
f 610//705 611//770 449//772
f 371//659 610//705 394//707
f 431//579 340//495 521//494
f 340//495 421//324 520//322
f 520//322 521//494 340//495
f 438//233 520//322 421//324
f 446//3 488//35 528//38
f 488//35 365//32 478//39
f 478//39 528//38 488//35
f 493//228 478//227 365//236
f 365//236 479//236 493//228
f 527//229 493//228 479//236
f 479//236 465//229 527//229
f 466//425 598//416 465//439
f 465//439 479//416 466//425
f 598//233 527//229 465//229
f 492//229 527//229 598//233
f 598//233 468//233 492//229
f 602//228 492//229 468//233
f 468//233 501//233 602//228
f 530//344 602//346 501//346
f 501//346 500//346 530//344
f 607//339 530//344 500//346
f 500//346 533//354 607//339
f 443//354 607//339 533//354
f 533//354 400//354 443//354
f 364//354 443//354 400//354
f 400//354 600//351 364//354
f 451//354 364//354 600//351
f 600//351 595//349 451//354
f 422//354 451//354 595//349
f 595//349 406//354 422//354
f 606//354 422//354 406//354
f 406//354 380//354 606//354
f 433//354 606//354 380//354
f 380//354 544//354 433//354
f 372//354 433//354 544//354
f 544//354 556//354 372//354
f 420//354 372//354 556//354
f 556//354 359//354 420//354
f 441//354 420//354 359//354
f 359//354 403//354 441//354
f 344//354 441//354 403//354
f 403//354 381//354 344//354
f 444//354 344//354 381//354
f 381//354 341//354 444//354
f 375//354 444//354 341//354
f 341//354 408//354 375//354
f 588//354 375//354 408//354
f 408//354 577//354 588//354
f 589//353 588//354 577//354
f 577//354 579//349 589//353
f 590//705 591//708 579//708
f 579//708 578//705 590//705
f 471//708 590//705 578//705
f 578//705 524//705 471//708
f 524//429 402//418 435//418
f 435//418 471//418 524//429
f 402//418 350//418 423//423
f 423//423 435//418 402//418
f 350//418 411//423 626//423
f 626//423 423//423 350//418
f 411//423 390//420 625//434
f 625//434 626//423 411//423
f 390//420 358//423 563//434
f 563//434 625//434 390//420
f 358//423 401//418 564//413
f 564//413 563//434 358//423
f 401//418 324//418 616//434
f 616//434 564//413 401//418
f 324//418 389//418 340//418
f 340//418 616//434 324//418
f 389//418 526//423 573//423
f 573//423 340//418 389//418
f 526//423 525//418 549//430
f 549//430 573//423 526//423
f 525//418 414//418 351//418
f 351//418 549//430 525//418
f 414//418 327//418 442//418
f 442//418 351//418 414//418
f 327//418 399//418 376//418
f 376//418 442//418 327//418
f 399//418 391//418 485//418
f 485//418 376//418 399//418
f 391//418 466//425 479//416
f 479//416 485//418 391//418
f 466//425 325//418 598//416
f 468//233 598//233 325//229
f 533//354 500//346 501//346
f 501//346 545//346 533//354
f 400//354 533//354 545//346
f 600//351 326//349 595//349
f 406//354 595//349 326//349
f 380//354 557//354 544//354
f 556//354 544//354 557//354
f 557//354 417//354 556//354
f 359//354 556//354 417//354
f 408//354 387//351 577//354
f 498//358 579//349 577//354
f 577//354 387//351 498//358
f 578//705 579//708 498//705
f 498//705 460//705 578//705
f 524//705 578//705 460//705
f 460//705 531//705 524//705
f 531//705 461//704 524//705
f 402//418 524//429 461//427
f 591//310 589//353 579//349
f 454//589 456//589 477//585
f 477//585 367//583 454//589
f 455//578 368//587 456//589
f 456//589 454//589 455//578
f 349//434 592//427 461//427
f 532//183 593//183 592//186
f 592//186 349//187 532//183
f 460//187 552//186 593//183
f 593//183 532//183 460//187
f 343//183 499//184 552//186
f 552//186 460//187 343//183
f 499//363 343//366 498//358
f 427//686 620//686 621//745
f 621//745 377//745 427//686
f 354//632 619//632 620//686
f 620//686 427//686 354//632
f 439//539 506//541 619//632
f 619//632 354//632 439//539
f 514//450 505//450 506//541
f 506//541 439//539 514//450
f 515//279 504//279 505//450
f 505//450 514//450 515//279
f 432//193 329//193 504//279
f 504//279 515//279 432//193
f 374//114 424//114 329//193
f 329//193 432//193 374//114
f 430//69 576//67 424//114
f 424//114 374//114 430//69
f 353//2 575//2 576//67
f 576//67 430//69 353//2
f 450//29 574//29 575//2
f 575//2 353//2 450//29
f 379//89 378//89 574//29
f 574//29 450//29 379//89
f 436//141 429//141 378//89
f 378//89 379//89 436//141
f 623//188 459//185 429//141
f 429//141 436//141 623//188
f 542//738 535//738 480//741
f 377//745 621//745 419//771
f 419//771 447//771 377//745
f 603//424 405//417 361//417
f 405//417 603//424 334//428
f 566//419 357//417 383//417
f 357//417 566//419 404//419
f 496//414 497//411 382//424
f 397//435 546//426 361//417
f 570//87 352//89 384//29
f 384//29 569//29 570//87
f 510//141 413//141 352//89
f 352//89 570//87 510//141
f 511//232 513//232 413//141
f 413//141 510//141 511//232
f 383//323 512//323 513//232
f 513//232 511//232 383//323
f 537//493 388//493 512//323
f 512//323 383//323 537//493
f 538//580 519//580 388//493
f 388//493 537//493 538//580
f 347//660 518//660 519//580
f 519//580 538//580 347//660
f 558//706 386//706 518//660
f 518//660 347//660 558//706
f 559//773 330//771 386//706
f 386//706 558//706 559//773
f 331//745 410//745 330//771
f 330//771 559//773 331//745
f 409//686 360//686 410//745
f 410//745 331//745 409//686
f 382//632 398//632 360//686
f 360//686 409//686 382//632
f 551//588 594//590 398//632
f 398//632 382//632 551//588
f 453//36 553//33 452//31
f 452//31 571//33 453//36
f 569//29 384//29 395//2
f 395//2 397//2 569//29
f 491//350 507//350 398//355
f 453//355 470//352 336//352
f 553//296 336//539 452//539
f 495//67 627//67 490//64
f 546//426 397//435 345//417
f 345//417 503//426 546//426
f 447//771 419//771 535//738
f 535//738 542//738 447//771
f 470//352 453//355 395//355
f 397//2 395//2 453//36
f 453//36 571//33 397//2
f 571//33 452//31 345//33
f 503//539 345//539 452//539
f 535//738 536//736 363//736
f 363//736 480//741 535//738
f 536//736 535//738 419//771
f 621//745 448//745 419//771
f 620//686 346//686 448//745
f 448//745 621//745 620//686
f 619//632 425//634 346//686
f 346//686 620//686 619//632
f 506//541 437//541 425//634
f 425//634 619//632 506//541
f 505//450 370//450 437//541
f 437//541 506//541 505//450
f 504//279 434//279 370//450
f 370//450 505//450 504//279
f 434//279 504//279 329//193
f 576//67 440//67 424//114
f 575//2 355//4 440//67
f 440//67 576//67 575//2
f 574//29 445//29 355//4
f 355//4 575//2 574//29
f 445//29 574//29 378//89
f 459//185 475//188 429//141
f 495//67 328//65 496//65
f 497//590 551//588 382//632
f 559//773 396//773 331//745
f 396//773 559//773 558//706
f 558//706 385//706 396//773
f 385//706 558//706 347//660
f 538//580 404//580 347//660
f 404//580 538//580 537//493
f 537//493 357//493 404//580
f 357//493 537//493 383//323
f 511//232 416//232 383//323
f 416//232 511//232 510//141
f 510//141 334//141 416//232
f 334//141 510//141 570//87
f 570//87 405//89 334//141
f 405//89 570//87 569//29
f 569//29 361//29 405//89
f 361//29 569//29 397//2
f 571//33 345//33 397//2
f 597//417 543//431 536//433
f 543//544 597//539 596//539
f 596//539 480//539 543//544
f 480//539 596//539 481//539
f 481//539 482//544 480//539
f 484//355 447//352 487//347
f 487//347 483//352 484//355
f 447//352 484//355 377//355
f 572//355 568//355 550//348
f 568//355 572//355 335//355
f 617//345 432//347 335//355
f 432//347 617//345 562//360
f 486//355 494//352 436//355
f 583//64 462//67 486//64
f 486//64 586//67 583//64
f 585//69 583//64 586//67
f 586//67 587//64 585//69
f 369//417 585//424 584//417
f 584//417 474//415 369//417
f 474//415 584//417 378//417
f 605//417 370//422 434//417
f 370//422 605//417 437//417
f 597//417 536//433 604//437
f 543//431 363//441 536//433
f 363//545 543//544 480//539
f 482//544 542//546 480//539
f 362//364 483//352 487//347
f 622//357 354//362 427//355
f 550//348 439//341 354//362
f 354//362 622//357 550//348
f 568//355 426//355 439//341
f 439//341 550//348 568//355
f 426//355 568//355 335//355
f 562//360 374//365 432//347
f 561//343 430//338 374//365
f 374//365 562//360 561//343
f 615//340 353//334 430//338
f 430//338 561//343 615//340
f 614//355 450//355 353//334
f 353//334 615//340 614//355
f 450//355 614//355 379//355
f 494//352 624//357 436//355
f 457//63 458//70 462//67
f 462//67 583//64 457//63
f 369//70 457//63 583//64
f 583//64 585//69 369//70
f 475//440 369//417 474//415
f 474//415 429//412 475//440
f 429//412 474//415 378//417
f 604//437 419//443 448//417
f 419//443 604//437 536//433
f 453//36 336//37 553//33
f 513//232 337//230 413//141
f 512//323 415//325 337//230
f 337//230 513//232 512//323
f 415//325 512//323 388//493
f 519//580 338//581 388//493
f 518//660 412//658 338//581
f 338//581 519//580 518//660
f 412//658 518//660 386//706
f 594//590 491//586 398//632
f 627//67 507//66 348//69
f 348//69 490//64 627//67
f 462//67 494//64 486//64
f 458//70 373//62 494//64
f 494//64 462//67 458//70
f 624//182 623//188 436//141
f 515//279 335//278 432//193
f 335//278 515//279 514//450
f 514//450 426//450 335//278
f 426//450 514//450 439//539
f 542//738 487//739 447//771
f 542//738 362//742 487//739
f 482//544 483//537 362//537
f 362//537 542//546 482//544
f 481//539 469//539 483//537
f 483//537 482//544 481//539
f 470//352 483//352 469//337
f 469//337 599//357 470//352
f 469//539 481//539 599//539
f 596//539 452//539 599//539
f 599//539 481//539 596//539
f 597//539 503//539 452//539
f 452//539 596//539 597//539
f 597//417 502//431 503//426
f 604//437 534//417 502//431
f 502//431 597//417 604//437
f 448//417 361//417 534//417
f 534//417 604//437 448//417
f 346//417 603//424 361//417
f 361//417 448//417 346//417
f 425//417 601//428 603//424
f 603//424 346//417 425//417
f 437//417 416//417 601//428
f 601//428 425//417 437//417
f 605//417 383//417 416//417
f 416//417 437//417 605//417
f 434//417 548//419 383//417
f 383//417 605//417 434//417
f 329//417 565//417 548//419
f 548//419 434//417 329//417
f 424//417 347//417 565//417
f 565//417 329//417 424//417
f 440//417 385//417 347//417
f 347//417 424//417 440//417
f 355//417 396//417 385//417
f 385//417 440//417 355//417
f 445//417 331//417 396//417
f 396//417 355//417 445//417
f 378//417 409//417 331//417
f 331//417 445//417 378//417
f 584//417 580//419 409//417
f 409//417 378//417 584//417
f 585//424 582//428 580//419
f 580//419 584//417 585//424
f 586//67 581//67 582//64
f 582//64 587//64 586//67
f 486//64 627//67 581//67
f 581//67 586//67 486//64
f 486//64 489//67 627//67
f 489//350 486//355 436//355
f 436//355 398//355 489//350
f 398//355 436//355 379//355
f 379//355 360//355 398//355
f 360//355 379//355 614//355
f 614//355 410//355 360//355
f 410//355 614//355 615//340
f 615//340 330//355 410//355
f 330//355 615//340 561//343
f 561//343 386//355 330//355
f 386//355 561//343 562//360
f 562//360 412//355 386//355
f 412//355 562//360 617//345
f 617//345 338//355 412//355
f 338//355 617//345 335//355
f 335//355 388//355 338//355
f 388//355 335//355 572//355
f 572//355 415//355 388//355
f 415//355 572//355 550//348
f 550//348 337//355 415//355
f 337//355 550//348 622//357
f 622//357 352//355 337//355
f 352//355 622//357 427//355
f 352//355 427//355 377//355
f 377//355 384//355 352//355
f 384//355 377//355 484//355
f 484//355 395//355 384//355
f 395//355 484//355 483//352
f 483//352 470//352 395//355
f 599//357 336//352 470//352
f 336//539 599//539 452//539
f 534//417 546//426 503//426
f 503//426 502//431 534//417
f 546//426 534//417 361//417
f 601//428 334//428 603//424
f 334//428 601//428 416//417
f 548//419 566//419 383//417
f 565//417 404//419 566//419
f 566//419 548//419 565//417
f 404//419 565//417 347//417
f 580//419 382//424 409//417
f 496//414 382//424 580//419
f 580//419 582//428 496//414
f 581//67 495//67 496//65
f 496//65 582//64 581//67
f 495//67 581//67 627//67
f 489//67 507//66 627//67
f 507//350 489//350 398//355
f 352//355 413//352 337//355
f 582//428 585//424 587//463
f 457//185 369//189 475//188
f 475//188 459//185 457//185
f 458//189 457//185 459//185
f 459//185 623//188 458//189
f 373//182 458//189 623//188
f 623//188 624//182 373//182
f 494//352 373//359 624//357
f 507//350 491//350 348//345
f 490//590 348//584 491//586
f 491//586 594//590 490//590
f 495//586 490//590 594//590
f 594//590 551//588 495//586
f 328//590 495//586 551//588
f 551//588 497//590 328//590
f 496//414 328//408 497//411
f 906//500 657//500 758//500
f 722//500 906//500 758//500
f 749//501 674//501 758//500
f 900//501 749//501 758//500
f 660//500 900//501 758//500
f 905//501 660//500 758//500
f 725//501 905//501 758//500
f 757//500 725//501 758//500
f 639//500 757//500 758//500
f 750//500 639//500 758//500
f 902//500 750//500 758//500
f 657//500 902//500 758//500
f 682//23 891//16 753//19
f 891//16 779//11 753//19
f 779//11 647//13 753//19
f 647//13 865//18 753//19
f 865//18 743//20 753//19
f 743//20 904//27 753//19
f 904//27 654//26 753//19
f 654//26 761//25 753//19
f 761//25 711//22 753//19
f 711//22 864//17 753//19
f 864//17 666//12 753//19
f 666//12 785//10 753//19
f 785//10 894//15 753//19
f 894//15 637//24 753//19
f 812//719 646//674 645//656
f 645//656 805//695 812//719
f 805//695 645//656 777//582
f 777//582 855//653 805//695
f 646//674 816//625 833//596
f 833//596 645//656 646//674
f 645//656 833//594 889//531
f 889//531 777//582 645//656
f 816//625 718//532 716//527
f 716//527 833//594 816//625
f 833//594 716//504 883//458
f 883//458 889//531 833//568
f 718//532 845//456 850//448
f 850//448 716//521 718//532
f 716//470 850//314 849//283
f 849//283 883//458 716//478
f 845//456 633//298 640//276
f 640//276 850//331 845//456
f 850//318 640//266 896//194
f 896//194 849//283 850//318
f 633//298 832//210 829//164
f 829//164 640//256 633//298
f 640//225 829//164 828//118
f 828//118 896//194 640//225
f 832//210 692//130 772//109
f 772//109 829//164 832//210
f 829//164 772//109 871//79
f 871//79 828//118 829//164
f 692//130 804//90 665//72
f 665//72 772//109 692//130
f 772//109 665//72 766//30
f 766//30 871//79 772//109
f 804//90 740//46 803//44
f 803//44 665//72 804//90
f 665//72 803//44 738//5
f 738//5 766//30 665//72
f 740//46 806//51 769//74
f 769//74 803//44 740//46
f 803//44 769//74 790//59
f 790//59 738//21 803//44
f 806//51 714//95 636//110
f 636//110 769//74 806//51
f 769//74 636//110 728//112
f 728//112 790//94 769//74
f 714//95 830//144 831//150
f 831//150 636//110 714//95
f 636//110 831//175 783//199
f 783//199 728//149 636//110
f 830//144 715//234 717//244
f 717//244 831//174 830//144
f 831//201 717//265 746//309
f 746//309 783//259 831//211
f 715//234 846//313 844//327
f 844//327 717//243 715//234
f 717//300 844//462 853//479
f 853//479 746//309 717//300
f 846//313 662//476 684//518
f 684//518 844//445 846//313
f 844//461 684//513 878//567
f 878//567 853//479 844//461
f 662//476 839//565 819//618
f 819//618 684//528 662//476
f 684//520 819//618 794//638
f 794//638 878//567 684//550
f 839//565 733//646 635//668
f 635//668 819//618 839//565
f 819//618 635//668 764//675
f 764//675 794//638 819//618
f 733//646 811//691 810//702
f 810//702 635//668 733//646
f 635//668 810//702 840//697
f 840//697 764//675 635//668
f 811//691 732//733 703//723
f 703//723 810//702 811//691
f 810//702 703//723 881//700
f 881//700 840//697 810//702
f 732//733 812//719 805//695
f 805//695 703//723 732//733
f 703//723 805//695 855//680
f 855//680 881//700 703//723
f 777//582 889//531 695//548
f 889//531 883//458 822//480
f 822//480 695//548 889//531
f 883//458 849//283 653//329
f 653//329 822//480 883//458
f 849//283 896//194 823//248
f 823//250 653//329 849//283
f 896//194 828//118 709//116
f 709//116 823//198 896//194
f 828//118 871//79 873//77
f 873//77 709//116 828//118
f 871//79 766//30 701//45
f 701//45 873//77 871//79
f 766//30 738//7 876//14
f 876//14 701//45 766//30
f 738//5 790//9 710//42
f 710//42 876//14 738//5
f 790//59 728//83 799//84
f 799//84 710//42 790//9
f 728//112 783//151 729//204
f 729//166 799//84 728//112
f 783//199 746//309 863//308
f 863//308 729//204 783//199
f 746//309 853//479 667//466
f 667//466 863//308 746//309
f 853//479 878//567 795//551
f 795//551 667//466 853//479
f 878//567 794//638 700//614
f 700//647 795//551 878//567
f 794//638 764//675 874//676
f 874//676 700//647 794//638
f 764//675 840//697 781//692
f 781//692 874//676 764//675
f 840//697 881//700 641//693
f 641//693 781//692 840//697
f 855//680 641//693 881//700
f 855//564 777//582 682//506
f 777//582 695//548 891//496
f 891//496 682//506 777//582
f 695//548 822//480 779//468
f 779//468 891//496 695//548
f 822//480 653//329 647//406
f 647//406 779//468 822//480
f 653//329 823//275 865//295
f 865//295 647//406 653//329
f 823//282 709//251 743//249
f 743//249 865//295 823//302
f 709//251 873//195 904//200
f 904//200 743//249 709//251
f 873//195 701//161 654//155
f 654//155 904//200 873//195
f 701//161 876//145 654//155
f 876//145 710//162 761//152
f 761//152 654//155 876//145
f 710//162 799//196 711//221
f 711//221 761//152 710//162
f 799//196 729//212 711//221
f 729//212 863//308 864//290
f 864//290 711//221 729//212
f 863//308 667//466 666//407
f 666//407 864//290 863//308
f 667//466 795//526 785//474
f 785//474 666//407 667//466
f 795//467 700//511 894//499
f 894//499 785//474 795//467
f 700//492 874//503 637//505
f 637//505 894//499 700//492
f 874//503 781//512 637//505
f 781//512 641//509 753//510
f 753//510 637//505 781//512
f 641//509 855//502 682//506
f 682//506 753//510 641//509
f 857//500 770//500 691//500
f 698//500 673//500 885//500
f 782//501 885//500 673//500
f 899//727 751//681 750//669
f 750//669 902//720 899//727
f 690//713 899//727 902//720
f 902//720 657//717 690//713
f 890//667 690//713 657//717
f 657//717 906//677 890//667
f 712//595 890//667 906//677
f 906//677 722//613 712//595
f 659//452 712//595 722//613
f 722//613 758//454 659//452
f 758//454 674//197 659//452
f 756//209 659//452 674//197
f 674//197 749//92 756//209
f 723//104 756//209 749//92
f 901//53 723//104 749//92
f 749//92 900//47 901//53
f 676//57 901//53 900//47
f 900//47 660//61 676//57
f 907//96 676//57 660//61
f 660//61 905//106 907//96
f 661//160 907//96 905//106
f 905//106 725//177 661//160
f 759//319 661//160 725//177
f 725//177 757//321 759//319
f 677//573 759//319 757//321
f 757//321 639//562 677//573
f 751//681 677//573 639//562
f 639//562 750//669 751//681
f 788//500 658//500 751//500
f 751//500 899//500 788//500
f 691//500 788//500 899//500
f 899//500 690//500 691//500
f 690//500 890//500 691//500
f 857//500 691//500 890//500
f 890//500 712//500 857//500
f 698//500 857//500 712//500
f 673//500 698//500 712//500
f 712//273 659//273 673//273
f 659//500 756//500 673//500
f 800//500 673//500 756//500
f 765//500 800//500 756//500
f 756//500 723//500 765//500
f 634//501 765//500 723//500
f 723//500 901//500 634//501
f 797//500 634//501 901//500
f 901//500 676//500 797//500
f 713//500 797//500 676//500
f 676//500 907//500 713//500
f 858//500 713//500 907//500
f 907//500 661//500 858//500
f 734//501 858//500 661//500
f 886//501 734//501 661//500
f 661//500 759//500 886//501
f 663//500 886//501 759//500
f 759//500 677//500 663//500
f 869//500 663//500 677//500
f 774//500 869//500 677//500
f 677//500 751//500 774//500
f 658//500 774//500 751//500
f 774//607 658//664 811//691
f 811//691 733//646 774//607
f 869//519 774//607 733//646
f 733//646 839//565 869//519
f 663//453 869//519 839//565
f 839//565 662//476 663//453
f 886//304 663//453 662//476
f 662//476 846//313 886//304
f 734//240 886//304 846//313
f 846//313 715//234 734//240
f 858//153 734//240 715//234
f 715//234 830//144 858//153
f 713//107 858//153 830//144
f 830//144 714//95 713//107
f 797//58 713//107 714//95
f 714//95 806//51 797//58
f 634//40 797//58 806//51
f 806//51 740//46 634//40
f 765//85 634//40 740//46
f 740//46 804//90 765//85
f 800//143 765//85 804//90
f 804//90 692//130 800//143
f 673//239 800//143 692//130
f 692//130 832//210 673//239
f 782//316 673//239 832//210
f 832//210 633//298 782//316
f 885//472 782//316 633//298
f 633//298 845//456 885//472
f 698//553 885//472 845//456
f 845//456 718//532 698//553
f 857//631 698//553 718//532
f 718//532 816//625 857//631
f 770//683 857//631 816//625
f 816//625 646//674 770//683
f 691//731 770//683 646//674
f 646//674 812//719 691//731
f 788//718 691//731 812//719
f 812//719 732//733 788//718
f 658//664 788//718 732//733
f 732//733 811//691 658//664
f 744//272 860//272 909//272
f 672//272 860//272 744//272
f 670//272 860//272 739//272
f 898//272 860//272 670//272
f 747//272 860//272 898//272
f 908//272 860//272 747//272
f 650//272 860//272 908//272
f 755//272 860//272 650//272
f 683//272 860//272 755//272
f 825//272 860//272 683//272
f 688//272 860//272 825//272
f 909//272 860//272 688//272
f 681//750 656//754 892//753
f 892//753 656//754 778//756
f 778//756 656//754 648//760
f 648//760 656//754 866//764
f 866//764 656//754 742//763
f 742//763 656//754 903//755
f 762//735 656//754 708//757
f 708//757 656//754 862//762
f 862//762 656//754 668//761
f 668//761 656//754 786//758
f 786//758 656//754 893//752
f 893//752 656//754 632//748
f 632//748 656//754 752//749
f 752//749 656//754 681//750
f 802//54 807//78 644//117
f 644//117 649//100 802//54
f 807//78 854//119 776//190
f 776//190 644//117 807//78
f 649//100 644//117 836//176
f 836//176 817//148 649//100
f 644//117 776//190 888//242
f 888//242 836//178 644//117
f 817//148 836//178 705//246
f 705//246 721//241 817//148
f 836//202 888//242 882//315
f 882//315 705//269 836//178
f 721//241 705//252 848//328
f 848//328 843//317 721//241
f 705//294 882//315 847//490
f 847//490 848//459 705//303
f 843//317 848//444 642//497
f 642//497 630//475 843//317
f 848//455 847//490 895//577
f 895//577 642//507 848//455
f 630//475 642//517 827//608
f 827//608 837//561 630//475
f 642//547 895//577 826//655
f 826//655 827//608 642//547
f 837//561 827//608 773//663
f 773//663 693//645 837//561
f 827//608 826//655 870//694
f 870//694 773//663 827//608
f 693//645 773//663 664//701
f 664//701 814//684 693//645
f 773//663 870//694 767//744
f 767//744 664//701 773//663
f 814//684 664//701 813//730
f 813//730 741//728 814//684
f 664//701 767//744 737//769
f 737//769 813//730 664//701
f 741//728 813//730 768//699
f 768//699 815//722 741//728
f 813//730 737//751 791//714
f 791//714 768//699 813//730
f 815//722 768//699 631//662
f 631//662 687//678 815//722
f 768//699 791//679 726//661
f 726//661 631//662 768//699
f 687//678 631//662 835//622
f 835//622 834//629 687//678
f 631//662 726//623 784//571
f 784//571 835//598 631//662
f 834//629 835//599 720//529
f 720//529 719//538 834//629
f 835//560 784//514 745//464
f 745//464 720//508 835//569
f 719//538 720//530 842//447
f 842//447 851//460 719//538
f 720//473 745//464 852//293
f 852//293 842//311 720//473
f 851//460 842//330 685//255
f 685//255 678//297 851//460
f 842//312 852//293 879//203
f 879//203 685//260 842//312
f 678//297 685//245 818//154
f 818//154 838//207 678//297
f 685//223 879//203 792//138
f 792//138 818//154 685//253
f 838//207 818//154 629//105
f 629//105 731//129 838//207
f 818//154 792//138 763//98
f 763//98 629//105 818//154
f 731//129 629//105 808//71
f 808//71 809//82 731//129
f 629//105 763//98 841//75
f 841//75 808//71 629//105
f 809//82 808//71 704//50
f 704//50 730//41 809//82
f 808//71 841//75 880//73
f 880//73 704//50 808//71
f 730//41 704//50 807//78
f 807//78 802//54 730//41
f 704//50 880//73 854//93
f 854//93 807//78 704//50
f 694//224 888//242 776//190
f 888//242 694//224 821//291
f 821//291 882//315 888//242
f 882//315 821//291 655//446
f 655//446 847//490 882//315
f 847//490 655//446 824//523
f 824//525 895//577 847//490
f 895//577 824//572 706//657
f 706//657 826//655 895//577
f 826//655 706//657 872//696
f 872//696 870//694 826//655
f 870//694 872//696 702//729
f 702//729 767//744 870//694
f 767//744 702//729 877//759
f 877//759 737//767 767//744
f 737//769 877//759 707//732
f 707//732 791//765 737//769
f 791//765 707//732 801//689
f 801//689 726//690 791//714
f 726//661 801//689 727//606
f 727//566 784//621 726//661
f 784//571 727//566 861//465
f 861//465 745//464 784//571
f 745//464 861//465 669//307
f 669//307 852//293 745//464
f 852//293 669//307 793//222
f 793//222 879//203 852//293
f 879//203 793//222 699//128
f 699//159 792//138 879//203
f 792//138 699//128 875//97
f 875//97 763//98 792//138
f 763//98 875//97 780//81
f 780//81 841//75 763//98
f 841//75 780//81 643//80
f 643//80 880//73 841//75
f 880//73 643//80 854//93
f 681//267 776//190 854//208
f 776//190 681//267 892//277
f 892//277 694//224 776//190
f 694//224 892//277 778//305
f 778//305 821//291 694//224
f 821//291 778//305 648//368
f 648//368 655//446 821//291
f 655//446 648//368 866//477
f 866//477 824//498 655//446
f 824//471 866//477 742//524
f 742//524 706//522 824//491
f 706//522 742//524 903//570
f 903//570 872//576 706//522
f 872//576 903//570 656//617
f 656//617 702//611 872//576
f 656//617 877//628 702//611
f 877//628 656//617 762//620
f 762//620 707//612 877//628
f 707//612 762//620 708//552
f 708//552 801//575 707//612
f 708//552 727//559 801//575
f 727//559 708//552 862//481
f 862//481 861//465 727//559
f 861//465 862//481 668//367
f 668//367 669//307 861//465
f 669//307 668//367 786//299
f 786//299 793//247 669//307
f 793//306 786//299 893//274
f 893//274 699//262 793//306
f 699//281 893//274 632//268
f 632//268 875//270 699//281
f 632//268 780//261 875//270
f 780//261 632//268 752//263
f 752//263 643//264 780//261
f 643//264 752//263 681//267
f 681//267 854//271 643//264
f 884//272 736//272 697//272
f 689//55 688//52 825//99
f 825//99 724//123 689//55
f 820//76 909//60 688//52
f 688//52 689//55 820//76
f 696//111 744//101 909//60
f 909//60 820//76 696//156
f 696//156 672//206 744//101
f 672//206 696//173 754//326
f 754//326 860//332 672//206
f 651//563 739//574 860//332
f 860//332 754//326 651//563
f 748//670 670//682 739//574
f 739//574 651//563 748//670
f 897//721 898//726 670//682
f 670//682 748//670 897//721
f 675//716 747//712 898//726
f 898//726 897//721 675//716
f 798//671 908//666 747//712
f 747//712 675//716 798//671
f 798//671 650//597 908//666
f 652//549 755//449 650//597
f 650//597 798//671 652//549
f 755//449 652//549 760//292
f 760//292 683//205 755//449
f 683//205 760//292 724//123
f 724//123 825//99 683//205
f 789//272 689//272 724//272
f 724//272 638//272 789//272
f 671//272 820//272 689//272
f 689//272 789//272 671//272
f 771//272 696//272 820//272
f 820//272 671//272 771//272
f 696//272 771//272 856//272
f 697//272 754//272 696//272
f 696//272 856//272 697//272
f 754//272 697//272 736//272
f 867//272 651//272 754//272
f 754//272 736//272 867//272
f 651//272 867//272 680//272
f 787//272 748//272 651//272
f 651//272 680//272 787//272
f 628//272 897//272 748//272
f 748//272 787//272 628//272
f 796//272 675//272 897//272
f 897//272 628//272 796//272
f 686//272 798//272 675//272
f 675//272 796//272 686//272
f 798//272 686//272 859//272
f 735//272 652//272 798//272
f 798//272 859//272 735//272
f 652//272 735//272 887//272
f 679//272 760//272 652//272
f 652//272 887//272 679//272
f 760//272 679//272 868//272
f 775//272 724//272 760//272
f 760//272 868//272 775//272
f 724//272 775//272 638//272
f 775//165 731//129 809//82
f 809//82 638//108 775//165
f 868//254 838//207 731//129
f 731//129 775//165 868//254
f 679//320 678//297 838//207
f 838//207 868//254 679//320
f 887//469 851//460 678//297
f 678//297 679//320 887//469
f 735//533 719//538 851//460
f 851//460 887//469 735//533
f 859//619 834//629 719//538
f 719//538 735//533 859//619
f 686//665 687//678 834//629
f 834//629 859//619 686//665
f 796//715 815//722 687//678
f 687//678 686//665 796//715
f 628//734 741//728 815//722
f 815//722 796//715 628//734
f 787//688 814//684 741//728
f 741//728 628//734 787//688
f 680//630 693//645 814//684
f 814//684 787//688 680//630
f 867//534 837//561 693//645
f 693//645 680//630 867//534
f 736//457 630//475 837//561
f 837//561 867//534 736//457
f 884//301 843//317 630//475
f 630//475 736//457 884//301
f 697//220 721//241 843//317
f 843//317 884//301 697//220
f 856//142 817//148 721//241
f 721//241 697//220 856//142
f 771//91 649//100 817//148
f 817//148 856//142 771//91
f 671//43 802//54 649//100
f 649//100 771//91 671//43
f 789//56 730//41 802//54
f 802//54 671//43 789//56
f 638//108 809//82 730//41
f 730//41 789//56 638//108
f 914//774 1136//774 1261//774
f 911//1 1193//1 1149//1
f 1150//1 1151//1 1301//1
f 932//1 1291//1 1289//1
f 1071//774 1196//774 1292//774
f 949//1 1289//1 1302//1
f 1151//1 1149//1 1193//1
f 1193//1 1301//1 1151//1
f 1151//1 1150//121 911//163
f 911//163 1149//1 1151//1
f 1261//774 1136//774 1135//774
f 1135//774 1154//774 1261//774
f 1194//1 1193//1 947//1
f 947//1 949//1 1194//1
f 946//774 1098//774 1152//774
f 1152//774 948//774 946//774
f 949//389 947//389 1123//389
f 1123//389 1181//389 949//389
f 1181//369 1166//369 949//369
f 1158//382 932//382 1179//382
f 1179//382 1180//382 1158//382
f 1170//405 1171//405 1192//405
f 911//388 1150//388 1174//388
f 1174//388 1121//388 911//388
f 947//369 1193//369 1169//369
f 1169//369 1123//369 947//369
f 1285//405 1165//405 1119//405
f 912//405 1283//405 1120//405
f 914//609 1135//651 1136//774
f 914//369 1261//369 1284//369
f 1171//405 1170//405 1107//405
f 1107//405 1117//405 1171//405
f 1126//388 1155//388 1174//388
f 1121//388 1174//388 1155//388
f 1155//388 1127//388 1121//374
f 1125//369 1124//369 1169//369
f 1123//369 1169//369 1124//369
f 1124//369 1294//369 1123//369
f 1294//389 1271//389 1123//389
f 1181//389 1123//389 1271//389
f 1271//389 1182//389 1181//389
f 1166//369 1181//369 1182//369
f 1182//369 1167//369 1166//369
f 1293//369 1297//369 1298//369
f 1270//405 1130//405 1295//405
f 1170//405 1106//405 1105//405
f 1170//405 1105//405 1108//405
f 1108//405 1107//405 1170//405
f 1150//1 1301//1 1194//1
f 1193//1 1194//1 1301//1
f 1169//369 1193//369 911//369
f 911//369 1121//369 1169//369
f 1125//369 1169//369 1121//369
f 1121//374 1122//369 1125//369
f 1098//369 1282//369 1284//369
f 1284//369 1261//369 1098//369
f 1152//774 1098//774 1261//774
f 1261//774 1154//774 1152//774
f 1154//651 1153//774 1152//774
f 1283//405 1285//405 1119//405
f 1119//405 1120//405 1283//405
f 1116//405 1171//405 1117//405
f 1117//405 1118//405 1116//400
f 913//405 1192//405 1171//405
f 1171//405 1116//405 913//405
f 1170//405 1192//405 910//405
f 910//405 1270//405 1170//405
f 1106//405 1170//405 1270//405
f 1270//405 1295//405 1106//405
f 1165//405 1114//405 1131//405
f 1131//405 915//405 1165//405
f 938//774 948//774 1196//774
f 1196//774 1071//774 938//774
f 1071//624 948//698 938//774
f 1166//369 1293//369 1298//369
f 949//369 1166//369 1298//369
f 1298//369 932//369 949//369
f 1289//1 949//1 932//1
f 1270//405 910//405 1173//405
f 1172//405 1130//405 1270//405
f 1270//405 1173//405 1172//405
f 1071//774 1292//774 1159//774
f 1179//369 1298//369 1297//369
f 1298//369 1179//369 932//369
f 932//1 1158//1 1291//1
f 910//1 1290//1 1157//1
f 1290//1 910//1 1192//1
f 913//388 1116//388 1148//388
f 912//610 1120//405 1119//652
f 1165//774 915//774 1195//774
f 1156//774 1195//774 915//774
f 1168//384 1172//385 1173//385
f 1173//385 1241//384 1168//384
f 1157//384 1241//384 1173//385
f 1173//385 910//385 1157//384
f 1115//405 1106//405 1295//405
f 1295//405 1130//405 1115//405
f 1107//405 1108//405 1105//405
f 1124//369 1125//369 1122//369
f 1167//369 1293//369 1166//369
f 1297//369 1071//369 1179//369
f 1180//382 1179//382 1071//382
f 1071//382 1159//382 1180//382
f 1129//405 1130//405 1172//405
f 1297//369 1293//369 1071//369
f 948//369 1071//369 1293//369
f 1293//369 1167//369 948//369
f 1167//369 1182//369 948//369
f 1182//389 1271//389 946//389
f 946//389 948//389 1182//389
f 946//389 1271//389 1294//389
f 1294//369 1124//369 1098//369
f 1098//369 946//369 1294//369
f 1124//369 1122//369 1282//369
f 1282//369 1098//369 1124//369
f 1284//369 1282//369 1122//369
f 1122//369 1121//369 914//369
f 914//369 1284//369 1122//369
f 1121//388 1127//388 1135//388
f 1135//388 914//388 1121//388
f 1127//388 1155//388 1154//388
f 1154//388 1135//388 1127//388
f 1155//388 1126//388 1154//388
f 1116//405 1118//405 1283//405
f 1283//405 912//405 1116//405
f 1118//405 1117//405 1285//405
f 1285//405 1283//405 1118//405
f 1117//405 1107//405 1165//405
f 1165//405 1285//405 1117//405
f 1107//405 1105//405 1165//405
f 1114//405 1165//405 1105//405
f 1105//405 1106//405 1114//405
f 1106//405 1115//405 1114//405
f 1131//405 1114//405 1115//405
f 1115//405 1130//405 1131//405
f 1130//405 1129//405 1131//405
f 915//405 1131//405 1129//405
f 1129//405 1172//405 915//405
f 1172//385 1168//384 1156//384
f 1156//384 915//385 1172//385
f 1157//1 1291//1 1158//1
f 1290//1 1289//1 1291//1
f 1291//1 1157//1 1290//1
f 1192//1 1302//1 1289//1
f 1289//1 1290//1 1192//1
f 1192//1 949//1 1302//1
f 1192//1 1194//1 949//1
f 1192//1 1150//1 1194//1
f 1150//1 1192//1 913//1
f 1174//388 1150//388 913//388
f 913//388 1148//388 1174//388
f 1126//388 1174//388 1148//388
f 1148//388 1116//400 1126//388
f 1154//388 1126//388 1116//388
f 1116//388 912//388 1154//388
f 1153//774 1154//774 912//774
f 1119//774 1152//774 1153//774
f 1153//774 912//774 1119//774
f 948//774 1152//774 1119//774
f 1119//774 1165//774 948//774
f 1196//774 948//774 1165//774
f 1165//774 1195//774 1196//774
f 1292//774 1196//774 1195//774
f 1159//774 1292//774 1195//774
f 1195//774 1156//774 1159//774
f 1159//382 1156//384 1168//384
f 1168//384 1180//382 1159//382
f 1241//384 1158//382 1180//382
f 1180//382 1168//384 1241//384
f 1241//384 1157//384 1158//382
f 978//401 1247//403 1009//403
f 978//401 1042//393 1256//393
f 1042//393 999//390 1253//390
f 1253//390 1256//393 1042//393
f 999//390 1067//388 1254//388
f 1254//388 1253//390 999//390
f 1067//388 1006//386 1251//386
f 1251//386 1254//388 1067//388
f 1006//386 1001//380 1250//380
f 1250//380 1251//386 1006//386
f 1050//372 1250//380 1001//380
f 1050//372 929//370 1214//370
f 929//370 1065//369 1259//369
f 1259//369 1214//370 929//370
f 950//371 1259//369 1065//369
f 950//371 1037//373 1216//373
f 1037//373 993//381 1175//381
f 1175//381 1216//373 1037//373
f 993//381 1059//387 1178//387
f 1178//387 1175//381 993//381
f 985//389 1178//387 1059//387
f 985//389 1057//391 1176//391
f 1057//391 1002//394 1177//394
f 1177//394 1176//391 1057//391
f 1002//394 1044//402 1215//402
f 1215//402 1177//394 1002//394
f 941//404 1215//402 1044//402
f 941//404 1060//405 1248//405
f 1060//405 1009//403 1247//403
f 1247//403 1248//405 1060//405
f 1033//774 928//774 1089//774
f 1091//774 1033//774 1089//774
f 972//774 1091//774 1089//774
f 1090//774 972//774 1089//774
f 1032//774 1090//774 1089//774
f 971//774 1032//774 1089//774
f 1084//774 971//774 1089//774
f 991//774 1084//774 1089//774
f 1088//774 991//774 1089//774
f 1026//774 1088//774 1089//774
f 995//774 1026//774 1089//774
f 1016//774 995//774 1089//774
f 927//774 1016//774 1089//774
f 1080//774 927//774 1089//774
f 1027//774 1080//774 1089//774
f 977//774 1027//774 1089//774
f 1000//774 977//774 1089//774
f 1017//774 1000//774 1089//774
f 966//1 1048//1 1163//1
f 1048//1 926//1 1163//1
f 926//1 1007//1 1163//1
f 1007//1 1068//1 1163//1
f 1068//1 956//1 1163//1
f 956//1 1043//1 1163//1
f 1043//1 931//1 1163//1
f 931//1 1008//1 1163//1
f 1008//1 1063//1 1163//1
f 1063//1 955//1 1163//1
f 955//1 1045//1 1163//1
f 1045//1 933//1 1163//1
f 933//1 1056//1 1163//1
f 1056//1 967//1 1163//1
f 967//1 1058//1 1163//1
f 1058//1 930//1 1163//1
f 930//1 1046//1 1163//1
f 1046//1 952//1 1163//1
f 952//1 1061//1 1163//1
f 1061//1 966//1 1163//1
f 1001//774 1186//774 1050//774
f 929//774 1050//774 1186//774
f 1186//774 1185//774 929//774
f 1065//774 929//774 1185//774
f 1185//774 1187//774 1065//774
f 950//774 1065//774 1187//774
f 1187//774 1184//774 950//774
f 1037//774 950//774 1184//774
f 1057//774 1296//774 1002//774
f 1044//774 1002//774 1296//774
f 1019//403 1236//401 1018//401
f 979//393 1018//401 1236//401
f 1236//401 1229//393 979//393
f 987//390 979//393 1229//393
f 1229//393 1091//390 987//390
f 1072//388 987//390 1091//390
f 1072//388 1227//386 1004//386
f 973//380 1004//386 1227//386
f 1227//386 1238//380 973//380
f 1028//372 973//380 1238//380
f 1238//380 1233//372 1028//372
f 1083//370 1028//372 1233//372
f 992//369 1262//371 1086//371
f 994//373 1086//371 1262//371
f 1262//371 1026//373 994//373
f 984//381 994//373 1026//373
f 1026//373 1230//381 984//381
f 1077//387 984//381 1230//381
f 1230//381 1234//387 1077//387
f 1015//389 1077//387 1234//387
f 1234//387 1263//389 1015//389
f 986//391 1015//389 1263//389
f 1263//389 1231//391 986//391
f 997//394 986//391 1231//391
f 1231//391 1226//394 997//394
f 1025//402 997//394 1226//394
f 1226//394 977//402 1025//402
f 1087//404 1025//402 977//402
f 1087//404 1264//405 998//405
f 1019//403 998//405 1264//405
f 1089//403 928//401 1235//401
f 1228//393 1235//401 928//401
f 928//401 1033//393 1228//393
f 1091//390 1228//393 1033//393
f 1090//386 1032//380 1237//380
f 1232//372 1237//380 1032//380
f 1032//380 971//372 1232//372
f 1084//370 1232//372 971//372
f 1262//371 992//369 991//369
f 991//369 1088//371 1262//371
f 1026//373 1262//371 1088//371
f 1026//373 995//381 1230//381
f 1234//387 1230//381 995//381
f 995//381 1016//387 1234//387
f 1263//389 1234//387 1016//387
f 1016//387 927//389 1263//389
f 1231//391 1263//389 927//389
f 927//389 1080//391 1231//391
f 1226//394 1231//391 1080//391
f 1080//391 1027//394 1226//394
f 977//402 1226//394 1027//394
f 977//402 1000//404 1087//404
f 1264//405 1087//404 1000//404
f 1000//404 1017//405 1264//405
f 1019//403 1264//405 1017//405
f 1017//405 1089//403 1019//403
f 1236//401 1019//403 1089//403
f 1089//403 1235//401 1236//401
f 1229//393 1236//401 1235//401
f 1235//401 1228//393 1229//393
f 1091//390 1229//393 1228//393
f 1091//390 972//388 1072//388
f 1227//386 1072//388 972//388
f 972//388 1090//386 1227//386
f 1238//380 1227//386 1090//386
f 1090//386 1237//380 1238//380
f 1233//372 1238//380 1237//380
f 1237//380 1232//372 1233//372
f 1083//370 1233//372 1232//372
f 1232//372 1084//370 1083//370
f 992//369 1083//370 1084//370
f 1084//370 991//369 992//369
f 992//1 1028//1 1083//1
f 1184//774 1187//774 992//774
f 1037//774 1184//774 992//774
f 992//774 1086//774 1037//774
f 993//774 1037//774 1086//774
f 1086//774 994//774 993//774
f 1059//774 993//774 994//774
f 994//774 984//774 1059//774
f 985//774 1059//774 984//774
f 984//774 1077//774 985//774
f 1057//774 985//774 1077//774
f 1077//774 1015//774 1057//774
f 1296//774 1057//774 1015//774
f 1015//774 986//774 1296//774
f 1044//774 1296//774 986//774
f 986//774 997//774 1044//774
f 941//774 1044//774 997//774
f 997//774 1025//774 941//774
f 1060//774 941//774 1025//774
f 1025//774 1087//774 1060//774
f 1009//774 1060//774 1087//774
f 1087//774 998//774 1009//774
f 978//774 1009//774 998//774
f 998//774 1019//774 978//774
f 1042//774 978//774 1019//774
f 1019//774 1018//774 1042//774
f 999//774 1042//774 1018//774
f 1018//774 979//774 999//774
f 1067//774 999//774 979//774
f 979//774 987//774 1067//774
f 1006//774 1067//774 987//774
f 987//774 1072//774 1006//774
f 1001//774 1006//774 1072//774
f 1072//774 1004//774 1001//774
f 1186//774 1001//774 1004//774
f 1004//774 973//774 1186//774
f 1185//774 1186//774 973//774
f 973//774 1028//774 1185//774
f 1187//774 1185//774 1028//774
f 1028//774 992//774 1187//774
f 1214//370 1259//369 1260//369
f 1260//369 1258//370 1214//370
f 1050//372 1214//370 1258//370
f 1258//370 1257//372 1050//372
f 1250//380 1050//372 1257//372
f 1256//393 1255//401 978//401
f 1247//403 978//401 1255//401
f 1255//401 1249//403 1247//403
f 1248//405 1247//403 1249//403
f 1249//403 1252//405 1248//405
f 941//404 1248//405 1252//405
f 1252//405 1219//404 941//404
f 1215//402 941//404 1219//404
f 1219//404 1221//402 1215//402
f 1177//394 1215//402 1221//402
f 1221//402 1198//394 1177//394
f 1176//391 1177//394 1198//394
f 1198//394 1200//391 1176//391
f 985//389 1176//391 1200//391
f 1200//391 1300//389 985//389
f 1178//387 985//389 1300//389
f 1300//389 1199//387 1178//387
f 1175//381 1178//387 1199//387
f 1199//387 1197//381 1175//381
f 1216//373 1175//381 1197//381
f 1197//381 1220//373 1216//373
f 950//371 1216//373 1220//373
f 1220//373 1218//371 950//371
f 1259//369 950//371 1218//371
f 1218//371 1260//369 1259//369
f 1258//370 1260//369 1063//369
f 1063//369 1008//370 1258//370
f 1257//372 1258//370 1008//370
f 1008//370 931//372 1257//372
f 1250//380 1257//372 931//372
f 931//372 1043//380 1250//380
f 1251//386 1250//380 1043//380
f 1043//380 956//386 1251//386
f 1254//388 1251//386 956//386
f 956//386 1068//388 1254//388
f 1253//390 1254//388 1068//388
f 1068//388 1007//390 1253//390
f 1256//393 1253//390 1007//390
f 1007//390 926//393 1256//393
f 1255//401 1256//393 926//393
f 926//393 1048//401 1255//401
f 1249//403 1255//401 1048//401
f 1048//401 966//403 1249//403
f 1252//405 1249//403 966//403
f 966//403 1061//405 1252//405
f 1219//404 1252//405 1061//405
f 1061//405 952//404 1219//404
f 1221//402 1219//404 952//404
f 952//404 1046//402 1221//402
f 1198//394 1221//402 1046//402
f 1046//402 930//394 1198//394
f 1200//391 1198//394 930//394
f 930//394 1058//391 1200//391
f 1300//389 1200//391 1058//391
f 1058//391 967//389 1300//389
f 1199//387 1300//389 967//389
f 967//389 1056//387 1199//387
f 1197//381 1199//387 1056//387
f 1056//387 933//381 1197//381
f 1220//373 1197//381 933//381
f 933//381 1045//373 1220//373
f 1218//371 1220//373 1045//373
f 1045//373 955//371 1218//371
f 1260//369 1218//371 955//371
f 955//371 1063//369 1260//369
f 1038//402 935//394 1280//394
f 935//394 988//391 1288//391
f 1288//391 1280//394 935//394
f 988//391 1010//389 1287//389
f 1287//389 1288//391 988//391
f 1010//389 1055//387 1278//387
f 1278//387 1287//389 1010//389
f 1003//381 1278//387 1055//387
f 939//371 1066//369 1276//369
f 1066//369 953//370 1279//370
f 1279//370 1276//369 1066//369
f 1049//372 1279//370 953//370
f 1051//401 922//403 1281//403
f 922//403 1036//405 1277//405
f 1277//405 1281//403 922//403
f 976//404 1277//405 1036//405
f 1030//1 1074//1 1299//1
f 980//1 1030//1 1299//1
f 1079//1 980//1 1299//1
f 963//1 1079//1 1299//1
f 1078//1 963//1 1299//1
f 1031//1 1078//1 1299//1
f 962//1 1031//1 1299//1
f 1075//1 962//1 1299//1
f 982//1 1075//1 1299//1
f 1081//1 982//1 1299//1
f 1024//1 1081//1 1299//1
f 934//1 1024//1 1299//1
f 996//1 934//1 1299//1
f 1023//1 996//1 1299//1
f 1094//1 1023//1 1299//1
f 957//1 1094//1 1299//1
f 1021//1 957//1 1299//1
f 1022//1 1021//1 1299//1
f 975//1 1022//1 1299//1
f 1074//1 975//1 1299//1
f 961//774 1041//774 1162//774
f 1041//774 960//774 1162//774
f 960//774 1054//774 1162//774
f 1054//774 925//774 1162//774
f 925//774 1053//774 1162//774
f 1053//774 951//774 1162//774
f 951//774 1039//774 1162//774
f 1039//774 965//774 1162//774
f 965//774 1064//774 1162//774
f 1064//774 924//774 1162//774
f 924//774 1047//774 1162//774
f 1047//774 1012//774 1162//774
f 1012//774 940//774 1162//774
f 940//774 1069//774 1162//774
f 1069//774 954//774 1162//774
f 954//774 1011//774 1162//774
f 1011//774 1052//774 1162//774
f 1052//774 923//774 1162//774
f 923//774 1062//774 1162//774
f 1062//774 961//774 1162//774
f 1038//1 983//1 935//1
f 988//1 935//1 983//1
f 989//402 983//404 1207//404
f 1207//404 1188//402 989//402
f 1020//394 989//402 1188//402
f 1188//402 1190//394 1020//394
f 990//391 1020//394 1190//394
f 1190//394 1079//391 990//391
f 1073//389 990//391 1079//391
f 1073//389 1211//387 1005//387
f 964//381 1005//387 1211//387
f 1211//387 1191//381 964//381
f 1029//373 964//381 1191//381
f 1191//381 1189//373 1029//373
f 1076//371 1029//373 1189//373
f 1189//373 1212//371 1076//371
f 968//369 1076//371 1212//371
f 1212//371 1209//369 968//369
f 1082//370 968//369 1209//369
f 1082//370 1243//372 970//372
f 1035//380 970//372 1243//372
f 1243//372 934//380 1035//380
f 1092//386 1035//380 934//380
f 934//380 1206//386 1092//386
f 958//388 1092//386 1206//386
f 1206//386 1210//388 958//388
f 1093//390 958//388 1210//388
f 1210//388 1208//390 1093//390
f 1034//393 1093//390 1208//390
f 1208//390 957//393 1034//393
f 974//401 1034//393 957//393
f 974//401 1205//403 1085//403
f 981//405 1085//403 1205//403
f 1205//403 1213//405 981//405
f 983//404 981//405 1213//405
f 1213//405 1207//404 983//404
f 982//369 1081//370 1265//370
f 1024//372 1265//370 1081//370
f 996//386 1023//388 1266//388
f 1094//390 1266//388 1023//388
f 957//393 1021//401 1267//401
f 1022//403 1267//401 1021//401
f 1074//404 1030//402 1188//402
f 1222//394 1188//402 1030//402
f 1030//402 980//394 1222//394
f 1079//391 1222//394 980//394
f 1078//387 1031//381 1242//381
f 1189//373 1242//381 1031//381
f 1031//381 962//373 1189//373
f 1075//371 1189//373 962//373
f 1082//370 1209//369 982//369
f 982//369 1265//370 1082//370
f 1243//372 1082//370 1265//370
f 1265//370 1024//372 1243//372
f 934//380 1243//372 1024//372
f 934//380 996//386 1206//386
f 1210//388 1206//386 996//386
f 996//386 1266//388 1210//388
f 1208//390 1210//388 1266//388
f 1266//388 1094//390 1208//390
f 957//393 1208//390 1094//390
f 957//393 1267//401 974//401
f 1205//403 974//401 1267//401
f 1267//401 1022//403 1205//403
f 1213//405 1205//403 1022//403
f 1022//403 975//405 1213//405
f 1207//404 1213//405 975//405
f 975//405 1074//404 1207//404
f 1188//402 1207//404 1074//404
f 1188//402 1222//394 1190//394
f 1079//391 1190//394 1222//394
f 1079//391 963//389 1073//389
f 1211//387 1073//389 963//389
f 963//389 1078//387 1211//387
f 1191//381 1211//387 1078//387
f 1078//387 1242//381 1191//381
f 1189//373 1191//381 1242//381
f 1189//373 1075//371 1212//371
f 1209//369 1212//371 1075//371
f 1075//371 982//369 1209//369
f 953//1 1066//1 1076//1
f 1076//1 968//1 953//1
f 1049//1 953//1 968//1
f 968//1 1082//1 1049//1
f 969//1 1049//1 1082//1
f 1082//1 970//1 969//1
f 1014//1 969//1 970//1
f 970//1 1035//1 1014//1
f 1070//1 1014//1 1035//1
f 1035//1 1092//1 1070//1
f 959//1 1070//1 1092//1
f 1092//1 958//1 959//1
f 1013//1 959//1 958//1
f 958//1 1093//1 1013//1
f 1051//1 1013//1 1093//1
f 1093//1 1034//1 1051//1
f 922//1 1051//1 1034//1
f 1034//1 974//1 922//1
f 1036//1 922//1 974//1
f 974//1 1085//1 1036//1
f 976//1 1036//1 1085//1
f 1085//1 981//1 976//1
f 1038//1 976//1 981//1
f 981//1 983//1 1038//1
f 988//774 983//774 989//774
f 989//1 1020//1 988//1
f 1010//1 988//1 1020//1
f 1020//1 990//1 1010//1
f 1055//1 1010//1 990//1
f 990//1 1073//1 1055//1
f 1003//1 1055//1 1073//1
f 1073//1 1005//1 1003//1
f 1040//1 1003//1 1005//1
f 1005//1 964//1 1040//1
f 939//1 1040//1 964//1
f 964//1 1029//1 939//1
f 1066//1 939//1 1029//1
f 1029//1 1076//1 1066//1
f 939//371 1276//369 1275//369
f 1275//369 1274//371 939//371
f 1040//373 939//371 1274//371
f 1013//393 954//390 959//390
f 1070//388 959//390 954//390
f 954//390 1069//388 1070//388
f 1014//386 1070//388 1069//388
f 1069//388 940//386 1014//386
f 969//380 1014//386 940//386
f 940//386 1269//380 969//380
f 1049//372 969//380 1269//380
f 1269//380 1268//372 1049//372
f 1279//370 1049//372 1268//372
f 1279//370 1275//369 1276//369
f 1274//371 1275//369 1064//369
f 1064//369 965//371 1274//371
f 1040//373 1274//371 965//371
f 965//371 1039//373 1040//373
f 1003//381 1040//373 1039//373
f 1039//373 951//381 1003//381
f 1278//387 1003//381 951//381
f 951//381 1053//387 1278//387
f 1287//389 1278//387 1053//387
f 1053//387 925//389 1287//389
f 1288//391 1287//389 925//389
f 925//389 1054//391 1288//391
f 1280//394 1288//391 1054//391
f 1054//391 960//394 1280//394
f 1038//402 1280//394 960//394
f 960//394 1041//402 1038//402
f 976//404 1038//402 1041//402
f 1041//402 961//404 976//404
f 1277//405 976//404 961//404
f 961//404 1062//405 1277//405
f 1281//403 1277//405 1062//405
f 1062//405 923//403 1281//403
f 1051//401 1281//403 923//403
f 923//403 1052//401 1051//401
f 1013//393 1051//401 1052//401
f 1052//401 1011//393 1013//393
f 954//390 1013//393 1011//393
f 940//386 1012//380 1269//380
f 1268//372 1269//380 1012//380
f 1012//380 1047//372 1268//372
f 1279//370 1268//372 1047//372
f 1047//372 924//370 1279//370
f 1275//369 1279//370 924//370
f 924//370 1064//369 1275//369
f 917//1 1217//1 1272//1
f 1203//383 1161//383 920//383
f 1113//1 1273//1 916//1
f 916//1 943//1 1113//1
f 917//1 1272//1 1112//1
f 1144//774 919//774 1164//774
f 1164//774 945//774 1144//774
f 944//1 1113//1 943//1
f 943//1 1134//1 944//1
f 1240//405 1110//405 1109//405
f 1110//652 1111//610 1109//405
f 945//774 1164//774 942//774
f 1246//1 1245//1 917//1
f 1103//369 1099//369 1142//369
f 1142//375 1128//389 1143//375
f 1138//369 1097//369 1140//374
f 1140//374 1141//388 1096//388
f 1095//400 1137//405 1132//405
f 1095//400 1132//405 1133//369
f 1202//383 1204//383 1147//383
f 1134//369 1142//369 1099//369
f 1099//369 1100//369 1134//369
f 943//389 1128//389 1142//389
f 1142//389 1134//389 943//389
f 943//389 1143//389 1128//389
f 943//369 1138//369 1143//369
f 916//369 1097//369 1138//369
f 1138//369 943//369 916//369
f 916//369 1140//369 1097//369
f 1273//388 1141//388 1140//388
f 1140//388 916//388 1273//388
f 1273//388 1096//388 1141//388
f 917//388 1095//388 1139//388
f 1139//388 1217//388 917//388
f 917//405 1137//405 1095//405
f 917//405 1132//405 1137//405
f 917//405 1133//405 1132//405
f 1239//369 1133//369 917//369
f 917//405 1245//405 1239//405
f 1160//383 1202//383 1147//383
f 1147//383 918//383 1160//383
f 1100//120 1099//369 1103//369
f 936//405 1101//405 1104//405
f 1244//1 1286//1 1183//1
f 1146//405 1145//405 1183//405
f 1183//405 1286//405 1146//405
f 1223//774 1110//774 1224//774
f 1224//774 1225//774 1223//774
f 1101//405 1103//369 1102//369
f 1100//369 1103//369 1101//369
f 1101//369 936//369 1100//369
f 1245//1 1246//1 1244//1
f 1244//1 1183//1 1245//1
f 1145//405 1239//405 1245//405
f 1245//405 1183//405 1145//405
f 1110//405 1240//405 1224//405
f 1095//405 1133//405 1240//405
f 1240//405 1109//405 1095//405
f 1109//405 1111//405 1095//405
f 919//388 1144//388 1140//388
f 1138//369 1140//369 1144//369
f 1143//369 1138//369 1144//369
f 1144//369 945//369 1143//369
f 1142//389 1143//389 945//389
f 945//389 942//389 1142//389
f 1103//369 1142//369 942//369
f 1102//369 1103//369 942//369
f 942//369 1104//369 1102//369
f 1101//369 1102//369 1104//369
f 1147//383 1204//383 1203//383
f 1203//383 920//383 1147//383
f 1224//405 1240//405 1239//405
f 1239//405 1145//405 1224//405
f 1133//405 1239//405 1240//405
f 1201//383 937//383 1161//383
f 1161//383 1203//383 1201//383
f 1104//774 1223//774 1225//774
f 1225//774 937//774 1104//774
f 1104//774 1110//774 1223//774
f 1110//774 1104//774 942//774
f 942//774 1164//774 1111//774
f 1111//774 1110//774 942//774
f 1164//774 919//774 921//774
f 921//774 1111//774 1164//774
f 1111//610 921//774 919//651
f 1140//388 1095//388 1111//388
f 1111//388 919//388 1140//388
f 1139//388 1095//400 1140//374
f 1140//374 1096//388 1139//388
f 1217//388 1139//388 1096//388
f 1096//388 1273//388 1217//388
f 1272//1 1217//1 1273//1
f 1273//1 1113//1 1272//1
f 1112//1 1272//1 1113//1
f 1113//1 944//1 1112//774
f 917//774 1112//774 944//774
f 944//1 1134//1 917//1
f 1134//1 1100//1 917//1
f 1246//1 917//1 1100//1
f 1244//1 1246//1 1100//1
f 1100//1 936//1 1244//1
f 1202//383 1160//383 936//383
f 1204//383 1202//383 936//383
f 1203//383 1204//383 936//383
f 936//383 1201//383 1203//383
f 1225//774 1224//774 920//774
f 920//774 1161//774 1225//774
f 937//774 1225//774 1161//774
f 1201//369 1104//369 937//369
f 1104//369 1201//369 936//369
f 1160//1 1244//1 936//1
f 1286//1 1244//1 1160//1
f 1160//1 918//1 1286//1
f 1147//405 1146//405 1286//405
f 1286//405 918//405 1147//405
f 1147//392 1145//405 1146//405
f 920//405 1224//405 1145//405
f 1145//405 1147//405 920//405
# 2564 faces
