# File produced by AccuTrans 3D

v 0.588047 0.556409 0
v 0.670088 0.216137 0
v 0.535769 0.521707 0
v 0.630625 0.170069 0
v 0.494256 0.502398 0
v 0.591112 0.12501 0
v 0.441849 0.484264 0
v 0.54198 0.059395 0
v 0.389475 0.467499 0
v 0.511817 0.012581 0
v 0.312694 0.449272 0
v 0.4684 -0.053053 0
v 0.270403 0.445411 0
v 0.253216 0.443162 0
v 0.136106 0.444907 0
v 0.438955 -0.104201 0
v 0.431126 -0.138199 0
v 0.424022 -0.17618 0
v 0.40905 -0.198575 0
v 0.386167 -0.218039 0
v 0.35162 -0.235684 0
v 0.314411 -0.237187 0
v 0.278208 -0.231534 0
v 0.228861 -0.225748 0
v 0.457884 -0.070022 0
v -0.008462 0.435906 0
v 0.030274 -0.223966 0
v 0.102664 -0.221588 0
v -0.10832 0.433755 0
v -0.065915 -0.246858 0
v -0.201006 0.434585 0
v -0.186248 -0.277925 0
v -0.264675 0.436157 0
v -0.261299 -0.28443 0
v -0.328452 0.438666 0
v -0.346427 -0.277414 0
v -0.39112 0.445061 0
v -0.434371 -0.257031 0
v -0.425415 0.449133 0
v -0.490527 0.453109 0
v -0.566703 0.455993 0
v -0.681119 0.471372 0
v -0.762738 0.488037 0
v -0.833787 0.441605 0
v -0.856763 0.427774 0
v -0.47723 -0.254583 0
v -0.515191 -0.262896 0
v -0.733658 -0.268486 0
v -0.686599 -0.282877 0
v -0.624826 -0.286097 0
v -0.57381 -0.280193 0
v -0.865689 0.131654 0
v -0.864127 0.181161 0
v -0.871978 0.077277 0
v -0.882754 0.016477 0
v -0.889947 -0.056428 0
v -0.890984 -0.097632 0
v -0.885341 -0.140758 0
v -0.859648 -0.185593 0
v -0.838763 -0.211152 0
v -0.809432 -0.234127 0
v -0.777285 -0.250612 0
v -0.868624 0.219125 0
v -0.875041 0.246975 0
v -0.879998 0.270044 0
v -0.879691 0.288807 0
v -0.876944 0.320448 0
v -0.875559 0.346341 0
v 0.203668 0.445275 0
v 0.165762 -0.223668 0
v -0.803655 0.492009 0
v 0.827235 0.520261 -0.000018
v 0.854713 0.494278 0.000014
v 0.794372 0.547764 -0.000055
v 0.880284 0.474196 0.000043
v 0.920433 0.441421 0.000088
v 0.929631 0.431962 0.000099
v 0.962527 0.402501 0.000137
v 0.980776 0.389733 0.000157
v 1.026543 0.365525 0.000205
v 1.037398 0.349287 0.00022
v 0.993574 0.384279 0.00017
v 1.011874 0.374988 0.000189
v 1.03748 0.334213 0.000224
v 1.030197 0.313971 0.000224
v 1.026531 0.301115 0.000224
v 1.019164 0.292017 0.00022
v 1.011976 0.276876 0.000218
v 1.000933 0.265989 0.000212
v 0.980699 0.255632 0.000197
v 0.960625 0.255291 0.000179
v 0.887462 0.259088 0.000113
v 0.867287 0.255869 0.000096
v 0.909421 0.260939 0.000132
v 0.938703 0.255476 0.00016
v 0.828946 0.250199 0.000064
v 0.775865 0.239336 0.00002
v 0.720946 0.228646 -0.000026
v 0.708295 0.605517 -0.000149
v 0.735767 0.592392 -0.000121
v 0.682751 0.609115 -0.000173
v 0.750391 0.581239 -0.000104
v 0.660737 0.602061 -0.00019
v 0.649618 0.593318 -0.000197
v 0.642409 0.58566 -0.000202
v 0.602243 0.566954 -0.000232
v 0.590193 0.549413 -0.03001
v 0.593909 0.540932 -0.048386
v 0.596418 0.529068 -0.06461
v 0.60775 0.481415 -0.0886
v 0.621174 0.440617 -0.095267
v 0.621986 0.39776 -0.100966
v 0.642477 0.347293 -0.107907
v 0.653106 0.295683 -0.099384
v 0.658425 0.247517 -0.080163
v 0.665814 0.222248 -0.06
v 0.668943 0.21316 -0.037092
v 0.536435 0.518063 -0.020532
v 0.536814 0.50843 -0.036074
v 0.540658 0.483382 -0.063496
v 0.553012 0.457568 -0.077273
v 0.56288 0.42795 -0.082399
v 0.57497 0.38048 -0.095723
v 0.59432 0.324718 -0.103732
v 0.609402 0.258342 -0.092304
v 0.614645 0.220622 -0.07744
v 0.617143 0.199859 -0.062392
v 0.6227 0.182787 -0.049473
v 0.635902 0.174215 -0.039517
v 0.49157 0.49957 -0.014486
v 0.49522 0.493001 -0.029643
v 0.500041 0.460486 -0.058853
v 0.512284 0.437517 -0.068042
v 0.520221 0.405292 -0.080156
v 0.539457 0.360961 -0.090932
v 0.550464 0.299757 -0.097889
v 0.556654 0.229035 -0.090507
v 0.568705 0.182141 -0.078348
v 0.573014 0.169222 -0.07244
v 0.579717 0.155499 -0.061568
v 0.584847 0.14089 -0.048152
v 0.592177 0.124099 -0.035364
v 0.446595 0.482052 -0.006844
v 0.452047 0.470529 -0.033968
v 0.456448 0.442401 -0.059467
v 0.462108 0.41433 -0.067773
v 0.467851 0.38621 -0.076046
v 0.477411 0.329726 -0.092488
v 0.482708 0.269232 -0.100024
v 0.500911 0.189892 -0.099887
v 0.50914 0.14107 -0.09315
v 0.516783 0.120829 -0.082537
v 0.520535 0.102479 -0.071072
v 0.532565 0.071216 -0.051403
v 0.547771 0.063354 -0.037518
v 0.387917 0.453375 -0.033542
v 0.392401 0.425198 -0.059009
v 0.399911 0.395474 -0.070566
v 0.407848 0.363248 -0.08268
v 0.415633 0.306522 -0.09893
v 0.434452 0.244403 -0.103012
v 0.456993 0.167177 -0.114839
v 0.472039 0.121979 -0.107979
v 0.478007 0.091994 -0.091452
v 0.484689 0.056984 -0.07603
v 0.50206 0.027583 -0.055266
v 0.513207 0.010797 -0.04027
v 0.316993 0.441064 -0.040519
v 0.326169 0.416797 -0.068296
v 0.34858 0.384918 -0.084592
v 0.355549 0.344587 -0.102467
v 0.372267 0.291184 -0.116322
v 0.394362 0.230182 -0.123135
v 0.407075 0.181551 -0.131489
v 0.424521 0.142115 -0.13026
v 0.428749 0.104707 -0.128492
v 0.43538 0.062194 -0.1041
v 0.442056 0.005031 -0.085793
v 0.455404 -0.034205 -0.065386
v 0.466281 -0.050472 -0.05292
v 0.271253 0.438896 -0.036054
v 0.281375 0.418546 -0.068353
v 0.305047 0.367276 -0.109203
v 0.324046 0.336179 -0.119544
v 0.353263 0.287717 -0.129718
v 0.380664 0.225217 -0.144115
v 0.395406 0.167897 -0.142628
v 0.402911 0.131569 -0.143653
v 0.402906 0.096596 -0.143498
v 0.393574 0.061761 -0.143655
v 0.392014 0.018487 -0.131869
v 0.382401 -0.01577 -0.134595
v 0.374248 -0.034578 -0.133897
v 0.347607 0.285474 -0.134905
v 0.365618 0.233497 -0.153934
v 0.386167 0.166451 -0.169916
v 0.391077 0.131532 -0.178317
v 0.391611 0.095485 -0.173162
v 0.38529 0.04825 -0.159122
v 0.38289 0.01412 -0.163869
v 0.368436 -0.022087 -0.161098
v 0.352615 -0.057824 -0.150095
v 0.341358 0.287259 -0.140485
v 0.358855 0.235468 -0.166081
v 0.367975 0.177275 -0.19215
v 0.378562 0.128968 -0.202874
v 0.374657 0.094039 -0.204959
v 0.366261 0.046082 -0.194844
v 0.363674 0.003142 -0.196253
v 0.353449 -0.021875 -0.187436
v 0.326848 -0.067868 -0.168221
v 0.264085 0.423428 -0.065362
v 0.282744 0.38153 -0.1035
v 0.297975 0.342382 -0.132666
v 0.314238 0.300954 -0.151753
v 0.324653 0.24415 -0.183056
v 0.334569 0.193703 -0.207467
v 0.343846 0.137836 -0.226416
v 0.344873 0.080726 -0.234036
v 0.335292 0.038917 -0.227759
v 0.33274 0.008655 -0.226265
v 0.321702 -0.030652 -0.208612
v 0.313991 -0.061338 -0.202659
v 0.293899 -0.085143 -0.199156
v 0.206291 0.439041 -0.035525
v 0.204518 0.430621 -0.05187
v 0.209164 0.411373 -0.08075
v 0.216663 0.37781 -0.126444
v 0.236425 0.313786 -0.172363
v 0.239963 0.253323 -0.203685
v 0.249463 0.193599 -0.22888
v 0.261115 0.144381 -0.251892
v 0.273133 0.07667 -0.259113
v 0.272028 0.050198 -0.255611
v 0.266557 0.016306 -0.251938
v 0.247481 -0.044729 -0.238298
v 0.137276 0.436828 -0.044479
v 0.141541 0.42725 -0.057756
v 0.144202 0.411519 -0.080222
v 0.145765 0.38443 -0.117195
v 0.1482 0.354605 -0.148215
v 0.158912 0.275397 -0.197822
v 0.161215 0.241948 -0.213636
v 0.170791 0.171779 -0.234474
v 0.17458 0.132623 -0.242394
v 0.176846 0.091611 -0.2492
v 0.177606 0.0498 -0.253346
v 0.180499 0.005719 -0.258235
v 0.172794 -0.04718 -0.249361
v 0.17361 -0.083843 -0.241699
v 0.290644 -0.110813 -0.172565
v 0.303265 -0.086639 -0.17648
v 0.326237 -0.107264 -0.161018
v 0.348858 -0.103225 -0.147889
v 0.372306 -0.065904 -0.127408
v 0.378631 -0.098401 -0.111433
v 0.347608 -0.127813 -0.141323
v 0.322068 -0.135482 -0.152273
v 0.280777 -0.13838 -0.164362
v 0.315632 -0.151018 -0.147038
v 0.276385 -0.154191 -0.156788
v 0.308532 -0.171086 -0.134773
v 0.270022 -0.178303 -0.144202
v 0.299681 -0.198966 -0.113473
v 0.342081 -0.167263 -0.125564
v 0.336187 -0.19246 -0.107973
v 0.354639 -0.17931 -0.107031
v 0.368369 -0.159388 -0.104048
v 0.346943 -0.144026 -0.135611
v 0.378825 -0.133941 -0.108804
v 0.386919 -0.078287 -0.106499
v 0.416308 -0.098393 -0.078239
v 0.396364 -0.13226 -0.094337
v 0.414247 -0.133031 -0.08046
v 0.405522 -0.163442 -0.087666
v 0.392952 -0.180113 -0.092721
v 0.37738 -0.200366 -0.09563
v 0.347838 -0.213681 -0.096655
v 0.329234 -0.214451 -0.098834
v 0.294707 -0.210809 -0.106254
v 0.260695 -0.206944 -0.130999
v 0.436798 -0.100634 -0.056949
v 0.430532 -0.133762 -0.062411
v 0.423394 -0.172702 -0.06641
v 0.409646 -0.19372 -0.071003
v 0.389002 -0.216352 -0.072476
v 0.353827 -0.230928 -0.077262
v 0.324096 -0.230916 -0.077994
v 0.293473 -0.229225 -0.086229
v 0.254415 -0.228665 -0.111166
v 0.420987 -0.010898 -0.104394
v 0.411862 0.041511 -0.115578
v 0.426929 -0.039957 -0.086238
v 0.409883 -0.025784 -0.110519
v 0.44339 -0.053955 -0.068519
v 0.453918 -0.065826 -0.052348
v -0.007645 0.408574 -0.056343
v -0.010034 0.383343 -0.092361
v -0.003081 0.328739 -0.140109
v 0.016239 0.284732 -0.174806
v 0.029037 0.238863 -0.199866
v 0.032629 0.163729 -0.237174
v 0.03033 0.126777 -0.246609
v 0.034818 0.096282 -0.251238
v 0.033546 0.067506 -0.254954
v 0.036839 0.026121 -0.248627
v 0.039681 -0.017323 -0.228071
v 0.034538 -0.039982 -0.220592
v 0.032769 -0.091216 -0.203962
v 0.036066 -0.126369 -0.184213
v 0.030907 -0.155572 -0.166239
v 0.029315 -0.171475 -0.145661
v 0.027314 -0.203282 -0.115237
v 0.027372 -0.212131 -0.083909
v 0.119418 -0.025192 -0.221249
v 0.095367 -0.098033 -0.200329
v 0.090798 -0.129356 -0.178909
v 0.088607 -0.155937 -0.164606
v 0.083183 -0.178389 -0.135741
v 0.086886 -0.204281 -0.115368
v 0.089458 -0.2188 -0.086904
v -0.110497 0.424547 -0.032149
v -0.107759 0.406881 -0.057734
v -0.097418 0.387021 -0.086011
v -0.094091 0.347415 -0.125944
v -0.106531 0.314548 -0.163999
v -0.091957 0.244794 -0.217252
v -0.047375 0.158528 -0.250899
v -0.047395 0.117384 -0.264203
v -0.051851 0.083589 -0.271325
v -0.046748 0.050086 -0.274075
v -0.04585 0.009544 -0.272649
v -0.045094 -0.038871 -0.266262
v -0.049681 -0.084839 -0.250762
v -0.04626 -0.138893 -0.21938
v -0.0491 -0.175553 -0.185968
v -0.047474 -0.193989 -0.152982
v -0.057262 -0.217258 -0.134478
v -0.059178 -0.238573 -0.080392
v -0.199529 0.425001 -0.030281
v -0.208632 0.413143 -0.053315
v -0.204825 0.400761 -0.077828
v -0.191135 0.381992 -0.108903
v -0.193735 0.348839 -0.140016
v -0.236456 0.288749 -0.194218
v -0.178263 0.179417 -0.269239
v -0.154118 0.120435 -0.294453
v -0.151608 0.088305 -0.30464
v -0.148408 0.04272 -0.30859
v -0.153128 -0.012732 -0.315259
v -0.151015 -0.078655 -0.30231
v -0.163539 -0.141033 -0.279035
v -0.169614 -0.181667 -0.247476
v -0.169685 -0.202317 -0.217479
v -0.167828 -0.228873 -0.173016
v -0.170919 -0.249922 -0.160046
v -0.174052 -0.266086 -0.111385
v -0.177759 -0.273585 -0.076665
v -0.267167 0.426568 -0.037221
v -0.26675 0.415987 -0.054292
v -0.280524 0.404817 -0.088627
v -0.274782 0.385656 -0.128209
v -0.290157 0.354333 -0.152212
v -0.337346 0.328555 -0.167548
v -0.349041 0.267973 -0.229245
v -0.305709 0.175358 -0.29347
v -0.284325 0.123584 -0.316863
v -0.262579 0.058841 -0.336446
v -0.261931 -0.028724 -0.340281
v -0.256234 -0.095034 -0.329122
v -0.252669 -0.150972 -0.300805
v -0.260072 -0.192122 -0.262604
v -0.260451 -0.211268 -0.233547
v -0.262254 -0.235465 -0.184111
v -0.26804 -0.270149 -0.160638
v -0.263841 -0.274363 -0.112765
v -0.259993 -0.282281 -0.077601
v -0.334052 0.430262 -0.030382
v -0.346205 0.42324 -0.058607
v -0.358779 0.409296 -0.108393
v -0.364439 0.389551 -0.152212
v -0.378344 0.366208 -0.163925
v -0.411006 0.326142 -0.189369
v -0.395379 0.283496 -0.220678
v -0.38481 0.249323 -0.250838
v -0.379369 0.172535 -0.291398
v -0.370687 0.120733 -0.310679
v -0.365912 0.019221 -0.338049
v -0.370667 -0.086198 -0.326629
v -0.36748 -0.140644 -0.299246
v -0.355499 -0.179448 -0.270668
v -0.34573 -0.200385 -0.23373
v -0.345873 -0.221457 -0.179836
v -0.349643 -0.26717 -0.153714
v -0.3507 -0.270894 -0.099749
v -0.398338 0.439151 -0.026699
v -0.400748 0.429551 -0.055206
v -0.413777 0.419033 -0.102806
v -0.422923 0.410479 -0.145088
v -0.435995 0.394343 -0.180565
v -0.465531 0.367737 -0.210039
v -0.465805 0.313462 -0.230208
v -0.446131 0.262741 -0.247772
v -0.436362 0.202499 -0.270436
v -0.451143 0.146881 -0.288008
v -0.453165 0.082889 -0.302197
v -0.434326 -0.052009 -0.310651
v -0.430461 -0.10202 -0.290322
v -0.435695 -0.137837 -0.261811
v -0.436757 -0.159474 -0.222586
v -0.4286 -0.180311 -0.181513
v -0.430463 -0.244666 -0.143791
v -0.432526 -0.255957 -0.070165
v -0.428415 0.441653 -0.02678
v -0.434492 0.432488 -0.053528
v -0.438744 0.422968 -0.105853
v -0.448312 0.418799 -0.144425
v -0.471663 0.40124 -0.19647
v -0.499587 0.365984 -0.222661
v -0.501966 0.304504 -0.236298
v -0.51671 0.21916 -0.241884
v -0.514457 0.178208 -0.248729
v -0.517409 0.14525 -0.258451
v -0.514251 0.094419 -0.274232
v -0.515798 0.031227 -0.280263
v -0.522797 -0.020443 -0.25917
v -0.511811 -0.066426 -0.234724
v -0.50674 -0.101336 -0.215166
v -0.511685 -0.116385 -0.188676
v -0.491998 0.44554 -0.0243
v -0.498112 0.437323 -0.049519
v -0.504172 0.434701 -0.086761
v -0.541172 0.411169 -0.161278
v -0.554449 0.36531 -0.212821
v -0.551303 0.314539 -0.228639
v -0.557958 0.249877 -0.231765
v -0.561264 0.197256 -0.237952
v -0.559457 0.170127 -0.246936
v -0.541809 0.134326 -0.260918
v -0.534704 0.095302 -0.27316
v -0.545335 0.032617 -0.275406
v -0.561956 -0.017471 -0.255528
v -0.565284 -0.063382 -0.222833
v -0.563944 -0.087433 -0.205776
v -0.561907 -0.094274 -0.192844
v -0.571145 0.451289 -0.027675
v -0.575259 0.445728 -0.045849
v -0.58273 0.438368 -0.086628
v -0.589653 0.412334 -0.161064
v -0.596384 0.358936 -0.216332
v -0.614437 0.300294 -0.234228
v -0.614875 0.241398 -0.240777
v -0.606482 0.197197 -0.24766
v -0.586905 0.16404 -0.254592
v -0.569308 0.129285 -0.267021
v -0.568183 0.091489 -0.282373
v -0.592752 0.012641 -0.28138
v -0.610494 -0.050233 -0.253605
v -0.613635 -0.099053 -0.225627
v -0.616558 -0.135664 -0.192248
v -0.689805 0.468754 -0.013434
v -0.694699 0.46199 -0.043759
v -0.695848 0.452819 -0.079025
v -0.698275 0.437084 -0.120931
v -0.698721 0.403091 -0.175194
v -0.692211 0.340136 -0.222098
v -0.669683 0.254831 -0.250438
v -0.662448 0.219058 -0.253932
v -0.659415 0.199539 -0.254723
v -0.649975 0.147921 -0.263339
v -0.641899 0.103376 -0.274254
v -0.638171 0.066056 -0.279077
v -0.631809 0.004242 -0.275009
v -0.641327 -0.076731 -0.250897
v -0.668575 -0.154531 -0.23342
v -0.708239 -0.224501 -0.216863
v -0.765846 0.481494 -0.010221
v -0.770759 0.461954 -0.043474
v -0.770287 0.456932 -0.07263
v -0.777035 0.445627 -0.113065
v -0.772355 0.4192 -0.156896
v -0.761012 0.380035 -0.188265
v -0.741288 0.308448 -0.225175
v -0.720392 0.238911 -0.241808
v -0.713351 0.181494 -0.244855
v -0.712628 0.140631 -0.24747
v -0.69263 0.103088 -0.258113
v -0.685093 0.039388 -0.267929
v -0.678519 -0.014543 -0.268827
v -0.680197 -0.089908 -0.252235
v -0.700381 -0.155241 -0.238077
v -0.727741 -0.221647 -0.223428
v -0.826927 0.449782 -0.076019
v -0.834302 0.432997 -0.110954
v -0.822974 0.407518 -0.137927
v -0.810841 0.374215 -0.170792
v -0.80418 0.32684 -0.182189
v -0.794507 0.247244 -0.197183
v -0.777736 0.179207 -0.216963
v -0.764155 0.132596 -0.232987
v -0.749535 0.094139 -0.243194
v -0.736641 0.018615 -0.256311
v -0.735457 -0.036169 -0.256812
v -0.742757 -0.112818 -0.243883
v -0.751761 -0.165198 -0.226719
v -0.767852 -0.200379 -0.218185
v -0.859169 0.424778 -0.063426
v -0.860659 0.404433 -0.102536
v -0.857825 0.377342 -0.122277
v -0.850472 0.345291 -0.140953
v -0.843656 0.308829 -0.152587
v -0.831052 0.241315 -0.177199
v -0.8166 0.163674 -0.197524
v -0.805462 0.122744 -0.210689
v -0.78727 0.083961 -0.222725
v -0.77545 0.01678 -0.232482
v -0.774479 -0.045888 -0.228016
v -0.779638 -0.112009 -0.213003
v -0.785267 -0.164186 -0.200204
v -0.793016 -0.193924 -0.192722
v -0.893362 0.408148 0
v -0.902223 0.405618 -0.05904
v -0.89482 0.381071 -0.086686
v -0.892149 0.35787 -0.100286
v -0.886255 0.325919 -0.114738
v -0.883201 0.290769 -0.123041
v -0.871799 0.234615 -0.139557
v -0.85613 0.168846 -0.169413
v -0.840077 0.119459 -0.183656
v -0.828308 0.065042 -0.19048
v -0.813304 0.00288 -0.196831
v -0.801892 -0.049025 -0.203102
v -0.802844 -0.108144 -0.192326
v -0.810727 -0.147738 -0.18306
v -0.819189 -0.185271 -0.177203
v -0.897191 0.371284 0
v -0.897174 0.35797 -0.042349
v -0.895552 0.342262 -0.054094
v -0.8944 0.319127 -0.063366
v -0.889712 0.296576 -0.072998
v -0.888096 0.274302 -0.07415
v -0.881484 0.227934 -0.084055
v -0.869302 0.164844 -0.104896
v -0.859263 0.115764 -0.123712
v -0.846876 0.062542 -0.146342
v -0.836549 0.019039 -0.149291
v -0.811965 -0.058462 -0.15878
v -0.579197 -0.138028 -0.194192
v -0.561565 -0.131737 -0.19334
v -0.647792 -0.173368 -0.193279
v -0.622749 -0.179237 -0.193352
v -0.587594 -0.177436 -0.191493
v -0.563637 -0.174864 -0.188182
v -0.510582 -0.16729 -0.182941
v -0.49706 -0.168915 -0.179485
v -0.446556 -0.171374 -0.178848
v -0.673497 -0.214437 -0.177094
v -0.638781 -0.222896 -0.177444
v -0.600009 -0.220522 -0.175852
v -0.565201 -0.224742 -0.165864
v -0.510751 -0.206884 -0.169165
v -0.511012 -0.222308 -0.155291
v -0.492491 -0.195149 -0.173875
v -0.473655 -0.193987 -0.167697
v -0.465671 -0.223284 -0.147142
v -0.487177 -0.221141 -0.157636
v -0.394928 -0.203489 -0.177087
v -0.395363 -0.227783 -0.159838
v -0.37346 -0.253692 -0.145448
v -0.400538 -0.2433 -0.137469
v -0.373154 -0.263708 -0.137031
v -0.408573 -0.250657 -0.111584
v -0.317794 -0.269353 -0.153702
v -0.291235 -0.265933 -0.163816
v -0.239801 -0.262508 -0.164685
v -0.376977 -0.266418 -0.094607
v -0.416245 -0.25396 -0.096846
v -0.43472 -0.251031 -0.114108
v -0.451269 -0.243588 -0.121328
v -0.47555 -0.230933 -0.121121
v -0.459093 -0.243024 -0.100348
v -0.436564 -0.251733 -0.09008
v -0.470465 -0.251532 -0.071629
v -0.349728 -0.276824 -0.07453
v -0.508034 -0.265266 -0.081317
v -0.504783 -0.24579 -0.121268
v -0.702062 -0.255858 -0.149916
v -0.657002 -0.256255 -0.144335
v -0.608635 -0.263049 -0.132421
v -0.5627 -0.25954 -0.131357
v -0.531857 -0.278212 -0.080313
v -0.542432 -0.278192 -0.097783
v -0.560674 -0.274871 -0.111046
v -0.5805 -0.285568 -0.100579
v -0.590536 -0.287032 -0.089156
v -0.618737 -0.287108 -0.094117
v -0.6445 -0.290921 -0.098822
v -0.648581 -0.283804 -0.114092
v -0.664773 -0.278873 -0.121864
v -0.684669 -0.28107 -0.118869
v -0.695219 -0.282348 -0.114014
v -0.717542 -0.27191 -0.142547
v -0.697106 -0.288258 -0.101755
v -0.743572 -0.269755 -0.088515
v -0.692116 -0.29051 -0.089478
v -0.678042 -0.293269 -0.080985
v -0.655989 -0.29423 -0.086291
v -0.584648 -0.292908 -0.072492
v -0.56777 -0.289118 -0.061467
v -0.544487 -0.286815 -0.06885
v -0.779407 -0.253853 -0.086366
v -0.783104 -0.249765 -0.127709
v -0.818199 -0.232085 -0.087925
v -0.816186 -0.228707 -0.128689
v -0.843642 -0.209092 -0.081275
v -0.832676 -0.209474 -0.134572
v -0.866799 -0.177457 -0.075606
v -0.862007 -0.178359 -0.113649
v -0.883143 -0.140289 -0.06676
v -0.881461 -0.143836 -0.101122
v -0.892529 -0.103305 -0.06407
v -0.888797 -0.105242 -0.09294
v -0.890545 -0.058184 -0.066145
v -0.88838 -0.059084 -0.089257
v -0.878551 0.017657 -0.067698
v -0.87442 0.018453 -0.085291
v -0.869274 0.075713 -0.068971
v -0.861167 0.074532 -0.087443
v -0.862309 0.126013 -0.067696
v -0.858593 0.117532 -0.086072
v -0.862556 0.176187 -0.0644
v -0.849381 0.072088 -0.10928
v -0.860579 0.024223 -0.112167
v -0.869224 -0.058666 -0.129887
v -0.865249 -0.109242 -0.135046
v -0.853745 -0.148398 -0.138456
v -0.822414 -0.185405 -0.144918
v -0.838356 0.025939 -0.134209
v -0.842871 -0.056564 -0.145628
v -0.826305 -0.1061 -0.153243
v -0.811183 -0.144683 -0.15692
v -0.805467 -0.101909 -0.163974
v -0.866536 0.228708 -0.056126
v -0.870859 0.255274 -0.0577
v 0.289191 -0.103737 -0.202827
v 0.276492 -0.10343 -0.222729
v 0.256413 -0.098516 -0.232704
v 0.218306 -0.096395 -0.241387
v 0.171802 -0.105313 -0.236994
v 0.151982 -0.109444 -0.237119
v 0.130551 -0.109606 -0.226781
v 0.11235 -0.101412 -0.20426
v 0.280265 -0.137821 -0.194883
v 0.274485 -0.132882 -0.213082
v 0.249713 -0.127198 -0.234493
v 0.212554 -0.129709 -0.240282
v 0.173938 -0.129757 -0.234755
v 0.149656 -0.137331 -0.22845
v 0.132462 -0.141874 -0.219614
v 0.106948 -0.139533 -0.182968
v 0.273029 -0.159197 -0.188251
v 0.264688 -0.164268 -0.211153
v 0.238114 -0.1579 -0.230743
v 0.205816 -0.165954 -0.233063
v 0.165119 -0.16474 -0.228284
v 0.144271 -0.168909 -0.217652
v 0.130938 -0.172509 -0.204985
v 0.114418 -0.168681 -0.169041
v 0.267086 -0.187657 -0.179314
v 0.259064 -0.194292 -0.201238
v 0.239618 -0.20611 -0.21379
v 0.205133 -0.205361 -0.225855
v 0.167254 -0.209414 -0.219946
v 0.148115 -0.202878 -0.213703
v 0.135738 -0.198314 -0.195314
v 0.110547 -0.182794 -0.151747
v 0.24359 -0.454878 -0.164911
v 0.235557 -0.404715 -0.166119
v 0.249681 -0.351335 -0.162257
v 0.254314 -0.322296 -0.162942
v 0.255396 -0.259925 -0.164971
v 0.256743 -0.224535 -0.171791
v 0.213031 -0.45547 -0.141602
v 0.230924 -0.404975 -0.178949
v 0.241841 -0.356532 -0.178629
v 0.247394 -0.322651 -0.182209
v 0.249093 -0.263326 -0.182419
v 0.251982 -0.228084 -0.19343
v 0.220969 -0.458917 -0.17804
v 0.217587 -0.406259 -0.18712
v 0.226049 -0.368725 -0.192977
v 0.228503 -0.328999 -0.200255
v 0.233128 -0.26416 -0.199491
v 0.232176 -0.237352 -0.205369
v 0.205 -0.409206 -0.187719
v 0.208428 -0.375039 -0.19373
v 0.212619 -0.334122 -0.19967
v 0.208544 -0.263664 -0.204719
v 0.20576 -0.228659 -0.21784
v 0.199058 -0.466073 -0.18922
v 0.192299 -0.409272 -0.183667
v 0.186856 -0.366713 -0.190859
v 0.188781 -0.333382 -0.194271
v 0.188204 -0.274174 -0.200818
v 0.174838 -0.241445 -0.210669
v 0.188438 -0.467362 -0.184359
v 0.180572 -0.414896 -0.178349
v 0.174533 -0.368271 -0.185873
v 0.169755 -0.329729 -0.192678
v 0.15937 -0.277787 -0.197165
v 0.153125 -0.240991 -0.202838
v 0.175964 -0.416454 -0.168854
v 0.162039 -0.367019 -0.176194
v 0.150636 -0.330685 -0.177471
v 0.146518 -0.273984 -0.186872
v 0.1409 -0.240295 -0.190689
v 0.177473 -0.409461 -0.158155
v 0.165033 -0.365695 -0.157539
v 0.153592 -0.328413 -0.157286
v 0.139552 -0.276058 -0.159915
v 0.13514 -0.22764 -0.140552
v 0.210909 -0.459493 -0.180663
v 0.196044 -0.401548 -0.141086
v 0.180294 -0.359859 -0.139264
v 0.173455 -0.327585 -0.137913
v 0.164125 -0.256674 -0.136931
v 0.164752 -0.231374 -0.124637
v 0.199374 -0.358327 -0.128988
v 0.194309 -0.325772 -0.127768
v 0.192839 -0.248234 -0.13282
v 0.189017 -0.230305 -0.120386
v 0.224489 -0.525923 -0.198868
v 0.227133 -0.491423 -0.190023
v 0.237405 -0.230036 -0.122572
v 0.191688 -0.505444 -0.197279
v 0.206049 -0.502215 -0.196812
v 0.236903 -0.45484 -0.180178
v 0.249048 -0.488613 -0.189112
v 0.256274 -0.489725 -0.168845
v 0.19179 -0.516815 -0.19455
v 0.205252 -0.530191 -0.19237
v 0.189124 -0.535646 -0.195822
v 0.207134 -0.539397 -0.186619
v 0.214429 -0.49772 -0.199393
v 0.238785 -0.540641 -0.213036
v 0.266781 -0.54192 -0.213763
v 0.274551 -0.556592 -0.215241
v 0.251027 -0.56361 -0.222224
v 0.294371 -0.580829 -0.225492
v 0.272529 -0.591805 -0.242945
v 0.313435 -0.613838 -0.239052
v 0.295647 -0.622455 -0.247024
v 0.249868 -0.623637 -0.240968
v 0.241012 -0.600525 -0.236106
v 0.23001 -0.570044 -0.218749
v 0.222063 -0.550617 -0.209464
v 0.301021 -0.579918 -0.208695
v 0.285162 -0.55756 -0.199301
v 0.278783 -0.539169 -0.195773
v 0.263083 -0.518756 -0.189406
v 0.267492 -0.514639 -0.17033
v 0.288249 -0.543487 -0.177785
v 0.213152 -0.561469 -0.202955
v 0.217802 -0.583034 -0.210996
v 0.228653 -0.609684 -0.222174
v 0.240899 -0.521047 -0.192847
v 0.185965 -0.513594 -0.166526
v 0.186609 -0.538897 -0.161588
v 0.206056 -0.546937 -0.166891
v 0.211333 -0.57157 -0.173016
v 0.231555 -0.621519 -0.182488
v 0.26056 -0.629267 -0.183418
v 0.212679 -0.593327 -0.176698
v 0.193145 -0.535105 -0.140141
v 0.224871 -0.538655 -0.145724
v 0.230721 -0.571952 -0.137908
v 0.23304 -0.599229 -0.140263
v 0.245324 -0.616952 -0.137621
v 0.270085 -0.622204 -0.140201
v 0.284362 -0.629058 -0.187287
v 0.293604 -0.62138 -0.146578
v 0.199979 -0.508286 -0.141515
v 0.19206 -0.461005 -0.147373
v 0.184934 -0.471227 -0.16485
v 0.215801 -0.528914 -0.197226
v 0.259513 -0.516438 -0.156531
v 0.282274 -0.544575 -0.160057
v 0.245043 -0.481811 -0.152503
v 0.292056 -0.556279 -0.178406
v 0.32214 -0.604713 -0.227296
v 0.310179 -0.582732 -0.191647
v 0.332822 -0.614181 -0.203883
v 0.306646 -0.581362 -0.160302
v 0.320337 -0.60909 -0.160066
v 0.291963 -0.560889 -0.164791
v 0.216269 -0.502413 -0.133998
v 0.244395 -0.520259 -0.143771
v 0.233901 -0.48761 -0.140624
v 0.221638 -0.457149 -0.1404
v 0.239304 -0.458038 -0.154499
v 0.256619 -0.558284 -0.134987
v 0.266372 -0.584983 -0.135401
v -0.722655 -0.270615 -0.184313
v -0.692658 -0.22023 -0.19761
v -0.738884 -0.293105 -0.200932
v -0.757409 -0.289168 -0.216702
v -0.778721 -0.285647 -0.221607
v -0.746236 -0.211636 -0.225762
v -0.801747 -0.279128 -0.217566
v -0.826825 -0.274629 -0.195125
v -0.823645 -0.219066 -0.184326
v -0.828423 -0.209302 -0.177615
v -0.853329 -0.264352 -0.180621
v -0.85493 -0.264684 -0.152494
v -0.787725 -0.423543 -0.211682
v -0.770965 -0.423065 -0.209367
v -0.79079 -0.368103 -0.209516
v -0.768914 -0.364307 -0.207014
v -0.789123 -0.334276 -0.215359
v -0.76482 -0.334194 -0.212699
v -0.796715 -0.33291 -0.214273
v -0.805534 -0.425078 -0.204725
v -0.811589 -0.373279 -0.200376
v -0.820731 -0.327414 -0.201066
v -0.824686 -0.426994 -0.191042
v -0.833103 -0.373393 -0.19007
v -0.845618 -0.327731 -0.186395
v -0.759789 -0.416716 -0.19583
v -0.756722 -0.366411 -0.196856
v -0.749163 -0.331857 -0.196567
v -0.733713 -0.30243 -0.175624
v -0.748068 -0.308014 -0.155314
v -0.751463 -0.340812 -0.171671
v -0.761346 -0.374513 -0.176866
v -0.764547 -0.414445 -0.180154
v -0.763305 -0.343516 -0.161642
v -0.779378 -0.343822 -0.153286
v -0.784028 -0.378995 -0.165999
v -0.76843 -0.302893 -0.143903
v -0.75689 -0.264123 -0.131134
v -0.797426 -0.282348 -0.140145
v -0.805887 -0.339739 -0.152143
v -0.8024 -0.379336 -0.164118
v -0.803336 -0.423362 -0.171252
v -0.78178 -0.418002 -0.169728
v -0.831478 -0.277906 -0.139407
v -0.839765 -0.326428 -0.15478
v -0.823123 -0.377897 -0.165514
v -0.814803 -0.422072 -0.172331
v -0.847976 -0.328247 -0.168933
v -0.837639 -0.383489 -0.173163
v -0.829639 -0.4261 -0.180957
v 0.229151 -0.343792 -0.138536
v 0.243153 -0.261948 -0.130554
v 0.233816 -0.315422 -0.134545
v 0.234228 -0.400915 -0.146517
v 0.210506 -0.407738 -0.134694
v 0.258651 0.433295 -0.042549
v -0.615097 -0.117358 -0.208937
v -0.799883 -0.512624 -0.225235
v -0.807587 -0.476482 -0.217644
v -0.819291 -0.477771 -0.212783
v -0.815709 -0.515853 -0.225703
v -0.752494 -0.499022 -0.217536
v -0.765879 -0.465249 -0.208602
v -0.78344 -0.469326 -0.206464
v -0.776646 -0.501832 -0.218447
v -0.744531 -0.500134 -0.197269
v -0.758509 -0.465287 -0.193334
v -0.815597 -0.527224 -0.222974
v -0.818536 -0.546055 -0.224246
v -0.800761 -0.5406 -0.220794
v -0.798687 -0.549806 -0.215043
v -0.750313 -0.574019 -0.250648
v -0.724389 -0.567001 -0.243664
v -0.732951 -0.552329 -0.242187
v -0.763805 -0.55105 -0.241459
v -0.726617 -0.602214 -0.271369
v -0.702545 -0.591238 -0.253915
v -0.701139 -0.632864 -0.275447
v -0.681535 -0.624247 -0.267476
v -0.761351 -0.610934 -0.26453
v -0.75159 -0.634046 -0.269392
v -0.773476 -0.580453 -0.247173
v -0.782234 -0.561026 -0.237887
v -0.712694 -0.567969 -0.227724
v -0.695217 -0.590327 -0.237119
v -0.719725 -0.549578 -0.224197
v -0.709292 -0.553896 -0.206209
v -0.732168 -0.525048 -0.198753
v -0.737027 -0.529165 -0.217829
v -0.78693 -0.593443 -0.23942
v -0.792054 -0.571878 -0.231378
v -0.774971 -0.620093 -0.250597
v -0.761475 -0.531456 -0.221271
v -0.794527 -0.469902 -0.209086
v -0.790647 -0.508129 -0.227817
v -0.821307 -0.549306 -0.190012
v -0.822016 -0.524003 -0.19495
v -0.799875 -0.557346 -0.195315
v -0.794059 -0.581979 -0.201439
v -0.739807 -0.639676 -0.211841
v -0.771774 -0.631928 -0.210911
v -0.792575 -0.603736 -0.205121
v -0.779139 -0.549064 -0.174148
v -0.814103 -0.545513 -0.168565
v -0.772692 -0.582361 -0.166331
v -0.770137 -0.609638 -0.168686
v -0.756599 -0.627361 -0.166044
v -0.72931 -0.632613 -0.168625
v -0.70339 -0.631789 -0.175001
v -0.713576 -0.639467 -0.215711
v -0.806572 -0.518695 -0.169939
v -0.823153 -0.481636 -0.193274
v -0.8153 -0.471414 -0.175797
v -0.77956 -0.536332 -0.227291
v -0.789135 -0.539323 -0.225649
v -0.715877 -0.554984 -0.188481
v -0.740962 -0.526847 -0.184954
v -0.756908 -0.49222 -0.180927
v -0.705096 -0.566688 -0.20683
v -0.671941 -0.615122 -0.25572
v -0.660169 -0.62459 -0.232307
v -0.685124 -0.593141 -0.22007
v -0.673928 -0.619499 -0.18849
v -0.689017 -0.591771 -0.188725
v -0.705199 -0.571298 -0.193215
v -0.78862 -0.512822 -0.162421
v -0.769187 -0.498019 -0.169047
v -0.757623 -0.530668 -0.172195
v -0.792188 -0.465879 -0.170025
v -0.782702 -0.467558 -0.168823
v -0.763233 -0.468447 -0.182923
v -0.74415 -0.568693 -0.163411
v -0.733402 -0.595392 -0.163825
v -0.926555 0.187092 0
v -0.935339 0.288232 0
v -0.930253 0.383803 0
v -0.897792 0.44663 0
v -0.850911 0.482813 0
v -0.924119 0.187367 -0.010626
v -0.932693 0.288505 -0.011527
v -0.927389 0.383676 -0.012427
v -0.89501 0.44532 -0.013328
v -0.849168 0.480032 -0.014228
v -0.80287 0.488813 -0.015129
v -0.917464 0.188119 -0.018407
v -0.925467 0.289249 -0.019966
v -0.919564 0.383329 -0.021526
v -0.887411 0.44174 -0.023086
v -0.844406 0.472433 -0.024646
v -0.800726 0.480079 -0.026206
v -0.908373 0.189146 -0.021256
v -0.915593 0.290265 -0.023058
v -0.908874 0.382855 -0.024859
v -0.87703 0.436849 -0.026661
v -0.8379 0.462052 -0.028462
v -0.899279 0.190173 -0.018413
v -0.905719 0.291282 -0.019973
v -0.898183 0.382381 -0.021534
v -0.866646 0.431958 -0.023094
v -0.831393 0.45167 -0.024655
v -0.89262 0.190925 -0.010637
v -0.898488 0.292026 -0.011539
v -0.890353 0.382034 -0.01244
v -0.859043 0.428376 -0.013342
v -0.826627 0.444067 -0.014243
v -0.890179 0.191201 -0.000013
v -0.895837 0.292299 -0.000014
v -0.887483 0.381907 -0.000015
v -0.82488 0.441279 -0.000017
v -0.541938 -0.310874 -0.08778
v -0.549437 -0.31086 -0.100169
v -0.562373 -0.308505 -0.109575
v -0.576433 -0.316091 -0.102152
v -0.58355 -0.317129 -0.094051
v -0.579375 -0.321296 -0.082234
v -0.567406 -0.318608 -0.074416
v -0.550894 -0.316975 -0.079651
v -0.655053 -0.319886 -0.100906
v -0.657947 -0.31484 -0.111735
v -0.669429 -0.311343 -0.117246
v -0.683539 -0.312901 -0.115122
v -0.69102 -0.313807 -0.111679
v -0.692358 -0.317998 -0.102986
v -0.688819 -0.319595 -0.094279
v -0.678839 -0.321552 -0.088257
v -0.6632 -0.322233 -0.09202
v -0.55225 -0.335601 -0.078851
v -0.568356 -0.337193 -0.073744
v -0.580031 -0.339815 -0.081371
v -0.584104 -0.33575 -0.092898
v -0.577162 -0.334737 -0.100799
v -0.563447 -0.327338 -0.10804
v -0.550829 -0.329635 -0.098865
v -0.543514 -0.329649 -0.086781
v -0.657863 -0.33844 -0.099584
v -0.66581 -0.340729 -0.090916
v -0.681065 -0.340065 -0.087245
v -0.6908 -0.338156 -0.09312
v -0.694252 -0.336598 -0.101613
v -0.692947 -0.33251 -0.110093
v -0.685649 -0.331626 -0.113452
v -0.671886 -0.330107 -0.115523
v -0.660686 -0.333518 -0.110147
v -0.564962 -0.345325 -0.090169
v -0.675882 -0.347629 -0.102128
v 0.824336 0.47709 -0.125611
v 0.829854 0.478777 -0.123767
v 0.835523 0.478248 -0.118451
v 0.839149 0.472547 -0.117205
v 0.835455 0.469319 -0.121122
v 0.829875 0.471294 -0.122683
v 0.839401 0.486287 -0.106693
v 0.845155 0.470611 -0.097345
v 0.841247 0.462392 -0.107238
v 0.830014 0.459694 -0.116427
v 0.81529 0.465676 -0.121006
v 0.809724 0.477099 -0.125272
v 0.817097 0.488059 -0.124383
v 0.831887 0.490935 -0.11714
v 0.796959 0.464003 -0.122624
v 0.817098 0.458545 -0.123619
v 0.813351 0.491998 -0.127605
v 0.831951 0.498065 -0.114571
v 0.843124 0.489695 -0.104641
v 0.847061 0.462845 -0.092641
v 0.833716 0.455864 -0.115075
v 0.843117 0.456591 -0.104152
v 0.826379 0.44694 -0.117576
v 0.815291 0.450955 -0.120621
v 0.837484 0.444364 -0.110703
v 0.841382 0.449 -0.101156
v 0.828468 0.504677 -0.106543
v 0.837764 0.498447 -0.099981
v 0.84879 0.483366 -0.096196
v 0.809974 0.505567 -0.115217
v 0.821089 0.506646 -0.10799
v 0.80247 0.493341 -0.121724
v 0.795079 0.495663 -0.126827
v 0.804434 0.51137 -0.118217
v 0.819282 0.519583 -0.108578
v 0.830352 0.519044 -0.103316
v 0.845263 0.508881 -0.093647
v 0.856274 0.488282 -0.090395
v 0.859974 0.467931 -0.088759
v 0.850833 0.453215 -0.088161
v 0.843156 0.439897 -0.102077
v 0.831988 0.435265 -0.111455
v 0.819006 0.435979 -0.118465
v 0.808011 0.447304 -0.120805
v 0.86385 0.479979 -0.080303
v 0.861937 0.465432 -0.081665
v 0.856411 0.445369 -0.083477
v 0.848742 0.435713 -0.097112
v 0.828369 0.424028 -0.10884
v 0.817302 0.42456 -0.114031
v 0.795242 0.432409 -0.118259
v 0.784296 0.441344 -0.115333
v 0.850903 0.508171 -0.086466
v 0.858215 0.493272 -0.084458
v 0.832365 0.523963 -0.097388
v 0.821146 0.52664 -0.106058
v 0.806334 0.516462 -0.114079
v 0.790567 0.494961 -0.122861
v 0.793246 0.464178 -0.12433
v 0.793585 0.523599 -0.111211
v 0.782398 0.497007 -0.120904
v 0.812241 0.534867 -0.095866
v 0.823545 0.531836 -0.083543
v 0.84397 0.517489 -0.068907
v 0.856943 0.498399 -0.061865
v 0.864187 0.478573 -0.065759
v 0.865893 0.460549 -0.069423
v 0.78418 0.460247 -0.12081
v 0.792663 0.547565 -0.073997
v 0.811353 0.540277 -0.056757
v 0.839054 0.517069 -0.044956
v 0.859208 0.496458 -0.041846
v 0.870206 0.476283 -0.042243
v 0.875314 0.453864 -0.057408
v 0.871409 0.430844 -0.066852
v 0.86546 0.412612 -0.086855
v 0.841339 0.388346 -0.101521
v 0.830231 0.385122 -0.105265
v 0.804457 0.382361 -0.114124
v 0.787904 0.388171 -0.116868
v 0.767856 0.41566 -0.115554
v 0.756925 0.444762 -0.112486
v 0.755072 0.456081 -0.115038
v 0.751397 0.485533 -0.115795
v 0.772091 0.540408 -0.094399
v 0.757035 0.514345 -0.10945
v 0.876104 0.476312 -0.023999
v 0.888539 0.448442 -0.039861
v 0.888146 0.415061 -0.055959
v 0.89141 0.376223 -0.072598
v 0.780598 0.375418 -0.117932
v 0.76407 0.390329 -0.119796
v 0.75678 0.408536 -0.117867
v 0.740331 0.425303 -0.119481
v 0.736711 0.443508 -0.117637
v 0.731297 0.463506 -0.115578
v 0.731379 0.492674 -0.112759
v 0.771774 0.561555 -0.028023
v 0.760289 0.565639 -0.051239
v 0.739245 0.552758 -0.088753
v 0.722672 0.525816 -0.094664
v 0.889413 0.36203 -0.077614
v 0.876439 0.335086 -0.083609
v 0.835847 0.335076 -0.101046
v 0.797095 0.360334 -0.114274
v 0.909002 0.446844 -0.023921
v 0.929136 0.424801 -0.024711
v 0.921416 0.411664 -0.04049
v 0.919401 0.39596 -0.049342
v 0.91164 0.368274 -0.066528
v 0.904167 0.35222 -0.071597
v 0.896905 0.324566 -0.070412
v 0.894872 0.312337 -0.077047
v 0.843117 0.320351 -0.10083
v 0.791506 0.333206 -0.118577
v 0.773084 0.344816 -0.124407
v 0.749224 0.367387 -0.128978
v 0.730975 0.394882 -0.127778
v 0.725619 0.420218 -0.123322
v 0.722051 0.441905 -0.119333
v 0.720194 0.462074 -0.119149
v 0.965752 0.39695 -0.022755
v 0.958043 0.387467 -0.038181
v 0.950412 0.375768 -0.050133
v 0.93916 0.356767 -0.06278
v 0.929931 0.340606 -0.065937
v 0.924368 0.322579 -0.06936
v 0.922466 0.311615 -0.070377
v 0.982182 0.387659 -0.022153
v 0.993131 0.380523 -0.024978
v 0.99086 0.374865 -0.04197
v 0.981814 0.378172 -0.03775
v 0.974212 0.366653 -0.051567
v 0.986806 0.359862 -0.058014
v 0.96657 0.351305 -0.063944
v 0.98112 0.344232 -0.066774
v 0.957425 0.334791 -0.063448
v 0.979212 0.320685 -0.070816
v 0.960934 0.322559 -0.070211
v 0.940701 0.309994 -0.072838
v 1.013193 0.373273 -0.026145
v 1.02778 0.364163 -0.027364
v 1.022141 0.364866 -0.034473
v 1.007418 0.370848 -0.039052
v 1.040646 0.352838 -0.025067
v 1.033052 0.353895 -0.035787
v 1.001521 0.356026 -0.056918
v 1.014373 0.350045 -0.052295
v 1.031069 0.334428 -0.043123
v 1.044392 0.334106 -0.021467
v 1.037112 0.309927 -0.018065
v 1.031694 0.298691 -0.015408
v 1.024326 0.289593 -0.016117
v 1.020501 0.285029 -0.025658
v 1.029536 0.292788 -0.030617
v 1.034912 0.304277 -0.03513
v 1.00493 0.303451 -0.06389
v 1.021746 0.300172 -0.049909
v 1.016325 0.287137 -0.047354
v 0.995831 0.288561 -0.061501
v 0.997565 0.300153 -0.067728
v 1.027204 0.311314 -0.050839
v 1.036667 0.319177 -0.037419
v 0.996276 0.279312 -0.042146
v 0.979775 0.277882 -0.045592
v 1.01235 0.31603 -0.061037
v 0.999457 0.332904 -0.064605
v 0.99773 0.343696 -0.061712
v 1.023955 0.324278 -0.032941
v 1.014733 0.326428 -0.036209
v 1.00546 0.339889 -0.042
v 1.012908 0.33212 -0.037426
v 0.979252 0.28927 -0.068356
v 0.959535 0.278247 -0.048777
v 0.96092 0.287598 -0.069973
v 0.951812 0.283768 -0.068251
v 0.982799 0.306315 -0.07417
v 0.980992 0.298724 -0.071172
v 0.964431 0.306679 -0.077399
v 0.93893 0.289646 -0.071074
v 0.960819 0.297226 -0.074539
v 0.929845 0.294925 -0.068544
v 0.931694 0.281814 -0.066165
v 0.940904 0.276009 -0.06325
v 0.920667 0.296895 -0.06995
v 0.918916 0.283786 -0.067486
v 0.919504 0.264807 -0.041768
v 0.972449 0.268612 -0.04451
v 0.954044 0.27094 -0.049356
v 0.994497 0.27183 -0.04102
v 0.947086 0.260437 -0.035523
v 0.965449 0.258281 -0.032467
v 0.985701 0.257563 -0.025626
v 0.893068 0.295825 -0.076793
v 0.889489 0.282537 -0.072423
v 0.904576 0.26953 -0.052035
v 0.884287 0.272213 -0.060495
v 1.015055 0.273533 -0.021072
v 1.004257 0.263738 -0.014461
v 0.958524 0.254662 -0.014278
v 0.934607 0.257239 -0.020782
v 0.894327 0.257441 -0.021709
v 0.87219 0.252635 -0.028968
v 0.916155 0.257956 -0.027665
v 0.897661 0.258846 -0.036339
v 0.875522 0.254047 -0.04367
v 0.83748 0.247208 -0.028688
v 0.844117 0.249844 -0.056154
v 0.787188 0.241834 -0.066679
v 0.778713 0.235364 -0.037659
v 0.8457 0.269459 -0.069055
v 0.790537 0.263478 -0.08116
v 0.846992 0.301086 -0.091712
v 0.849026 0.277993 -0.081113
v 0.793425 0.299574 -0.112684
v 0.793749 0.277921 -0.098216
v 0.758354 0.317693 -0.128497
v 0.744013 0.292645 -0.115898
v 0.72807 0.271984 -0.091768
v 0.711475 0.277967 -0.096303
v 0.724701 0.257823 -0.078371
v 0.704353 0.270033 -0.089597
v 0.716584 0.227814 -0.03333
v 0.708734 0.233933 -0.058242
v 0.68805 0.258197 -0.081175
v 0.734577 0.339917 -0.129486
v 0.718148 0.313959 -0.126116
v 0.673013 0.289487 -0.099868
v 0.70022 0.303281 -0.110164
v 0.661888 0.345509 -0.108881
v 0.679864 0.357798 -0.122798
v 0.694321 0.363943 -0.129919
v 0.710696 0.380692 -0.132297
v 0.70722 0.42441 -0.127989
v 0.705498 0.447714 -0.122078
v 0.705687 0.469039 -0.114448
v 0.692798 0.441741 -0.116789
v 0.689138 0.419885 -0.118818
v 0.668999 0.410622 -0.117438
v 0.65829 0.402265 -0.106999
v 0.674551 0.439715 -0.114753
v 0.660145 0.437052 -0.105487
v 0.713245 0.603967 -0.028063
v 0.735251 0.592643 -0.026051
v 0.711191 0.605028 -0.038983
v 0.732803 0.589837 -0.053833
v 0.712695 0.60626 -0.051778
v 0.730754 0.586883 -0.061379
v 0.682226 0.605776 -0.027169
v 0.68544 0.605569 -0.043833
v 0.687105 0.608239 -0.052802
v 0.686763 0.607854 -0.067519
v 0.710496 0.600531 -0.068778
v 0.726944 0.587765 -0.070394
v 0.689721 0.612637 -0.098383
v 0.71358 0.604859 -0.09419
v 0.72632 0.59406 -0.097338
v 0.700209 0.618219 -0.118274
v 0.716671 0.610899 -0.119363
v 0.729381 0.599999 -0.120712
v 0.716111 0.624331 -0.14381
v 0.727083 0.620496 -0.142626
v 0.739993 0.609062 -0.13846
v 0.728566 0.629212 -0.156506
v 0.737828 0.626817 -0.151453
v 0.748895 0.615564 -0.149108
v 0.746686 0.631693 -0.163994
v 0.754106 0.629551 -0.160756
v 0.759684 0.621704 -0.156073
v 0.739638 0.571418 -0.072269
v 0.733545 0.577716 -0.099086
v 0.732927 0.585802 -0.125857
v 0.741708 0.594622 -0.141778
v 0.748808 0.599326 -0.152485
v 0.763299 0.601707 -0.15809
v 0.776088 0.62384 -0.159937
v 0.779713 0.607498 -0.161601
v 0.774115 0.633469 -0.164459
v 0.772157 0.637832 -0.171372
v 0.794381 0.624493 -0.160009
v 0.790664 0.608972 -0.161503
v 0.790561 0.63211 -0.166525
v 0.788609 0.63795 -0.173193
v 0.80904 0.62609 -0.158377
v 0.809042 0.612031 -0.157927
v 0.807134 0.633468 -0.163081
v 0.805062 0.637776 -0.171784
v 0.864004 0.639676 -0.154946
v 0.733357 0.556384 -0.106644
v 0.732917 0.567426 -0.125826
v 0.7397 0.580774 -0.150378
v 0.707583 0.553624 -0.115502
v 0.708901 0.564837 -0.136517
v 0.704129 0.539816 -0.105759
v 0.721185 0.574426 -0.159751
v 0.75241 0.590402 -0.155313
v 0.733723 0.582891 -0.172103
v 0.765078 0.594396 -0.158839
v 0.755666 0.590015 -0.170114
v 0.781444 0.598576 -0.164385
v 0.781144 0.597939 -0.177247
v 0.792353 0.600661 -0.166078
v 0.795813 0.601495 -0.175262
v 0.810688 0.603891 -0.164365
v 0.816025 0.606494 -0.173413
v 0.777219 0.599001 -0.188124
v 0.744319 0.597228 -0.187532
v 0.797442 0.605898 -0.18585
v 0.821379 0.610463 -0.178633
v 0.715295 0.592709 -0.178106
v 0.697334 0.585866 -0.163663
v 0.683333 0.570125 -0.133603
v 0.683567 0.561827 -0.123341
v 0.667562 0.554558 -0.105294
v 0.791803 0.616824 -0.190178
v 0.815766 0.619777 -0.184862
v 0.767907 0.614506 -0.195597
v 0.736891 0.612307 -0.1914
v 0.713418 0.60564 -0.178621
v 0.693699 0.598625 -0.162345
v 0.672512 0.582534 -0.128462
v 0.669174 0.579338 -0.114006
v 0.660477 0.570094 -0.094439
v 0.691874 0.614966 -0.160723
v 0.713374 0.620541 -0.180869
v 0.736932 0.626855 -0.189994
v 0.769735 0.629406 -0.197889
v 0.672474 0.599299 -0.13053
v 0.665633 0.595327 -0.108687
v 0.662446 0.589914 -0.090759
v 0.657416 0.589667 -0.068597
v 0.653534 0.565036 -0.080078
v 0.655827 0.588788 -0.059456
v 0.651925 0.567639 -0.068791
v 0.795378 0.627671 -0.194656
v 0.817517 0.632162 -0.187332
v 0.661676 0.601927 -0.043634
v 0.665125 0.59915 -0.053171
v 0.664956 0.599857 -0.060479
v 0.668248 0.601434 -0.0769
v 0.675011 0.603543 -0.098921
v 0.7681 0.637629 -0.187867
v 0.737248 0.632931 -0.176535
v 0.715614 0.630099 -0.165309
v 0.699458 0.625047 -0.150735
v 0.679988 0.615108 -0.123677
v 0.644797 0.572563 -0.062651
v 0.650578 0.591567 -0.049877
v 0.791864 0.637589 -0.188066
v 0.810321 0.63861 -0.18101
v 0.610375 0.55824 -0.046668
v 0.618884 0.546153 -0.073793
v 0.609445 0.516078 -0.085671
v 0.637156 0.557281 -0.074949
v 0.649847 0.559592 -0.080519
v 0.660287 0.548769 -0.102068
v 0.638192 0.543861 -0.107529
v 0.625557 0.536032 -0.102494
v 0.616359 0.516042 -0.104213
v 0.667235 0.544898 -0.1191
v 0.646944 0.541781 -0.12443
v 0.630549 0.532515 -0.123137
v 0.62325 0.517618 -0.120718
v 0.673988 0.543352 -0.141474
v 0.653721 0.538623 -0.148842
v 0.642924 0.528821 -0.142159
v 0.633868 0.513752 -0.137907
v 0.68737 0.548368 -0.117423
v 0.687186 0.543622 -0.125185
v 0.690641 0.542636 -0.13455
v 0.679203 0.54841 -0.155794
v 0.660599 0.540552 -0.169002
v 0.649715 0.525303 -0.162844
v 0.699376 0.549837 -0.152434
v 0.687858 0.557828 -0.177153
v 0.665748 0.547402 -0.183147
v 0.656718 0.526713 -0.17763
v 0.657173 0.534129 -0.235676
v 0.665236 0.547724 -0.205172
v 0.675885 0.565464 -0.218392
v 0.664247 0.561052 -0.247997
v 0.683621 0.569398 -0.201694
v 0.706193 0.561228 -0.17544
v 0.698027 0.572062 -0.21096
v 0.690479 0.574737 -0.219715
v 0.678869 0.57942 -0.248369
v 0.663598 0.572966 -0.276206
v 0.656437 0.546404 -0.267611
v 0.654109 0.556001 -0.290506
v 0.654256 0.529173 -0.203022
v 0.642662 0.511498 -0.153017
v 0.649293 0.512342 -0.180657
v 0.648835 0.516067 -0.200473
v 0.656752 0.459824 -0.094017
v 0.663597 0.465588 -0.115687
v 0.674834 0.451847 -0.183409
v 0.670355 0.453403 -0.218102
v 0.675208 0.461487 -0.245
v 0.665435 0.495445 -0.272747
v 0.661372 0.522893 -0.290186
v 0.652164 0.486165 -0.214512
v 0.649746 0.509045 -0.24162
v 0.651078 0.481381 -0.183692
v 0.629262 0.482224 -0.096713
v 0.638103 0.481589 -0.109858
v 0.641357 0.48521 -0.127962
v 0.648277 0.486965 -0.146331
v 0.707733 0.516164 -0.10813
v 0.698239 0.512129 -0.122988
v 0.715657 0.508329 -0.160516
v 0.720973 0.529272 -0.167803
v 0.718725 0.547372 -0.184379
v 0.705413 0.557156 -0.208883
v 0.693947 0.56275 -0.228262
v 0.684304 0.56666 -0.249729
v 0.67456 0.565477 -0.275376
v 0.66512 0.550195 -0.287633
v 0.715763 0.500564 -0.15577
v 0.69382 0.489438 -0.154528
v 0.701032 0.498882 -0.1574
v 0.70285 0.510199 -0.160038
v 0.702584 0.522325 -0.171739
v 0.704082 0.536487 -0.185092
v 0.699856 0.551713 -0.20928
v 0.688466 0.559098 -0.228489
v 0.684278 0.557559 -0.250609
v 0.674662 0.555842 -0.270739
v 0.67076 0.549486 -0.280452
v 0.676621 0.477712 -0.184639
v 0.672306 0.476699 -0.212205
v 0.673534 0.490476 -0.240277
v 0.669433 0.505102 -0.259027
v 0.667311 0.526749 -0.273382
v 0.667162 0.534694 -0.27999
v 0.713315 0.510188 -0.103338
v 0.705857 0.499581 -0.107881
v 0.678656 0.548987 -0.256806
v 0.672794 0.546921 -0.273439
v 0.673127 0.543723 -0.259068
v 0.684638 0.548662 -0.234908
v 0.699752 0.531738 -0.135815
v 0.687138 0.54423 -0.207827
v 0.700384 0.483064 -0.10747
v 0.689334 0.533367 -0.19055
v 0.684297 0.520544 -0.171487
v 0.67541 0.504696 -0.159934
v 0.674993 0.508319 -0.177952
v 0.674548 0.517497 -0.197313
v 0.675688 0.525828 -0.22591
v 0.675286 0.534826 -0.243409
v 0.671165 0.497883 -0.184371
v 0.668773 0.500351 -0.209836
v 0.670007 0.511918 -0.234504
v 0.67141 0.522778 -0.251865
v 0.691243 0.468347 -0.106872
v 0.590193 0.549413 0.03001
v 0.593909 0.540932 0.048386
v 0.596418 0.529068 0.06461
v 0.60775 0.481415 0.0886
v 0.621174 0.440617 0.095267
v 0.621986 0.39776 0.100966
v 0.642477 0.347293 0.107907
v 0.653106 0.295683 0.099384
v 0.658425 0.247517 0.080163
v 0.665814 0.222248 0.06
v 0.668943 0.21316 0.037092
v 0.536435 0.518063 0.020532
v 0.536814 0.50843 0.036074
v 0.540658 0.483382 0.063496
v 0.553012 0.457568 0.077273
v 0.56288 0.42795 0.082399
v 0.57497 0.38048 0.095723
v 0.59432 0.324718 0.103732
v 0.609402 0.258342 0.092304
v 0.614645 0.220622 0.07744
v 0.617143 0.199859 0.062392
v 0.6227 0.182787 0.049473
v 0.635902 0.174215 0.039517
v 0.49157 0.49957 0.014486
v 0.49522 0.493001 0.029643
v 0.500041 0.460486 0.058853
v 0.512284 0.437517 0.068042
v 0.520221 0.405292 0.080156
v 0.539457 0.360961 0.090932
v 0.550464 0.299757 0.097889
v 0.556654 0.229035 0.090507
v 0.568705 0.182141 0.078348
v 0.573014 0.169222 0.07244
v 0.579717 0.155499 0.061568
v 0.584847 0.14089 0.048152
v 0.592177 0.124099 0.035364
v 0.446595 0.482052 0.006844
v 0.452047 0.470529 0.033968
v 0.456448 0.442401 0.059467
v 0.462108 0.41433 0.067773
v 0.467851 0.38621 0.076046
v 0.477411 0.329726 0.092488
v 0.482708 0.269232 0.100024
v 0.500911 0.189892 0.099887
v 0.50914 0.14107 0.09315
v 0.516783 0.120829 0.082537
v 0.520535 0.102479 0.071072
v 0.532565 0.071216 0.051403
v 0.547771 0.063354 0.037518
v 0.387917 0.453375 0.033542
v 0.392401 0.425198 0.059009
v 0.399911 0.395474 0.070566
v 0.407848 0.363248 0.08268
v 0.415633 0.306522 0.09893
v 0.434452 0.244403 0.103012
v 0.456993 0.167177 0.114839
v 0.472039 0.121979 0.107979
v 0.478007 0.091994 0.091452
v 0.484689 0.056984 0.07603
v 0.50206 0.027583 0.055266
v 0.513207 0.010797 0.04027
v 0.316993 0.441064 0.040519
v 0.326169 0.416797 0.068296
v 0.34858 0.384918 0.084592
v 0.355549 0.344587 0.102467
v 0.372267 0.291184 0.116322
v 0.394362 0.230182 0.123135
v 0.407075 0.181551 0.131489
v 0.424521 0.142115 0.13026
v 0.428749 0.104707 0.128492
v 0.43538 0.062194 0.1041
v 0.442056 0.005031 0.085793
v 0.455404 -0.034205 0.065386
v 0.466281 -0.050472 0.05292
v 0.271253 0.438896 0.036054
v 0.281375 0.418546 0.068353
v 0.305047 0.367276 0.109203
v 0.324046 0.336179 0.119544
v 0.353263 0.287717 0.129718
v 0.380664 0.225217 0.144115
v 0.395406 0.167897 0.142628
v 0.402911 0.131569 0.143653
v 0.402906 0.096596 0.143498
v 0.393574 0.061761 0.143655
v 0.392014 0.018487 0.131869
v 0.382401 -0.01577 0.134595
v 0.374248 -0.034578 0.133897
v 0.347607 0.285474 0.134905
v 0.365618 0.233497 0.153934
v 0.386167 0.166451 0.169916
v 0.391077 0.131532 0.178317
v 0.391611 0.095485 0.173162
v 0.38529 0.04825 0.159122
v 0.38289 0.01412 0.163869
v 0.368436 -0.022087 0.161098
v 0.352615 -0.057824 0.150095
v 0.341358 0.287259 0.140485
v 0.358855 0.235468 0.166081
v 0.367975 0.177275 0.19215
v 0.378562 0.128968 0.202874
v 0.374657 0.094039 0.204959
v 0.366261 0.046082 0.194844
v 0.363674 0.003142 0.196253
v 0.353449 -0.021875 0.187436
v 0.326848 -0.067868 0.168221
v 0.264085 0.423428 0.065362
v 0.282744 0.38153 0.1035
v 0.297975 0.342382 0.132666
v 0.314238 0.300954 0.151753
v 0.324653 0.24415 0.183056
v 0.334569 0.193703 0.207467
v 0.343846 0.137836 0.226416
v 0.344873 0.080726 0.234036
v 0.335292 0.038917 0.227759
v 0.33274 0.008655 0.226265
v 0.321702 -0.030652 0.208612
v 0.313991 -0.061338 0.202659
v 0.293899 -0.085143 0.199156
v 0.206291 0.439041 0.035525
v 0.204518 0.430621 0.05187
v 0.209164 0.411373 0.08075
v 0.216663 0.37781 0.126444
v 0.236425 0.313786 0.172363
v 0.239963 0.253323 0.203685
v 0.249463 0.193599 0.22888
v 0.261115 0.144381 0.251892
v 0.273133 0.07667 0.259113
v 0.272028 0.050198 0.255611
v 0.266557 0.016306 0.251938
v 0.247481 -0.044729 0.238298
v 0.137276 0.436828 0.044479
v 0.141541 0.42725 0.057756
v 0.144202 0.411519 0.080222
v 0.145765 0.38443 0.117195
v 0.1482 0.354605 0.148215
v 0.158912 0.275397 0.197822
v 0.161215 0.241948 0.213636
v 0.170791 0.171779 0.234474
v 0.17458 0.132623 0.242394
v 0.176846 0.091611 0.2492
v 0.177606 0.0498 0.253346
v 0.180499 0.005719 0.258235
v 0.172794 -0.04718 0.249361
v 0.17361 -0.083843 0.241699
v 0.290644 -0.110813 0.172565
v 0.303265 -0.086639 0.17648
v 0.326237 -0.107264 0.161018
v 0.348858 -0.103225 0.147889
v 0.372306 -0.065904 0.127408
v 0.378631 -0.098401 0.111433
v 0.347608 -0.127813 0.141323
v 0.322068 -0.135482 0.152273
v 0.280777 -0.13838 0.164362
v 0.315632 -0.151018 0.147038
v 0.276385 -0.154191 0.156788
v 0.308532 -0.171086 0.134773
v 0.270022 -0.178303 0.144202
v 0.299681 -0.198966 0.113473
v 0.342081 -0.167263 0.125564
v 0.336187 -0.19246 0.107973
v 0.354639 -0.17931 0.107031
v 0.368369 -0.159388 0.104048
v 0.346943 -0.144026 0.135611
v 0.378825 -0.133941 0.108804
v 0.386919 -0.078287 0.106499
v 0.416308 -0.098393 0.078239
v 0.396364 -0.13226 0.094337
v 0.414247 -0.133031 0.08046
v 0.405522 -0.163442 0.087666
v 0.392952 -0.180113 0.092721
v 0.37738 -0.200366 0.09563
v 0.347838 -0.213681 0.096655
v 0.329234 -0.214451 0.098834
v 0.294707 -0.210809 0.106254
v 0.260695 -0.206944 0.130999
v 0.436798 -0.100634 0.056949
v 0.430532 -0.133762 0.062411
v 0.423394 -0.172702 0.06641
v 0.409646 -0.19372 0.071003
v 0.389002 -0.216352 0.072476
v 0.353827 -0.230928 0.077262
v 0.324096 -0.230916 0.077994
v 0.293473 -0.229225 0.086229
v 0.254415 -0.228665 0.111166
v 0.420987 -0.010898 0.104394
v 0.411862 0.041511 0.115578
v 0.426929 -0.039957 0.086238
v 0.409883 -0.025784 0.110519
v 0.44339 -0.053955 0.068519
v 0.453918 -0.065826 0.052348
v -0.007645 0.408574 0.056343
v -0.010034 0.383343 0.092361
v -0.003081 0.328739 0.140109
v 0.016239 0.284732 0.174806
v 0.029037 0.238863 0.199866
v 0.032629 0.163729 0.237174
v 0.03033 0.126777 0.246609
v 0.034818 0.096282 0.251238
v 0.033546 0.067506 0.254954
v 0.036839 0.026121 0.248627
v 0.039681 -0.017323 0.228071
v 0.034538 -0.039982 0.220592
v 0.032769 -0.091216 0.203962
v 0.036066 -0.126369 0.184213
v 0.030907 -0.155572 0.166239
v 0.029315 -0.171475 0.145661
v 0.027314 -0.203282 0.115237
v 0.027372 -0.212131 0.083909
v 0.119418 -0.025192 0.221249
v 0.095367 -0.098033 0.200329
v 0.090798 -0.129356 0.178909
v 0.088607 -0.155937 0.164606
v 0.083183 -0.178389 0.135741
v 0.086886 -0.204281 0.115368
v 0.089458 -0.2188 0.086904
v -0.110497 0.424547 0.032149
v -0.107759 0.406881 0.057734
v -0.097418 0.387021 0.086011
v -0.094091 0.347415 0.125944
v -0.106531 0.314548 0.163999
v -0.091957 0.244794 0.217252
v -0.047375 0.158528 0.250899
v -0.047395 0.117384 0.264203
v -0.051851 0.083589 0.271325
v -0.046748 0.050086 0.274075
v -0.04585 0.009544 0.272649
v -0.045094 -0.038871 0.266262
v -0.049681 -0.084839 0.250762
v -0.04626 -0.138893 0.21938
v -0.0491 -0.175553 0.185968
v -0.047474 -0.193989 0.152982
v -0.057262 -0.217258 0.134478
v -0.059178 -0.238573 0.080392
v -0.199529 0.425001 0.030281
v -0.208632 0.413143 0.053315
v -0.204825 0.400761 0.077828
v -0.191135 0.381992 0.108903
v -0.193735 0.348839 0.140016
v -0.236456 0.288749 0.194218
v -0.178263 0.179417 0.269239
v -0.154118 0.120435 0.294453
v -0.151608 0.088305 0.30464
v -0.148408 0.04272 0.30859
v -0.153128 -0.012732 0.315259
v -0.151015 -0.078655 0.30231
v -0.163539 -0.141033 0.279035
v -0.169614 -0.181667 0.247476
v -0.169685 -0.202317 0.217479
v -0.167828 -0.228873 0.173016
v -0.170919 -0.249922 0.160046
v -0.174052 -0.266086 0.111385
v -0.177759 -0.273585 0.076665
v -0.267167 0.426568 0.037221
v -0.26675 0.415987 0.054292
v -0.280524 0.404817 0.088627
v -0.274782 0.385656 0.128209
v -0.290157 0.354333 0.152212
v -0.337346 0.328555 0.167548
v -0.349041 0.267973 0.229245
v -0.305709 0.175358 0.29347
v -0.284325 0.123584 0.316863
v -0.262579 0.058841 0.336446
v -0.261931 -0.028724 0.340281
v -0.256234 -0.095034 0.329122
v -0.252669 -0.150972 0.300805
v -0.260072 -0.192122 0.262604
v -0.260451 -0.211268 0.233547
v -0.262254 -0.235465 0.184111
v -0.26804 -0.270149 0.160638
v -0.263841 -0.274363 0.112765
v -0.259993 -0.282281 0.077601
v -0.334052 0.430262 0.030382
v -0.346205 0.42324 0.058607
v -0.358779 0.409296 0.108393
v -0.364439 0.389551 0.152212
v -0.378344 0.366208 0.163925
v -0.411006 0.326142 0.189369
v -0.395379 0.283496 0.220678
v -0.38481 0.249323 0.250838
v -0.379369 0.172535 0.291398
v -0.370687 0.120733 0.310679
v -0.365912 0.019221 0.338049
v -0.370667 -0.086198 0.326629
v -0.36748 -0.140644 0.299246
v -0.355499 -0.179448 0.270668
v -0.34573 -0.200385 0.23373
v -0.345873 -0.221457 0.179836
v -0.349643 -0.26717 0.153714
v -0.3507 -0.270894 0.099749
v -0.398338 0.439151 0.026699
v -0.400748 0.429551 0.055206
v -0.413777 0.419033 0.102806
v -0.422923 0.410479 0.145088
v -0.435995 0.394343 0.180565
v -0.465531 0.367737 0.210039
v -0.465805 0.313462 0.230208
v -0.446131 0.262741 0.247772
v -0.436362 0.202499 0.270436
v -0.451143 0.146881 0.288008
v -0.453165 0.082889 0.302197
v -0.434326 -0.052009 0.310651
v -0.430461 -0.10202 0.290322
v -0.435695 -0.137837 0.261811
v -0.436757 -0.159474 0.222586
v -0.4286 -0.180311 0.181513
v -0.430463 -0.244666 0.143791
v -0.432526 -0.255957 0.070165
v -0.428415 0.441653 0.02678
v -0.434492 0.432488 0.053528
v -0.438744 0.422968 0.105853
v -0.448312 0.418799 0.144425
v -0.471663 0.40124 0.19647
v -0.499587 0.365984 0.222661
v -0.501966 0.304504 0.236298
v -0.51671 0.21916 0.241884
v -0.514457 0.178208 0.248729
v -0.517409 0.14525 0.258451
v -0.514251 0.094419 0.274232
v -0.515798 0.031227 0.280263
v -0.522797 -0.020443 0.25917
v -0.511811 -0.066426 0.234724
v -0.50674 -0.101336 0.215166
v -0.511685 -0.116385 0.188676
v -0.491998 0.44554 0.0243
v -0.498112 0.437323 0.049519
v -0.504172 0.434701 0.086761
v -0.541172 0.411169 0.161278
v -0.554449 0.36531 0.212821
v -0.551303 0.314539 0.228639
v -0.557958 0.249877 0.231765
v -0.561264 0.197256 0.237952
v -0.559457 0.170127 0.246936
v -0.541809 0.134326 0.260918
v -0.534704 0.095302 0.27316
v -0.545335 0.032617 0.275406
v -0.561956 -0.017471 0.255528
v -0.565284 -0.063382 0.222833
v -0.563944 -0.087433 0.205776
v -0.561907 -0.094274 0.192844
v -0.571145 0.451289 0.027675
v -0.575259 0.445728 0.045849
v -0.58273 0.438368 0.086628
v -0.589653 0.412334 0.161064
v -0.596384 0.358936 0.216332
v -0.614437 0.300294 0.234228
v -0.614875 0.241398 0.240777
v -0.606482 0.197197 0.24766
v -0.586905 0.16404 0.254592
v -0.569308 0.129285 0.267021
v -0.568183 0.091489 0.282373
v -0.592752 0.012641 0.28138
v -0.610494 -0.050233 0.253605
v -0.613635 -0.099053 0.225627
v -0.616558 -0.135664 0.192248
v -0.689805 0.468754 0.013434
v -0.694699 0.46199 0.043759
v -0.695848 0.452819 0.079025
v -0.698275 0.437084 0.120931
v -0.698721 0.403091 0.175194
v -0.692211 0.340136 0.222098
v -0.669683 0.254831 0.250438
v -0.662448 0.219058 0.253932
v -0.659415 0.199539 0.254723
v -0.649975 0.147921 0.263339
v -0.641899 0.103376 0.274254
v -0.638171 0.066056 0.279077
v -0.631809 0.004242 0.275009
v -0.641327 -0.076731 0.250897
v -0.668575 -0.154531 0.23342
v -0.708239 -0.224501 0.216863
v -0.765846 0.481494 0.010221
v -0.770759 0.461954 0.043474
v -0.770287 0.456932 0.07263
v -0.777035 0.445627 0.113065
v -0.772355 0.4192 0.156896
v -0.761012 0.380035 0.188265
v -0.741288 0.308448 0.225175
v -0.720392 0.238911 0.241808
v -0.713351 0.181494 0.244855
v -0.712628 0.140631 0.24747
v -0.69263 0.103088 0.258113
v -0.685093 0.039388 0.267929
v -0.678519 -0.014543 0.268827
v -0.680197 -0.089908 0.252235
v -0.700381 -0.155241 0.238077
v -0.727741 -0.221647 0.223428
v -0.826927 0.449782 0.076019
v -0.834302 0.432997 0.110954
v -0.822974 0.407518 0.137927
v -0.810841 0.374215 0.170792
v -0.80418 0.32684 0.182189
v -0.794507 0.247244 0.197183
v -0.777736 0.179207 0.216963
v -0.764155 0.132596 0.232987
v -0.749535 0.094139 0.243194
v -0.736641 0.018615 0.256311
v -0.735457 -0.036169 0.256812
v -0.742757 -0.112818 0.243883
v -0.751761 -0.165198 0.226719
v -0.767852 -0.200379 0.218185
v -0.859169 0.424778 0.063426
v -0.860659 0.404433 0.102536
v -0.857825 0.377342 0.122277
v -0.850472 0.345291 0.140953
v -0.843656 0.308829 0.152587
v -0.831052 0.241315 0.177199
v -0.8166 0.163674 0.197524
v -0.805462 0.122744 0.210689
v -0.78727 0.083961 0.222725
v -0.77545 0.01678 0.232482
v -0.774479 -0.045888 0.228016
v -0.779638 -0.112009 0.213003
v -0.785267 -0.164186 0.200204
v -0.793016 -0.193924 0.192722
v -0.902223 0.405618 0.05904
v -0.89482 0.381071 0.086686
v -0.892149 0.35787 0.100286
v -0.886255 0.325919 0.114738
v -0.883201 0.290769 0.123041
v -0.871799 0.234615 0.139557
v -0.85613 0.168846 0.169413
v -0.840077 0.119459 0.183656
v -0.828308 0.065042 0.19048
v -0.813304 0.00288 0.196831
v -0.801892 -0.049025 0.203102
v -0.802844 -0.108144 0.192326
v -0.810727 -0.147738 0.18306
v -0.819189 -0.185271 0.177203
v -0.897174 0.35797 0.042349
v -0.895552 0.342262 0.054094
v -0.8944 0.319127 0.063366
v -0.889712 0.296576 0.072998
v -0.888096 0.274302 0.07415
v -0.881484 0.227934 0.084055
v -0.869302 0.164844 0.104896
v -0.859263 0.115764 0.123712
v -0.846876 0.062542 0.146342
v -0.836549 0.019039 0.149291
v -0.811965 -0.058462 0.15878
v -0.579197 -0.138028 0.194192
v -0.561565 -0.131737 0.19334
v -0.647792 -0.173368 0.193279
v -0.622749 -0.179237 0.193352
v -0.587594 -0.177436 0.191493
v -0.563637 -0.174864 0.188182
v -0.510582 -0.16729 0.182941
v -0.49706 -0.168915 0.179485
v -0.446556 -0.171374 0.178848
v -0.673497 -0.214437 0.177094
v -0.638781 -0.222896 0.177444
v -0.600009 -0.220522 0.175852
v -0.565201 -0.224742 0.165864
v -0.510751 -0.206884 0.169165
v -0.511012 -0.222308 0.155291
v -0.492491 -0.195149 0.173875
v -0.473655 -0.193987 0.167697
v -0.465671 -0.223284 0.147142
v -0.487177 -0.221141 0.157636
v -0.394928 -0.203489 0.177087
v -0.395363 -0.227783 0.159838
v -0.37346 -0.253692 0.145448
v -0.400538 -0.2433 0.137469
v -0.373154 -0.263708 0.137031
v -0.408573 -0.250657 0.111584
v -0.317794 -0.269353 0.153702
v -0.291235 -0.265933 0.163816
v -0.239801 -0.262508 0.164685
v -0.376977 -0.266418 0.094607
v -0.416245 -0.25396 0.096846
v -0.43472 -0.251031 0.114108
v -0.451269 -0.243588 0.121328
v -0.47555 -0.230933 0.121121
v -0.459093 -0.243024 0.100348
v -0.436564 -0.251733 0.09008
v -0.470465 -0.251532 0.071629
v -0.349728 -0.276824 0.07453
v -0.508034 -0.265266 0.081317
v -0.504783 -0.24579 0.121268
v -0.702062 -0.255858 0.149916
v -0.657002 -0.256255 0.144335
v -0.608635 -0.263049 0.132421
v -0.5627 -0.25954 0.131357
v -0.531857 -0.278212 0.080313
v -0.542432 -0.278192 0.097783
v -0.560674 -0.274871 0.111046
v -0.5805 -0.285568 0.100579
v -0.590536 -0.287032 0.089156
v -0.618737 -0.287108 0.094117
v -0.6445 -0.290921 0.098822
v -0.648581 -0.283804 0.114092
v -0.664773 -0.278873 0.121864
v -0.684669 -0.28107 0.118869
v -0.695219 -0.282348 0.114014
v -0.717542 -0.27191 0.142547
v -0.697106 -0.288258 0.101755
v -0.743572 -0.269755 0.088515
v -0.692116 -0.29051 0.089478
v -0.678042 -0.293269 0.080985
v -0.655989 -0.29423 0.086291
v -0.584648 -0.292908 0.072492
v -0.56777 -0.289118 0.061467
v -0.544487 -0.286815 0.06885
v -0.779407 -0.253853 0.086366
v -0.783104 -0.249765 0.127709
v -0.818199 -0.232085 0.087925
v -0.816186 -0.228707 0.128689
v -0.843642 -0.209092 0.081275
v -0.832676 -0.209474 0.134572
v -0.866799 -0.177457 0.075606
v -0.862007 -0.178359 0.113649
v -0.883143 -0.140289 0.06676
v -0.881461 -0.143836 0.101122
v -0.892529 -0.103305 0.06407
v -0.888797 -0.105242 0.09294
v -0.890545 -0.058184 0.066145
v -0.88838 -0.059084 0.089257
v -0.878551 0.017657 0.067698
v -0.87442 0.018453 0.085291
v -0.869274 0.075713 0.068971
v -0.861167 0.074532 0.087443
v -0.862309 0.126013 0.067696
v -0.858593 0.117532 0.086072
v -0.862556 0.176187 0.0644
v -0.849381 0.072088 0.10928
v -0.860579 0.024223 0.112167
v -0.869224 -0.058666 0.129887
v -0.865249 -0.109242 0.135046
v -0.853745 -0.148398 0.138456
v -0.822414 -0.185405 0.144918
v -0.838356 0.025939 0.134209
v -0.842871 -0.056564 0.145628
v -0.826305 -0.1061 0.153243
v -0.811183 -0.144683 0.15692
v -0.805467 -0.101909 0.163974
v -0.866536 0.228708 0.056126
v -0.870859 0.255274 0.0577
v 0.289191 -0.103737 0.202827
v 0.276492 -0.10343 0.222729
v 0.256413 -0.098516 0.232704
v 0.218306 -0.096395 0.241387
v 0.171802 -0.105313 0.236994
v 0.151982 -0.109444 0.237119
v 0.130551 -0.109606 0.226781
v 0.11235 -0.101412 0.20426
v 0.280265 -0.137821 0.194883
v 0.274485 -0.132882 0.213082
v 0.249713 -0.127198 0.234493
v 0.212554 -0.129709 0.240282
v 0.173938 -0.129757 0.234755
v 0.149656 -0.137331 0.22845
v 0.132462 -0.141874 0.219614
v 0.106948 -0.139533 0.182968
v 0.273029 -0.159197 0.188251
v 0.264688 -0.164268 0.211153
v 0.238114 -0.1579 0.230743
v 0.205816 -0.165954 0.233063
v 0.165119 -0.16474 0.228284
v 0.144271 -0.168909 0.217652
v 0.130938 -0.172509 0.204985
v 0.114418 -0.168681 0.169041
v 0.267086 -0.187657 0.179314
v 0.259064 -0.194292 0.201238
v 0.239618 -0.20611 0.21379
v 0.205133 -0.205361 0.225855
v 0.167254 -0.209414 0.219946
v 0.148115 -0.202878 0.213703
v 0.135738 -0.198314 0.195314
v 0.110547 -0.182794 0.151747
v 0.24359 -0.454878 0.164911
v 0.235557 -0.404715 0.166119
v 0.249681 -0.351335 0.162257
v 0.254314 -0.322296 0.162942
v 0.255396 -0.259925 0.164971
v 0.256743 -0.224535 0.171791
v 0.213031 -0.45547 0.141602
v 0.230924 -0.404975 0.178949
v 0.241841 -0.356532 0.178629
v 0.247394 -0.322651 0.182209
v 0.249093 -0.263326 0.182419
v 0.251982 -0.228084 0.19343
v 0.220969 -0.458917 0.17804
v 0.217587 -0.406259 0.18712
v 0.226049 -0.368725 0.192977
v 0.228503 -0.328999 0.200255
v 0.233128 -0.26416 0.199491
v 0.232176 -0.237352 0.205369
v 0.205 -0.409206 0.187719
v 0.208428 -0.375039 0.19373
v 0.212619 -0.334122 0.19967
v 0.208544 -0.263664 0.204719
v 0.20576 -0.228659 0.21784
v 0.199058 -0.466073 0.18922
v 0.192299 -0.409272 0.183667
v 0.186856 -0.366713 0.190859
v 0.188781 -0.333382 0.194271
v 0.188204 -0.274174 0.200818
v 0.174838 -0.241445 0.210669
v 0.188438 -0.467362 0.184359
v 0.180572 -0.414896 0.178349
v 0.174533 -0.368271 0.185873
v 0.169755 -0.329729 0.192678
v 0.15937 -0.277787 0.197165
v 0.153125 -0.240991 0.202838
v 0.175964 -0.416454 0.168854
v 0.162039 -0.367019 0.176194
v 0.150636 -0.330685 0.177471
v 0.146518 -0.273984 0.186872
v 0.1409 -0.240295 0.190689
v 0.177473 -0.409461 0.158155
v 0.165033 -0.365695 0.157539
v 0.153592 -0.328413 0.157286
v 0.139552 -0.276058 0.159915
v 0.13514 -0.22764 0.140552
v 0.210909 -0.459493 0.180663
v 0.196044 -0.401548 0.141086
v 0.180294 -0.359859 0.139264
v 0.173455 -0.327585 0.137913
v 0.164125 -0.256674 0.136931
v 0.164752 -0.231374 0.124637
v 0.199374 -0.358327 0.128988
v 0.194309 -0.325772 0.127768
v 0.192839 -0.248234 0.13282
v 0.189017 -0.230305 0.120386
v 0.224489 -0.525923 0.198868
v 0.227133 -0.491423 0.190023
v 0.237405 -0.230036 0.122572
v 0.191688 -0.505444 0.197279
v 0.206049 -0.502215 0.196812
v 0.236903 -0.45484 0.180178
v 0.249048 -0.488613 0.189112
v 0.256274 -0.489725 0.168845
v 0.19179 -0.516815 0.19455
v 0.205252 -0.530191 0.19237
v 0.189124 -0.535646 0.195822
v 0.207134 -0.539397 0.186619
v 0.214429 -0.49772 0.199393
v 0.238785 -0.540641 0.213036
v 0.266781 -0.54192 0.213763
v 0.274551 -0.556592 0.215241
v 0.251027 -0.56361 0.222224
v 0.294371 -0.580829 0.225492
v 0.272529 -0.591805 0.242945
v 0.313435 -0.613838 0.239052
v 0.295647 -0.622455 0.247024
v 0.249868 -0.623637 0.240968
v 0.241012 -0.600525 0.236106
v 0.23001 -0.570044 0.218749
v 0.222063 -0.550617 0.209464
v 0.301021 -0.579918 0.208695
v 0.285162 -0.55756 0.199301
v 0.278783 -0.539169 0.195773
v 0.263083 -0.518756 0.189406
v 0.267492 -0.514639 0.17033
v 0.288249 -0.543487 0.177785
v 0.213152 -0.561469 0.202955
v 0.217802 -0.583034 0.210996
v 0.228653 -0.609684 0.222174
v 0.240899 -0.521047 0.192847
v 0.185965 -0.513594 0.166526
v 0.186609 -0.538897 0.161588
v 0.206056 -0.546937 0.166891
v 0.211333 -0.57157 0.173016
v 0.231555 -0.621519 0.182488
v 0.26056 -0.629267 0.183418
v 0.212679 -0.593327 0.176698
v 0.193145 -0.535105 0.140141
v 0.224871 -0.538655 0.145724
v 0.230721 -0.571952 0.137908
v 0.23304 -0.599229 0.140263
v 0.245324 -0.616952 0.137621
v 0.270085 -0.622204 0.140201
v 0.284362 -0.629058 0.187287
v 0.293604 -0.62138 0.146578
v 0.199979 -0.508286 0.141515
v 0.19206 -0.461005 0.147373
v 0.184934 -0.471227 0.16485
v 0.215801 -0.528914 0.197226
v 0.259513 -0.516438 0.156531
v 0.282274 -0.544575 0.160057
v 0.245043 -0.481811 0.152503
v 0.292056 -0.556279 0.178406
v 0.32214 -0.604713 0.227296
v 0.310179 -0.582732 0.191647
v 0.332822 -0.614181 0.203883
v 0.306646 -0.581362 0.160302
v 0.320337 -0.60909 0.160066
v 0.291963 -0.560889 0.164791
v 0.216269 -0.502413 0.133998
v 0.244395 -0.520259 0.143771
v 0.233901 -0.48761 0.140624
v 0.221638 -0.457149 0.1404
v 0.239304 -0.458038 0.154499
v 0.256619 -0.558284 0.134987
v 0.266372 -0.584983 0.135401
v -0.722655 -0.270615 0.184313
v -0.692658 -0.22023 0.19761
v -0.738884 -0.293105 0.200932
v -0.757409 -0.289168 0.216702
v -0.778721 -0.285647 0.221607
v -0.746236 -0.211636 0.225762
v -0.801747 -0.279128 0.217566
v -0.826825 -0.274629 0.195125
v -0.823645 -0.219066 0.184326
v -0.828423 -0.209302 0.177615
v -0.853329 -0.264352 0.180621
v -0.85493 -0.264684 0.152494
v -0.787725 -0.423543 0.211682
v -0.770965 -0.423065 0.209367
v -0.79079 -0.368103 0.209516
v -0.768914 -0.364307 0.207014
v -0.789123 -0.334276 0.215359
v -0.76482 -0.334194 0.212699
v -0.796715 -0.33291 0.214273
v -0.805534 -0.425078 0.204725
v -0.811589 -0.373279 0.200376
v -0.820731 -0.327414 0.201066
v -0.824686 -0.426994 0.191042
v -0.833103 -0.373393 0.19007
v -0.845618 -0.327731 0.186395
v -0.759789 -0.416716 0.19583
v -0.756722 -0.366411 0.196856
v -0.749163 -0.331857 0.196567
v -0.733713 -0.30243 0.175624
v -0.748068 -0.308014 0.155314
v -0.751463 -0.340812 0.171671
v -0.761346 -0.374513 0.176866
v -0.764547 -0.414445 0.180154
v -0.763305 -0.343516 0.161642
v -0.779378 -0.343822 0.153286
v -0.784028 -0.378995 0.165999
v -0.76843 -0.302893 0.143903
v -0.75689 -0.264123 0.131134
v -0.797426 -0.282348 0.140145
v -0.805887 -0.339739 0.152143
v -0.8024 -0.379336 0.164118
v -0.803336 -0.423362 0.171252
v -0.78178 -0.418002 0.169728
v -0.831478 -0.277906 0.139407
v -0.839765 -0.326428 0.15478
v -0.823123 -0.377897 0.165514
v -0.814803 -0.422072 0.172331
v -0.847976 -0.328247 0.168933
v -0.837639 -0.383489 0.173163
v -0.829639 -0.4261 0.180957
v 0.229151 -0.343792 0.138536
v 0.243153 -0.261948 0.130554
v 0.233816 -0.315422 0.134545
v 0.234228 -0.400915 0.146517
v 0.210506 -0.407738 0.134694
v 0.258651 0.433295 0.042549
v -0.615097 -0.117358 0.208937
v -0.799883 -0.512624 0.225235
v -0.807587 -0.476482 0.217644
v -0.819291 -0.477771 0.212783
v -0.815709 -0.515853 0.225703
v -0.752494 -0.499022 0.217536
v -0.765879 -0.465249 0.208602
v -0.78344 -0.469326 0.206464
v -0.776646 -0.501832 0.218447
v -0.744531 -0.500134 0.197269
v -0.758509 -0.465287 0.193334
v -0.815597 -0.527224 0.222974
v -0.818536 -0.546055 0.224246
v -0.800761 -0.5406 0.220794
v -0.798687 -0.549806 0.215043
v -0.750313 -0.574019 0.250648
v -0.724389 -0.567001 0.243664
v -0.732951 -0.552329 0.242187
v -0.763805 -0.55105 0.241459
v -0.726617 -0.602214 0.271369
v -0.702545 -0.591238 0.253915
v -0.701139 -0.632864 0.275447
v -0.681535 -0.624247 0.267476
v -0.761351 -0.610934 0.26453
v -0.75159 -0.634046 0.269392
v -0.773476 -0.580453 0.247173
v -0.782234 -0.561026 0.237887
v -0.712694 -0.567969 0.227724
v -0.695217 -0.590327 0.237119
v -0.719725 -0.549578 0.224197
v -0.709292 -0.553896 0.206209
v -0.732168 -0.525048 0.198753
v -0.737027 -0.529165 0.217829
v -0.78693 -0.593443 0.23942
v -0.792054 -0.571878 0.231378
v -0.774971 -0.620093 0.250597
v -0.761475 -0.531456 0.221271
v -0.794527 -0.469902 0.209086
v -0.790647 -0.508129 0.227817
v -0.821307 -0.549306 0.190012
v -0.822016 -0.524003 0.19495
v -0.799875 -0.557346 0.195315
v -0.794059 -0.581979 0.201439
v -0.739807 -0.639676 0.211841
v -0.771774 -0.631928 0.210911
v -0.792575 -0.603736 0.205121
v -0.779139 -0.549064 0.174148
v -0.814103 -0.545513 0.168565
v -0.772692 -0.582361 0.166331
v -0.770137 -0.609638 0.168686
v -0.756599 -0.627361 0.166044
v -0.72931 -0.632613 0.168625
v -0.70339 -0.631789 0.175001
v -0.713576 -0.639467 0.215711
v -0.806572 -0.518695 0.169939
v -0.823153 -0.481636 0.193274
v -0.8153 -0.471414 0.175797
v -0.77956 -0.536332 0.227291
v -0.789135 -0.539323 0.225649
v -0.715877 -0.554984 0.188481
v -0.740962 -0.526847 0.184954
v -0.756908 -0.49222 0.180927
v -0.705096 -0.566688 0.20683
v -0.671941 -0.615122 0.25572
v -0.660169 -0.62459 0.232307
v -0.685124 -0.593141 0.22007
v -0.673928 -0.619499 0.18849
v -0.689017 -0.591771 0.188725
v -0.705199 -0.571298 0.193215
v -0.78862 -0.512822 0.162421
v -0.769187 -0.498019 0.169047
v -0.757623 -0.530668 0.172195
v -0.792188 -0.465879 0.170025
v -0.782702 -0.467558 0.168823
v -0.763233 -0.468447 0.182923
v -0.74415 -0.568693 0.163411
v -0.733402 -0.595392 0.163825
v -0.890515 -0.022532 0.015515
v -0.895182 -0.064249 0.017733
v -0.894803 -0.102659 0.019759
v -0.888533 -0.140343 0.015652
v -0.883165 -0.160738 0.011438
v -0.871618 -0.195058 -0.020874
v -0.891839 -0.230663 -0.023047
v -0.920922 -0.26958 -0.022819
v -0.903352 -0.023904 0.017096
v -0.901119 -0.086143 0.019389
v -0.901979 -0.140652 0.022228
v -0.903975 -0.185712 0.02019
v -0.919953 -0.223775 0.016307
v -0.933303 -0.262289 0.003522
v -0.911007 -0.020663 0.012852
v -0.916394 -0.072061 0.019847
v -0.923877 -0.108549 0.023256
v -0.932143 -0.164562 0.029664
v -0.938027 -0.209639 0.029829
v -0.958287 -0.244259 0.026066
v -0.976664 -0.279572 0.02403
v -0.918945 -0.016806 0.011114
v -0.935418 -0.068445 0.018316
v -0.945188 -0.105028 0.028161
v -0.950125 -0.146188 0.032849
v -0.958999 -0.194907 0.03083
v -0.986092 -0.247834 0.03317
v -0.996739 -0.296833 0.031021
v -0.934466 -0.038105 0.015577
v -0.950848 -0.076956 0.019856
v -0.961171 -0.120916 0.027261
v -0.981084 -0.158026 0.024149
v -0.992056 -0.231884 0.030238
v -1.014779 -0.290249 0.035541
v -0.941723 -0.023582 0.007471
v -0.969373 -0.101798 0.022111
v -1.000754 -0.157847 0.013979
v -1.001058 -0.206887 0.022312
v -1.017174 -0.261038 0.030066
v -1.036298 -0.296557 0.038596
v -0.950293 -0.023261 -0.002881
v -0.977715 -0.087421 0.003265
v -1.001992 -0.145577 0.004415
v -1.021992 -0.221919 0.011388
v -1.04005 -0.278617 0.026168
v -1.044392 -0.315294 0.03794
v -0.9396 -0.019969 -0.029061
v -0.963768 -0.08761 -0.033794
v -0.998485 -0.144439 -0.020807
v -1.005762 -0.199839 -0.029124
v -1.021492 -0.250786 -0.008719
v -1.032655 -0.305831 0.00912
v -0.937335 -0.032612 -0.032632
v -0.952853 -0.104826 -0.04473
v -0.977611 -0.178897 -0.053432
v -0.995606 -0.245979 -0.042972
v -1.009839 -0.272045 -0.019976
v -1.025534 -0.301803 0.005004
v -0.92995 -0.064075 -0.039434
v -0.938802 -0.128835 -0.057834
v -0.955525 -0.187409 -0.057128
v -0.969843 -0.242167 -0.047676
v -0.990377 -0.273913 -0.028132
v -1.019479 -0.304966 0.005014
v -0.903747 -0.058143 -0.029872
v -0.910767 -0.122551 -0.048099
v -0.919299 -0.160095 -0.053961
v -0.955229 -0.225771 -0.05507
v -0.950757 -0.262437 -0.036982
v -0.970231 -0.293149 -0.008265
v -0.993723 -0.303039 0.003463
v -0.927373 0.050062 -0.004992
v -0.920952 0.117548 0
v -0.924423 0.049968 0.003833
v -0.918711 0.1178 0.009726
v -0.924119 0.187367 0.010626
v -0.932693 0.288505 0.011527
v -0.927389 0.383676 0.012427
v -0.89501 0.44532 0.013328
v -0.849168 0.480032 0.014228
v -0.80287 0.488813 0.015129
v -0.916363 0.04971 0.010294
v -0.91259 0.118488 0.016847
v -0.917464 0.188119 0.018407
v -0.925467 0.289249 0.019966
v -0.919564 0.383329 0.021526
v -0.887411 0.44174 0.023086
v -0.844406 0.472433 0.024646
v -0.800726 0.480079 0.026206
v -0.905351 0.049359 0.012661
v -0.904227 0.119428 0.019455
v -0.908373 0.189146 0.021256
v -0.915593 0.290265 0.023058
v -0.908874 0.382855 0.024859
v -0.87703 0.436849 0.026661
v -0.8379 0.462052 0.028462
v -0.894338 0.049008 0.010299
v -0.895862 0.120368 0.016852
v -0.899279 0.190173 0.018413
v -0.905719 0.291282 0.019973
v -0.898183 0.382381 0.021534
v -0.866646 0.431958 0.023094
v -0.831393 0.45167 0.024655
v -0.886273 0.04875 0.003842
v -0.889737 0.121057 0.009736
v -0.89262 0.190925 0.010637
v -0.898488 0.292026 0.011539
v -0.890353 0.382034 0.01244
v -0.859043 0.428376 0.013342
v -0.826627 0.444067 0.014243
v -0.883317 0.048656 -0.004982
v -0.887492 0.121309 0.000012
v -0.88626 0.04875 -0.013809
v -0.889727 0.121058 -0.009716
v -0.894316 0.049007 -0.020274
v -0.895845 0.12037 -0.016841
v -0.905325 0.049358 -0.022646
v -0.904207 0.11943 -0.019455
v -0.91634 0.04971 -0.020289
v -0.912573 0.11849 -0.016858
v -0.92441 0.049967 -0.013836
v -0.918702 0.117801 -0.009746
v -0.869103 -0.064597 -0.007179
v -0.541938 -0.310874 0.08778
v -0.549437 -0.31086 0.100169
v -0.562373 -0.308505 0.109575
v -0.576433 -0.316091 0.102152
v -0.58355 -0.317129 0.094051
v -0.579375 -0.321296 0.082234
v -0.567406 -0.318608 0.074416
v -0.550894 -0.316975 0.079651
v -0.655053 -0.319886 0.100906
v -0.657947 -0.31484 0.111735
v -0.669429 -0.311343 0.117246
v -0.683539 -0.312901 0.115122
v -0.69102 -0.313807 0.111679
v -0.692358 -0.317998 0.102986
v -0.688819 -0.319595 0.094279
v -0.678839 -0.321552 0.088257
v -0.6632 -0.322233 0.09202
v -0.55225 -0.335601 0.078851
v -0.568356 -0.337193 0.073744
v -0.580031 -0.339815 0.081371
v -0.584104 -0.33575 0.092898
v -0.577162 -0.334737 0.100799
v -0.563447 -0.327338 0.10804
v -0.550829 -0.329635 0.098865
v -0.543514 -0.329649 0.086781
v -0.657863 -0.33844 0.099584
v -0.66581 -0.340729 0.090916
v -0.681065 -0.340065 0.087245
v -0.6908 -0.338156 0.09312
v -0.694252 -0.336598 0.101613
v -0.692947 -0.33251 0.110093
v -0.685649 -0.331626 0.113452
v -0.671886 -0.330107 0.115523
v -0.660686 -0.333518 0.110147
v -0.564962 -0.345325 0.090169
v -0.675882 -0.347629 0.102128
v 0.824336 0.47709 0.125611
v 0.829854 0.478777 0.123767
v 0.835523 0.478248 0.118451
v 0.839149 0.472547 0.117205
v 0.835455 0.469319 0.121122
v 0.829875 0.471294 0.122683
v 0.839401 0.486287 0.106693
v 0.845155 0.470611 0.097345
v 0.841247 0.462392 0.107238
v 0.830014 0.459694 0.116427
v 0.81529 0.465676 0.121006
v 0.809724 0.477099 0.125272
v 0.817097 0.488059 0.124383
v 0.831887 0.490935 0.11714
v 0.796959 0.464003 0.122624
v 0.817098 0.458545 0.123619
v 0.813351 0.491998 0.127605
v 0.831951 0.498065 0.114571
v 0.843124 0.489695 0.104641
v 0.847061 0.462845 0.092641
v 0.833716 0.455864 0.115075
v 0.843117 0.456591 0.104152
v 0.826379 0.44694 0.117576
v 0.815291 0.450955 0.120621
v 0.837484 0.444364 0.110703
v 0.841382 0.449 0.101156
v 0.828468 0.504677 0.106543
v 0.837764 0.498447 0.099981
v 0.84879 0.483366 0.096196
v 0.809974 0.505567 0.115217
v 0.821089 0.506646 0.10799
v 0.80247 0.493341 0.121724
v 0.795079 0.495663 0.126827
v 0.804434 0.51137 0.118217
v 0.819282 0.519583 0.108578
v 0.830352 0.519044 0.103316
v 0.845263 0.508881 0.093647
v 0.856274 0.488282 0.090395
v 0.859974 0.467931 0.088759
v 0.850833 0.453215 0.088161
v 0.843156 0.439897 0.102077
v 0.831988 0.435265 0.111455
v 0.819006 0.435979 0.118465
v 0.808011 0.447304 0.120805
v 0.86385 0.479979 0.080303
v 0.861937 0.465432 0.081665
v 0.856411 0.445369 0.083477
v 0.848742 0.435713 0.097112
v 0.828369 0.424028 0.10884
v 0.817302 0.42456 0.114031
v 0.795242 0.432409 0.118259
v 0.784296 0.441344 0.115333
v 0.850903 0.508171 0.086466
v 0.858215 0.493272 0.084458
v 0.832365 0.523963 0.097388
v 0.821146 0.52664 0.106058
v 0.806334 0.516462 0.114079
v 0.790567 0.494961 0.122861
v 0.793246 0.464178 0.12433
v 0.793585 0.523599 0.111211
v 0.782398 0.497007 0.120904
v 0.812241 0.534867 0.095866
v 0.823545 0.531836 0.083543
v 0.84397 0.517489 0.068907
v 0.856943 0.498399 0.061865
v 0.864187 0.478573 0.065759
v 0.865893 0.460549 0.069423
v 0.78418 0.460247 0.12081
v 0.792663 0.547565 0.073997
v 0.811353 0.540277 0.056757
v 0.839054 0.517069 0.044956
v 0.859208 0.496458 0.041846
v 0.870206 0.476283 0.042243
v 0.875314 0.453864 0.057408
v 0.871409 0.430844 0.066852
v 0.86546 0.412612 0.086855
v 0.841339 0.388346 0.101521
v 0.830231 0.385122 0.105265
v 0.804457 0.382361 0.114124
v 0.787904 0.388171 0.116868
v 0.767856 0.41566 0.115554
v 0.756925 0.444762 0.112486
v 0.755072 0.456081 0.115038
v 0.751397 0.485533 0.115795
v 0.772091 0.540408 0.094399
v 0.757035 0.514345 0.10945
v 0.876104 0.476312 0.023999
v 0.888539 0.448442 0.039861
v 0.888146 0.415061 0.055959
v 0.89141 0.376223 0.072598
v 0.780598 0.375418 0.117932
v 0.76407 0.390329 0.119796
v 0.75678 0.408536 0.117867
v 0.740331 0.425303 0.119481
v 0.736711 0.443508 0.117637
v 0.731297 0.463506 0.115578
v 0.731379 0.492674 0.112759
v 0.771774 0.561555 0.028023
v 0.760289 0.565639 0.051239
v 0.739245 0.552758 0.088753
v 0.722672 0.525816 0.094664
v 0.889413 0.36203 0.077614
v 0.876439 0.335086 0.083609
v 0.835847 0.335076 0.101046
v 0.797095 0.360334 0.114274
v 0.909002 0.446844 0.023921
v 0.929136 0.424801 0.024711
v 0.921416 0.411664 0.04049
v 0.919401 0.39596 0.049342
v 0.91164 0.368274 0.066528
v 0.904167 0.35222 0.071597
v 0.896905 0.324566 0.070412
v 0.894872 0.312337 0.077047
v 0.843117 0.320351 0.10083
v 0.791506 0.333206 0.118577
v 0.773084 0.344816 0.124407
v 0.749224 0.367387 0.128978
v 0.730975 0.394882 0.127778
v 0.725619 0.420218 0.123322
v 0.722051 0.441905 0.119333
v 0.720194 0.462074 0.119149
v 0.965752 0.39695 0.022755
v 0.958043 0.387467 0.038181
v 0.950412 0.375768 0.050133
v 0.93916 0.356767 0.06278
v 0.929931 0.340606 0.065937
v 0.924368 0.322579 0.06936
v 0.922466 0.311615 0.070377
v 0.982182 0.387659 0.022153
v 0.993131 0.380523 0.024978
v 0.99086 0.374865 0.04197
v 0.981814 0.378172 0.03775
v 0.974212 0.366653 0.051567
v 0.986806 0.359862 0.058014
v 0.96657 0.351305 0.063944
v 0.98112 0.344232 0.066774
v 0.957425 0.334791 0.063448
v 0.979212 0.320685 0.070816
v 0.960934 0.322559 0.070211
v 0.940701 0.309994 0.072838
v 1.013193 0.373273 0.026145
v 1.02778 0.364163 0.027364
v 1.022141 0.364866 0.034473
v 1.007418 0.370848 0.039052
v 1.040646 0.352838 0.025067
v 1.033052 0.353895 0.035787
v 1.001521 0.356026 0.056918
v 1.014373 0.350045 0.052295
v 1.031069 0.334428 0.043123
v 1.044392 0.334106 0.021467
v 1.037112 0.309927 0.018065
v 1.031694 0.298691 0.015408
v 1.024326 0.289593 0.016117
v 1.020501 0.285029 0.025658
v 1.029536 0.292788 0.030617
v 1.034912 0.304277 0.03513
v 1.00493 0.303451 0.06389
v 1.021746 0.300172 0.049909
v 1.016325 0.287137 0.047354
v 0.995831 0.288561 0.061501
v 0.997565 0.300153 0.067728
v 1.027204 0.311314 0.050839
v 1.036667 0.319177 0.037419
v 0.996276 0.279312 0.042146
v 0.979775 0.277882 0.045592
v 1.01235 0.31603 0.061037
v 0.999457 0.332904 0.064605
v 0.99773 0.343696 0.061712
v 1.023955 0.324278 0.032941
v 1.014733 0.326428 0.036209
v 1.00546 0.339889 0.042
v 1.012908 0.33212 0.037426
v 0.979252 0.28927 0.068356
v 0.959535 0.278247 0.048777
v 0.96092 0.287598 0.069973
v 0.951812 0.283768 0.068251
v 0.982799 0.306315 0.07417
v 0.980992 0.298724 0.071172
v 0.964431 0.306679 0.077399
v 0.93893 0.289646 0.071074
v 0.960819 0.297226 0.074539
v 0.929845 0.294925 0.068544
v 0.931694 0.281814 0.066165
v 0.940904 0.276009 0.06325
v 0.920667 0.296895 0.06995
v 0.918916 0.283786 0.067486
v 0.919504 0.264807 0.041768
v 0.972449 0.268612 0.04451
v 0.954044 0.27094 0.049356
v 0.994497 0.27183 0.04102
v 0.947086 0.260437 0.035523
v 0.965449 0.258281 0.032467
v 0.985701 0.257563 0.025626
v 0.893068 0.295825 0.076793
v 0.889489 0.282537 0.072423
v 0.904576 0.26953 0.052035
v 0.884287 0.272213 0.060495
v 1.015055 0.273533 0.021072
v 1.004257 0.263738 0.014461
v 0.958524 0.254662 0.014278
v 0.934607 0.257239 0.020782
v 0.894327 0.257441 0.021709
v 0.87219 0.252635 0.028968
v 0.916155 0.257956 0.027665
v 0.897661 0.258846 0.036339
v 0.875522 0.254047 0.04367
v 0.83748 0.247208 0.028688
v 0.844117 0.249844 0.056154
v 0.787188 0.241834 0.066679
v 0.778713 0.235364 0.037659
v 0.8457 0.269459 0.069055
v 0.790537 0.263478 0.08116
v 0.846992 0.301086 0.091712
v 0.849026 0.277993 0.081113
v 0.793425 0.299574 0.112684
v 0.793749 0.277921 0.098216
v 0.758354 0.317693 0.128497
v 0.744013 0.292645 0.115898
v 0.72807 0.271984 0.091768
v 0.711475 0.277967 0.096303
v 0.724701 0.257823 0.078371
v 0.704353 0.270033 0.089597
v 0.716584 0.227814 0.03333
v 0.708734 0.233933 0.058242
v 0.68805 0.258197 0.081175
v 0.734577 0.339917 0.129486
v 0.718148 0.313959 0.126116
v 0.673013 0.289487 0.099868
v 0.70022 0.303281 0.110164
v 0.661888 0.345509 0.108881
v 0.679864 0.357798 0.122798
v 0.694321 0.363943 0.129919
v 0.710696 0.380692 0.132297
v 0.70722 0.42441 0.127989
v 0.705498 0.447714 0.122078
v 0.705687 0.469039 0.114448
v 0.692798 0.441741 0.116789
v 0.689138 0.419885 0.118818
v 0.668999 0.410622 0.117438
v 0.65829 0.402265 0.106999
v 0.674551 0.439715 0.114753
v 0.660145 0.437052 0.105487
v 0.713245 0.603967 0.028063
v 0.735251 0.592643 0.026051
v 0.711191 0.605028 0.038983
v 0.732803 0.589837 0.053833
v 0.712695 0.60626 0.051778
v 0.730754 0.586883 0.061379
v 0.682226 0.605776 0.027169
v 0.68544 0.605569 0.043833
v 0.687105 0.608239 0.052802
v 0.686763 0.607854 0.067519
v 0.710496 0.600531 0.068778
v 0.726944 0.587765 0.070394
v 0.689721 0.612637 0.098383
v 0.71358 0.604859 0.09419
v 0.72632 0.59406 0.097338
v 0.700209 0.618219 0.118274
v 0.716671 0.610899 0.119363
v 0.729381 0.599999 0.120712
v 0.716111 0.624331 0.14381
v 0.727083 0.620496 0.142626
v 0.739993 0.609062 0.13846
v 0.728566 0.629212 0.156506
v 0.737828 0.626817 0.151453
v 0.748895 0.615564 0.149108
v 0.746686 0.631693 0.163994
v 0.754106 0.629551 0.160756
v 0.759684 0.621704 0.156073
v 0.739638 0.571418 0.072269
v 0.733545 0.577716 0.099086
v 0.732927 0.585802 0.125857
v 0.741708 0.594622 0.141778
v 0.748808 0.599326 0.152485
v 0.763299 0.601707 0.15809
v 0.776088 0.62384 0.159937
v 0.779713 0.607498 0.161601
v 0.774115 0.633469 0.164459
v 0.772157 0.637832 0.171372
v 0.794381 0.624493 0.160009
v 0.790664 0.608972 0.161503
v 0.790561 0.63211 0.166525
v 0.788609 0.63795 0.173193
v 0.80904 0.62609 0.158377
v 0.809042 0.612031 0.157927
v 0.807134 0.633468 0.163081
v 0.805062 0.637776 0.171784
v 0.864004 0.639676 0.154946
v 0.733357 0.556384 0.106644
v 0.732917 0.567426 0.125826
v 0.7397 0.580774 0.150378
v 0.707583 0.553624 0.115502
v 0.708901 0.564837 0.136517
v 0.704129 0.539816 0.105759
v 0.721185 0.574426 0.159751
v 0.75241 0.590402 0.155313
v 0.733723 0.582891 0.172103
v 0.765078 0.594396 0.158839
v 0.755666 0.590015 0.170114
v 0.781444 0.598576 0.164385
v 0.781144 0.597939 0.177247
v 0.792353 0.600661 0.166078
v 0.795813 0.601495 0.175262
v 0.810688 0.603891 0.164365
v 0.816025 0.606494 0.173413
v 0.777219 0.599001 0.188124
v 0.744319 0.597228 0.187532
v 0.797442 0.605898 0.18585
v 0.821379 0.610463 0.178633
v 0.715295 0.592709 0.178106
v 0.697334 0.585866 0.163663
v 0.683333 0.570125 0.133603
v 0.683567 0.561827 0.123341
v 0.667562 0.554558 0.105294
v 0.791803 0.616824 0.190178
v 0.815766 0.619777 0.184862
v 0.767907 0.614506 0.195597
v 0.736891 0.612307 0.1914
v 0.713418 0.60564 0.178621
v 0.693699 0.598625 0.162345
v 0.672512 0.582534 0.128462
v 0.669174 0.579338 0.114006
v 0.660477 0.570094 0.094439
v 0.691874 0.614966 0.160723
v 0.713374 0.620541 0.180869
v 0.736932 0.626855 0.189994
v 0.769735 0.629406 0.197889
v 0.672474 0.599299 0.13053
v 0.665633 0.595327 0.108687
v 0.662446 0.589914 0.090759
v 0.657416 0.589667 0.068597
v 0.653534 0.565036 0.080078
v 0.655827 0.588788 0.059456
v 0.651925 0.567639 0.068791
v 0.795378 0.627671 0.194656
v 0.817517 0.632162 0.187332
v 0.661676 0.601927 0.043634
v 0.665125 0.59915 0.053171
v 0.664956 0.599857 0.060479
v 0.668248 0.601434 0.0769
v 0.675011 0.603543 0.098921
v 0.7681 0.637629 0.187867
v 0.737248 0.632931 0.176535
v 0.715614 0.630099 0.165309
v 0.699458 0.625047 0.150735
v 0.679988 0.615108 0.123677
v 0.644797 0.572563 0.062651
v 0.650578 0.591567 0.049877
v 0.791864 0.637589 0.188066
v 0.810321 0.63861 0.18101
v 0.610375 0.55824 0.046668
v 0.618884 0.546153 0.073793
v 0.609445 0.516078 0.085671
v 0.637156 0.557281 0.074949
v 0.649847 0.559592 0.080519
v 0.660287 0.548769 0.102068
v 0.638192 0.543861 0.107529
v 0.625557 0.536032 0.102494
v 0.616359 0.516042 0.104213
v 0.667235 0.544898 0.1191
v 0.646944 0.541781 0.12443
v 0.630549 0.532515 0.123137
v 0.62325 0.517618 0.120718
v 0.673988 0.543352 0.141474
v 0.653721 0.538623 0.148842
v 0.642924 0.528821 0.142159
v 0.633868 0.513752 0.137907
v 0.68737 0.548368 0.117423
v 0.687186 0.543622 0.125185
v 0.690641 0.542636 0.13455
v 0.679203 0.54841 0.155794
v 0.660599 0.540552 0.169002
v 0.649715 0.525303 0.162844
v 0.699376 0.549837 0.152434
v 0.687858 0.557828 0.177153
v 0.665748 0.547402 0.183147
v 0.656718 0.526713 0.17763
v 0.657173 0.534129 0.235676
v 0.665236 0.547724 0.205172
v 0.675885 0.565464 0.218392
v 0.664247 0.561052 0.247997
v 0.683621 0.569398 0.201694
v 0.706193 0.561228 0.17544
v 0.698027 0.572062 0.21096
v 0.690479 0.574737 0.219715
v 0.678869 0.57942 0.248369
v 0.663598 0.572966 0.276206
v 0.656437 0.546404 0.267611
v 0.654109 0.556001 0.290506
v 0.654256 0.529173 0.203022
v 0.642662 0.511498 0.153017
v 0.649293 0.512342 0.180657
v 0.648835 0.516067 0.200473
v 0.656752 0.459824 0.094017
v 0.663597 0.465588 0.115687
v 0.674834 0.451847 0.183409
v 0.670355 0.453403 0.218102
v 0.675208 0.461487 0.245
v 0.665435 0.495445 0.272747
v 0.661372 0.522893 0.290186
v 0.652164 0.486165 0.214512
v 0.649746 0.509045 0.24162
v 0.651078 0.481381 0.183692
v 0.629262 0.482224 0.096713
v 0.638103 0.481589 0.109858
v 0.641357 0.48521 0.127962
v 0.648277 0.486965 0.146331
v 0.707733 0.516164 0.10813
v 0.698239 0.512129 0.122988
v 0.715657 0.508329 0.160516
v 0.720973 0.529272 0.167803
v 0.718725 0.547372 0.184379
v 0.705413 0.557156 0.208883
v 0.693947 0.56275 0.228262
v 0.684304 0.56666 0.249729
v 0.67456 0.565477 0.275376
v 0.66512 0.550195 0.287633
v 0.715763 0.500564 0.15577
v 0.69382 0.489438 0.154528
v 0.701032 0.498882 0.1574
v 0.70285 0.510199 0.160038
v 0.702584 0.522325 0.171739
v 0.704082 0.536487 0.185092
v 0.699856 0.551713 0.20928
v 0.688466 0.559098 0.228489
v 0.684278 0.557559 0.250609
v 0.674662 0.555842 0.270739
v 0.67076 0.549486 0.280452
v 0.676621 0.477712 0.184639
v 0.672306 0.476699 0.212205
v 0.673534 0.490476 0.240277
v 0.669433 0.505102 0.259027
v 0.667311 0.526749 0.273382
v 0.667162 0.534694 0.27999
v 0.713315 0.510188 0.103338
v 0.705857 0.499581 0.107881
v 0.678656 0.548987 0.256806
v 0.672794 0.546921 0.273439
v 0.673127 0.543723 0.259068
v 0.684638 0.548662 0.234908
v 0.699752 0.531738 0.135815
v 0.687138 0.54423 0.207827
v 0.700384 0.483064 0.10747
v 0.689334 0.533367 0.19055
v 0.684297 0.520544 0.171487
v 0.67541 0.504696 0.159934
v 0.674993 0.508319 0.177952
v 0.674548 0.517497 0.197313
v 0.675688 0.525828 0.22591
v 0.675286 0.534826 0.243409
v 0.671165 0.497883 0.184371
v 0.668773 0.500351 0.209836
v 0.670007 0.511918 0.234504
v 0.67141 0.522778 0.251865
v 0.691243 0.468347 0.106872
# 2903 vertices

vn -1.0 0.0053 0.003
vn -0.9999 -0.0138 -0.0098
vn -0.9998 -0.0175 0
vn -0.9993 0.0265 0.0271
vn -0.999 -0.0446 0.0096
vn -0.9989 -0.0285 -0.0365
vn -0.9989 -0.0097 -0.0467
vn -0.9988 0.0473 0.0122
vn -0.9988 0.0336 -0.0364
vn -0.9986 -0.0035 -0.0527
vn -0.9985 0.0373 0.0399
vn -0.9984 -0.0557 -0.0077
vn -0.9975 0.0699 0.0066
vn -0.9974 0.0611 0.0384
vn -0.9973 0.0722 0.01
vn -0.9971 -0.0109 0.0756
vn -0.9969 0.0551 0.0556
vn -0.9969 -0.0759 -0.0204
vn -0.9968 -0.0603 0.0521
vn -0.9967 0.003 -0.0806
vn -0.9965 -0.0835 0
vn -0.9964 -0.0823 -0.0185
vn -0.9962 0.0593 0.0634
vn -0.996 0.0042 -0.0893
vn -0.9954 -0.0892 0.0339
vn -0.9949 -0.0792 -0.063
vn -0.9948 -0.0962 -0.0343
vn -0.9946 0.087 -0.0559
vn -0.9944 -0.0789 -0.0705
vn -0.9944 -0.1058 0.0038
vn -0.9943 -0.0929 0.0528
vn -0.9943 0.107 -0.0002
vn -0.9942 0.0636 0.0863
vn -0.9942 -0.0358 0.1011
vn -0.9941 -0.0155 0.1075
vn -0.9941 -0.0155 -0.1075
vn -0.994 -0.1004 -0.0428
vn -0.994 0.107 -0.0244
vn -0.9937 0.0065 0.1119
vn -0.9936 0.1042 0.0434
vn -0.9935 0.103 0.0481
vn -0.9935 0.0691 -0.091
vn -0.9932 0.1164 0.0021
vn -0.9929 0.1093 0.0459
vn -0.9927 -0.1163 -0.0307
vn -0.9925 -0.1056 0.061
vn -0.9923 -0.0592 0.1089
vn -0.9923 -0.0676 -0.1041
vn -0.9921 0.0284 0.1222
vn -0.9921 0.1235 0.0232
vn -0.992 -0.0975 -0.0799
vn -0.992 -0.0006 0.1263
vn -0.9917 -0.0225 -0.1264
vn -0.9917 -0.1256 0.0278
vn -0.9909 -0.1166 -0.0673
vn -0.9909 0.0312 0.1311
vn -0.9904 -0.0008 0.1382
vn -0.9904 -0.0257 -0.1359
vn -0.9903 -0.0708 -0.1194
vn -0.9902 0.0238 -0.1376
vn -0.9901 -0.0707 -0.1212
vn -0.99 -0.0589 -0.1282
vn -0.9899 0.1417 0.0058
vn -0.9899 -0.1369 -0.0375
vn -0.9898 0.0929 0.1076
vn -0.9898 0.0929 -0.1076
vn -0.9896 -0.096 -0.1067
vn -0.9896 0.0418 0.1375
vn -0.9895 0.1383 0.0412
vn -0.9895 0.1449 0.0006
vn -0.9894 -0.1084 0.097
vn -0.9893 0.0679 0.129
vn -0.9893 0.0679 -0.129
vn -0.9891 -0.1084 0.0999
vn -0.989 -0.1096 0.099
vn -0.989 -0.0437 0.1412
vn -0.9888 0.1487 -0.0108
vn -0.9888 -0.1472 0.0246
vn -0.9887 0.0651 0.135
vn -0.9886 -0.0154 0.15
vn -0.9884 -0.0672 -0.1365
vn -0.9883 -0.0743 0.1336
vn -0.9879 -0.0574 -0.1443
vn -0.9878 0.1439 0.0589
vn -0.9878 0.0031 0.156
vn -0.9877 0.1463 -0.0545
vn -0.9877 -0.1561 0.0114
vn -0.9877 0.0556 -0.1465
vn -0.9876 -0.0841 0.1322
vn -0.9872 -0.1583 -0.0167
vn -0.9872 -0.1583 0.0167
vn -0.9869 -0.0688 0.1459
vn -0.9868 -0.1152 0.1137
vn -0.9868 -0.0491 0.1544
vn -0.9867 0.162 0.0109
vn -0.9866 0.1479 0.0695
vn -0.9864 0.1595 -0.0395
vn -0.9862 -0.1642 0.0212
vn -0.9858 0.0646 -0.1549
vn -0.9857 -0.0922 0.1408
vn -0.9857 -0.0893 0.1431
vn -0.9854 0.1682 -0.026
vn -0.9854 -0.1682 -0.0268
vn -0.9853 0.1581 0.0647
vn -0.9852 0.0034 0.1714
vn -0.9851 -0.1054 -0.1356
vn -0.9848 -0.0905 0.1481
vn -0.9846 -0.1018 0.1418
vn -0.9845 -0.0893 -0.1506
vn -0.9845 0.0987 -0.1447
vn -0.9843 -0.1674 -0.056
vn -0.9842 0.1395 0.109
vn -0.9839 0.1581 0.0839
vn -0.9836 -0.165 -0.0722
vn -0.983 -0.1702 0.0682
vn -0.9828 0.071 -0.1702
vn -0.9828 -0.1831 -0.0241
vn -0.9827 -0.1206 0.1405
vn -0.9827 -0.1854 -0.0012
vn -0.9821 0.1781 -0.0612
vn -0.9819 -0.1839 -0.046
vn -0.9817 0.1904 0.0067
vn -0.9817 0.1075 -0.1575
vn -0.9811 -0.0342 0.1903
vn -0.9809 -0.0663 -0.183
vn -0.9809 -0.0663 0.183
vn -0.9808 -0.0352 -0.1919
vn -0.9807 -0.1952 0.0104
vn -0.9805 -0.1578 -0.1169
vn -0.9805 0.1962 -0.0144
vn -0.9804 0.1853 0.0671
vn -0.9803 -0.1949 -0.0306
vn -0.9803 -0.1913 0.0486
vn -0.9802 0.1905 0.0535
vn -0.9802 -0.1473 -0.1325
vn -0.9801 0.1946 0.0398
vn -0.9799 -0.1328 0.1492
vn -0.9797 -0.1795 0.0892
vn -0.9796 -0.0197 0.1998
vn -0.9794 -0.1404 -0.1454
vn -0.9793 -0.1477 0.1383
vn -0.9792 -0.0715 0.19
vn -0.9791 0.1993 -0.0404
vn -0.9789 -0.1727 0.1089
vn -0.9789 0.1932 -0.0669
vn -0.9779 -0.1724 -0.118
vn -0.9779 0.1629 -0.1309
vn -0.9778 0.1979 -0.0687
vn -0.9776 0.044 0.206
vn -0.9773 0.1576 0.1417
vn -0.9772 -0.0376 -0.2089
vn -0.977 -0.0183 0.2124
vn -0.977 -0.1681 0.1312
vn -0.9768 -0.0387 0.2106
vn -0.9768 0.0488 -0.2086
vn -0.9767 -0.1729 -0.1269
vn -0.9767 -0.1437 -0.1592
vn -0.9767 -0.1589 -0.1441
vn -0.9766 -0.1782 -0.1204
vn -0.9764 0.2056 0.0658
vn -0.9762 -0.2136 -0.0367
vn -0.9761 -0.0686 0.2063
vn -0.9761 -0.1555 -0.1521
vn -0.9759 0.2046 -0.0759
vn -0.9759 -0.0352 -0.2155
vn -0.9758 -0.1468 0.1618
vn -0.9753 -0.0608 -0.2123
vn -0.9752 -0.2014 -0.0917
vn -0.9749 -0.0927 0.2023
vn -0.9748 -0.1986 -0.1011
vn -0.9746 -0.096 -0.2023
vn -0.9741 -0.1391 -0.1781
vn -0.9737 -0.0887 -0.21
vn -0.9736 -0.1548 0.168
vn -0.9734 -0.1891 -0.1294
vn -0.9734 -0.2203 0.0636
vn -0.973 -0.196 -0.1219
vn -0.9724 -0.1685 -0.1616
vn -0.9722 -0.0441 0.2299
vn -0.9721 -0.0484 -0.2294
vn -0.972 0.0531 -0.2288
vn -0.972 -0.1569 -0.175
vn -0.9718 -0.1954 -0.132
vn -0.9712 -0.1449 0.1889
vn -0.971 -0.0003 -0.2392
vn -0.9702 -0.1726 0.1702
vn -0.9701 0.1146 -0.214
vn -0.9701 0.1146 0.214
vn -0.9701 -0.1883 -0.1532
vn -0.9699 -0.2418 -0.0275
vn -0.9698 -0.1015 0.2218
vn -0.9693 -0.1591 0.1872
vn -0.9693 -0.246 0.0036
vn -0.9686 -0.2478 -0.0221
vn -0.9684 -0.2492 -0.0008
vn -0.9676 -0.145 0.2065
vn -0.9674 -0.1513 0.2032
vn -0.9673 -0.1663 -0.1918
vn -0.967 0.2316 -0.106
vn -0.9665 -0.2535 0.0402
vn -0.9665 0.2567 0.0006
vn -0.9661 -0.2364 0.1037
vn -0.9661 -0.2341 -0.1092
vn -0.9658 0.133 0.2226
vn -0.9657 -0.2511 -0.0663
vn -0.965 -0.145 0.2185
vn -0.965 -0.145 -0.2185
vn -0.9639 -0.2178 -0.153
vn -0.9635 -0.2027 -0.175
vn -0.9631 0.0853 -0.2552
vn -0.9631 -0.141 0.2294
vn -0.9627 -0.1853 0.1974
vn -0.9626 0.2598 0.0772
vn -0.9623 0.1546 -0.2238
vn -0.962 0.0428 0.2696
vn -0.9619 -0.2514 0.1076
vn -0.9614 -0.1817 -0.2064
vn -0.9612 -0.1641 -0.2216
vn -0.9612 -0.2191 -0.1677
vn -0.961 -0.1594 0.2259
vn -0.9609 -0.2079 -0.183
vn -0.9607 -0.1855 0.2065
vn -0.9604 -0.1805 0.2123
vn -0.9602 0.2699 -0.0724
vn -0.9601 -0.2551 -0.1146
vn -0.9598 -0.0022 -0.2807
vn -0.9596 -0.0193 0.2806
vn -0.9596 -0.0229 -0.2805
vn -0.9594 0.278 -0.0468
vn -0.9592 -0.2799 -0.0404
vn -0.9589 -0.2471 -0.1395
vn -0.9586 0.1091 0.2632
vn -0.9585 -0.2291 -0.1696
vn -0.9579 0.0909 -0.2724
vn -0.9577 -0.2025 -0.2045
vn -0.9576 -0.0706 0.2792
vn -0.956 0.2778 0.0943
vn -0.9554 -0.1997 0.2176
vn -0.9547 -0.247 0.1663
vn -0.9542 0.0085 0.2992
vn -0.9541 -0.2434 -0.1743
vn -0.9535 0.0346 0.2995
vn -0.9534 -0.2487 -0.1707
vn -0.9533 -0.1165 0.2786
vn -0.9532 0.2907 -0.0836
vn -0.9531 -0.2272 -0.2
vn -0.9527 -0.2734 0.1327
vn -0.9526 -0.2199 -0.2101
vn -0.9525 -0.1607 -0.2588
vn -0.9518 -0.2473 0.1812
vn -0.9515 -0.0832 -0.2961
vn -0.9509 0.2719 -0.1481
vn -0.9507 -0.1931 -0.2428
vn -0.9503 -0.1404 -0.2778
vn -0.9503 -0.1773 -0.2558
vn -0.9493 0.1579 -0.2717
vn -0.9492 -0.0522 -0.3103
vn -0.9486 0.3 -0.101
vn -0.9485 -0.0861 -0.3048
vn -0.9485 -0.0861 0.3048
vn -0.9482 -0.136 0.2871
vn -0.9482 -0.136 -0.2871
vn -0.9481 0.3063 0.0856
vn -0.9479 -0.3179 -0.0217
vn -0.9478 0.2276 0.2234
vn -0.9475 -0.0229 0.319
vn -0.9474 -0.3201 -0.0011
vn -0.9473 -0.2693 -0.1734
vn -0.9466 -0.2074 -0.2469
vn -0.9463 0.0055 -0.3233
vn -0.9462 -0.3227 0.0218
vn -0.9461 0.3176 -0.0628
vn -0.9457 0.3115 -0.0932
vn -0.9452 0.0368 0.3244
vn -0.9451 0.3127 0.0946
vn -0.9444 -0.2896 0.1555
vn -0.944 -0.0949 -0.3159
vn -0.9438 -0.2771 -0.1802
vn -0.9435 -0.1682 -0.2854
vn -0.9434 -0.1959 -0.2678
vn -0.9417 -0.0441 0.3335
vn -0.9416 -0.3118 0.1273
vn -0.9413 -0.0833 0.3272
vn -0.9405 -0.2968 0.1652
vn -0.9402 -0.1322 0.3138
vn -0.9396 0.1717 -0.296
vn -0.9395 -0.2509 0.2332
vn -0.9389 -0.2684 0.2155
vn -0.9388 -0.0289 0.3431
vn -0.938 -0.3439 -0.0431
vn -0.9374 0.2512 -0.2412
vn -0.9374 0.1999 -0.2853
vn -0.9365 -0.3352 -0.1032
vn -0.9362 -0.2564 0.2404
vn -0.9362 -0.2564 -0.2404
vn -0.9362 -0.2564 0.2404
vn -0.9362 -0.2564 -0.2404
vn -0.9361 0.0494 -0.3482
vn -0.9361 0.0494 0.3482
vn -0.9361 -0.1573 -0.3145
vn -0.9356 -0.1521 0.3187
vn -0.9355 -0.2585 -0.2408
vn -0.9349 -0.0298 -0.3536
vn -0.9348 -0.3273 -0.1381
vn -0.9345 -0.1828 0.3053
vn -0.9345 0.3163 0.1634
vn -0.9344 -0.2031 -0.2927
vn -0.9343 0.2987 0.1945
vn -0.9334 -0.3587 0
vn -0.9328 -0.2611 0.2483
vn -0.9327 -0.3599 0.0216
vn -0.9325 -0.0977 0.3477
vn -0.9321 -0.018 0.3617
vn -0.932 0.335 0.1383
vn -0.9307 -0.3657 -0.0075
vn -0.9307 0.1477 -0.3346
vn -0.93 0.2778 -0.2407
vn -0.9298 0.1928 0.3137
vn -0.929 -0.1397 -0.3427
vn -0.929 -0.3231 0.1807
vn -0.9286 -0.3673 -0.0523
vn -0.9286 -0.0453 -0.3683
vn -0.928 0.1795 -0.3266
vn -0.9274 -0.1484 0.3433
vn -0.9265 -0.356 0.1219
vn -0.9265 -0.356 -0.1219
vn -0.9262 0.296 -0.2334
vn -0.926 -0.1952 -0.323
vn -0.9254 0.1639 0.3416
vn -0.9254 0.2733 -0.2625
vn -0.925 -0.2236 0.3073
vn -0.9249 -0.0362 -0.3784
vn -0.9247 0.0484 -0.3775
vn -0.9239 0.3507 0.1529
vn -0.9233 -0.2848 -0.2578
vn -0.9233 -0.25 -0.2917
vn -0.9221 -0.2622 0.2847
vn -0.9211 0.3788 -0.0897
vn -0.9211 0.3802 -0.0838
vn -0.921 -0.3892 -0.0156
vn -0.9209 0.05 -0.3866
vn -0.9206 -0.0939 -0.379
vn -0.9204 -0.2851 0.2676
vn -0.92 0.2197 0.3246
vn -0.9196 0.3839 0.083
vn -0.9182 0.1453 0.3684
vn -0.918 0.3864 0.0894
vn -0.918 -0.3288 0.2217
vn -0.9172 0.3544 -0.182
vn -0.9165 -0.2932 -0.2721
vn -0.9157 -0.3993 0.0461
vn -0.9152 0.3588 0.1838
vn -0.9147 -0.2957 -0.2756
vn -0.9145 -0.3672 -0.1699
vn -0.9143 -0.1823 0.3616
vn -0.9127 0.056 -0.4047
vn -0.9124 -0.1508 -0.3804
vn -0.9123 0.0086 -0.4094
vn -0.912 0.3264 0.2483
vn -0.9119 -0.1333 -0.3882
vn -0.9109 -0.1004 -0.4003
vn -0.9097 0.0878 0.4058
vn -0.9096 -0.0596 0.4113
vn -0.9092 -0.0329 -0.415
vn -0.9076 -0.1888 -0.3751
vn -0.9073 -0.4128 -0.0804
vn -0.9062 -0.2033 -0.3707
vn -0.9062 -0.2793 -0.3175
vn -0.906 -0.1818 -0.3823
vn -0.9057 -0.3176 -0.2808
vn -0.9046 0.121 -0.4086
vn -0.9042 0.0987 0.4156
vn -0.9033 -0.0813 0.4212
vn -0.9031 -0.4259 0.0549
vn -0.903 -0.394 0.1716
vn -0.9029 0.1582 0.3997
vn -0.9023 -0.2538 -0.3484
vn -0.9022 -0.4213 -0.0921
vn -0.9018 -0.0196 0.4317
vn -0.9012 -0.4326 -0.0248
vn -0.9009 -0.0019 0.4341
vn -0.9004 -0.4096 -0.1464
vn -0.9 0.4054 0.1601
vn -0.8991 -0.0524 0.4346
vn -0.8991 0.1847 -0.3969
vn -0.8989 0.4362 -0.041
vn -0.8983 0.3141 -0.3073
vn -0.8983 -0.2889 -0.3311
vn -0.8974 0.2193 -0.3828
vn -0.8964 -0.2777 -0.3453
vn -0.8953 -0.1753 0.4095
vn -0.8951 0.3977 0.2015
vn -0.8946 -0.0175 -0.4465
vn -0.8946 -0.0173 0.4466
vn -0.8945 0.4339 -0.1075
vn -0.8945 0.0264 -0.4463
vn -0.8942 -0.4137 -0.1712
vn -0.8934 -0.2316 -0.3851
vn -0.8933 -0.0481 -0.4468
vn -0.8933 -0.1069 0.4366
vn -0.8923 -0.3929 0.2222
vn -0.8914 0.1179 0.4375
vn -0.8912 -0.3312 0.31
vn -0.8911 -0.4321 -0.1384
vn -0.891 -0.4185 0.176
vn -0.8909 -0.3147 -0.3275
vn -0.8902 0.4526 0.0522
vn -0.8902 -0.4287 -0.1543
vn -0.89 0.1493 -0.4309
vn -0.8899 0.4156 -0.1878
vn -0.8897 0.008 -0.4565
vn -0.8895 0.4021 0.2169
vn -0.8893 0.0141 0.4572
vn -0.8887 -0.1315 0.4393
vn -0.8886 -0.0771 0.4521
vn -0.8886 -0.0773 -0.4522
vn -0.8883 0.4592 0.0115
vn -0.8869 0.4352 -0.155
vn -0.8868 0.3048 -0.3475
vn -0.8865 -0.0938 -0.4532
vn -0.8862 -0.1765 0.4284
vn -0.8859 -0.0177 0.4635
vn -0.8844 0.4665 -0.015
vn -0.8843 -0.2421 0.3993
vn -0.8825 0.4286 -0.1935
vn -0.8822 0.268 -0.3871
vn -0.8817 -0.1947 -0.4298
vn -0.8809 -0.067 0.4685
vn -0.8802 0.3433 -0.3277
vn -0.879 -0.3796 0.2885
vn -0.8789 0.0046 -0.477
vn -0.8788 -0.4771 0.0013
vn -0.8788 -0.2858 0.3821
vn -0.8788 -0.258 0.4014
vn -0.8786 -0.0054 0.4775
vn -0.8781 0.2069 -0.4315
vn -0.8777 -0.091 -0.4705
vn -0.8771 -0.0212 0.4799
vn -0.8763 0.0294 -0.4809
vn -0.8757 0.4657 -0.1278
vn -0.8756 0.0674 -0.4782
vn -0.8754 -0.4421 -0.1953
vn -0.8752 0.3784 0.3015
vn -0.8747 0.0117 0.4846
vn -0.8744 0.4252 -0.2338
vn -0.8743 0.2676 -0.405
vn -0.8729 -0.0354 -0.4867
vn -0.8729 -0.0815 0.4811
vn -0.8726 -0.0506 -0.4858
vn -0.8726 -0.1686 0.4584
vn -0.8723 -0.1552 -0.4637
vn -0.8712 0.3039 -0.3855
vn -0.871 0.2324 -0.4328
vn -0.8708 0.4694 0.1461
vn -0.8707 -0.2624 -0.4159
vn -0.8702 0.3917 -0.2988
vn -0.8702 0.2346 0.4333
vn -0.8689 0.3624 0.3372
vn -0.8688 -0.2293 0.4389
vn -0.8687 -0.2289 -0.4392
vn -0.8674 -0.4342 -0.243
vn -0.8672 0.447 0.2195
vn -0.8664 -0.1581 0.4737
vn -0.8659 -0.1953 -0.4606
vn -0.8649 -0.0857 -0.4945
vn -0.8646 -0.4991 -0.0579
vn -0.8639 0.0604 -0.5001
vn -0.8637 0.3432 -0.3691
vn -0.8627 -0.5054 0.0194
vn -0.8625 0.3563 0.3593
vn -0.8623 0.1542 0.4824
vn -0.8618 -0.0968 -0.4978
vn -0.8614 -0.1985 -0.4676
vn -0.8613 0.3837 -0.3332
vn -0.861 -0.2461 0.4452
vn -0.8599 0.2577 0.4406
vn -0.859 -0.2881 -0.4232
vn -0.8587 -0.0387 0.5109
vn -0.8587 -0.0387 -0.5109
vn -0.8586 -0.2006 0.4718
vn -0.8585 -0.1849 -0.4783
vn -0.8583 0.0047 -0.5131
vn -0.8582 0.0551 -0.5103
vn -0.8576 -0.0809 0.5079
vn -0.8576 0.4109 0.3095
vn -0.8564 -0.0115 -0.5162
vn -0.8562 -0.0016 0.5166
vn -0.8562 0.5118 -0.0706
vn -0.8557 -0.4917 -0.1614
vn -0.8557 -0.086 0.5103
vn -0.8555 -0.4801 0.1942
vn -0.8544 -0.0986 0.5102
vn -0.8536 -0.2221 0.4712
vn -0.8533 0.5041 0.1332
vn -0.8531 -0.1915 0.4853
vn -0.8524 -0.1938 -0.4856
vn -0.8519 -0.2717 -0.4477
vn -0.8515 0.4121 -0.3241
vn -0.8515 -0.1629 0.4985
vn -0.8515 0.4477 -0.2732
vn -0.8514 -0.0878 0.5172
vn -0.8513 -0.3737 -0.3683
vn -0.8494 -0.5235 -0.0663
vn -0.8486 -0.1522 -0.5066
vn -0.8485 0.1532 -0.5065
vn -0.8484 -0.5096 0.1436
vn -0.8483 -0.0793 -0.5235
vn -0.8482 -0.0992 0.5202
vn -0.8482 -0.4532 0.2742
vn -0.848 -0.1882 -0.4954
vn -0.8456 -0.428 0.3191
vn -0.8443 -0.1233 -0.5214
vn -0.8428 0.161 0.5136
vn -0.8424 -0.3738 0.388
vn -0.8423 -0.539 0.0074
vn -0.8422 -0.3445 -0.4148
vn -0.8409 -0.3702 0.3948
vn -0.8409 0.1658 0.5152
vn -0.8406 0.3772 -0.3887
vn -0.8406 0.5248 -0.1343
vn -0.8396 0.5384 -0.0719
vn -0.8395 0.3612 -0.406
vn -0.8388 -0.2071 0.5035
vn -0.8387 -0.25 -0.4839
vn -0.8374 -0.1771 -0.517
vn -0.8369 -0.1061 0.5369
vn -0.8368 0.3444 0.4256
vn -0.8364 -0.228 -0.4984
vn -0.8363 0.5461 0.0491
vn -0.8361 -0.1452 0.529
vn -0.836 0.5334 0.1288
vn -0.8342 -0.0472 0.5495
vn -0.8331 -0.4493 0.3226
vn -0.8329 0.1756 -0.5249
vn -0.8324 -0.1071 0.5438
vn -0.8302 -0.1413 -0.5392
vn -0.83 -0.1006 0.5486
vn -0.8298 -0.2658 -0.4907
vn -0.8296 -0.4206 -0.3673
vn -0.8277 -0.0276 0.5605
vn -0.8274 -0.4185 -0.3745
vn -0.8269 -0.0786 0.5569
vn -0.8269 -0.0786 -0.5569
vn -0.8268 -0.5472 0.1301
vn -0.8267 -0.5613 -0.0384
vn -0.8262 -0.5632 0.0133
vn -0.8259 -0.1254 -0.5497
vn -0.8258 0.1551 -0.5423
vn -0.8253 -0.2272 -0.5169
vn -0.8253 -0.56 -0.0729
vn -0.8246 -0.2308 0.5165
vn -0.8212 -0.4169 -0.3896
vn -0.8199 -0.533 0.209
vn -0.8197 -0.1307 -0.5577
vn -0.8194 -0.3596 0.4464
vn -0.8191 0.5434 0.1837
vn -0.8188 0.1526 0.5535
vn -0.8182 0.571 0.0665
vn -0.8181 -0.2134 0.5341
vn -0.8174 0.5676 0.0987
vn -0.8172 -0.4003 0.4147
vn -0.8169 -0.3689 -0.4434
vn -0.8166 0.5274 -0.2345
vn -0.8162 0.3619 -0.4504
vn -0.816 0.5745 -0.064
vn -0.8158 -0.155 0.5572
vn -0.8151 0.2826 -0.5057
vn -0.8147 -0.1314 0.5648
vn -0.8144 -0.1549 -0.5593
vn -0.8127 0.2929 -0.5038
vn -0.8127 -0.0571 0.5799
vn -0.8118 -0.5795 -0.0718
vn -0.8116 0.2872 0.5088
vn -0.8115 0.0349 0.5833
vn -0.8107 -0.4768 0.3397
vn -0.8105 -0.0839 -0.5796
vn -0.8096 0.579 0.0963
vn -0.8094 -0.1564 0.5661
vn -0.8093 0.3121 0.4977
vn -0.809 0.4326 0.398
vn -0.8088 0.2133 0.548
vn -0.8084 -0.1413 0.5714
vn -0.8083 -0.1457 -0.5705
vn -0.8077 0.5764 -0.1238
vn -0.8074 0.1169 0.5783
vn -0.8071 0.0784 0.5851
vn -0.8069 -0.445 0.3886
vn -0.8068 -0.1208 -0.5784
vn -0.8067 0.5468 -0.2239
vn -0.8061 0.0177 -0.5915
vn -0.8057 -0.2131 0.5526
vn -0.8047 0.2033 -0.5578
vn -0.8046 -0.513 0.2991
vn -0.8038 -0.5617 -0.1961
vn -0.803 -0.1341 -0.5807
vn -0.8027 -0.5918 0.0731
vn -0.8023 -0.597 0
vn -0.8012 0.542 0.2536
vn -0.8003 -0.5944 0.0782
vn -0.8003 0.1899 -0.5687
vn -0.798 -0.3085 0.5177
vn -0.7978 -0.0932 -0.5956
vn -0.7978 -0.124 -0.59
vn -0.7966 -0.4415 -0.4129
vn -0.7948 -0.0607 -0.6038
vn -0.7948 -0.0649 0.6034
vn -0.7943 0.1445 -0.5901
vn -0.7924 -0.1233 -0.5975
vn -0.7914 0.5185 -0.3238
vn -0.7894 -0.2622 -0.5551
vn -0.7874 -0.1686 -0.5929
vn -0.7855 0.0297 -0.6181
vn -0.7852 0.5725 -0.236
vn -0.7843 -0.6188 -0.044
vn -0.7842 -0.0717 -0.6163
vn -0.7841 -0.2746 -0.5566
vn -0.7836 -0.2816 0.5538
vn -0.7832 0.0811 0.6165
vn -0.7831 0.6094 -0.124
vn -0.7824 0.0214 0.6223
vn -0.7823 -0.1472 0.6052
vn -0.7823 0.3272 0.5301
vn -0.7821 -0.1868 -0.5944
vn -0.7821 -0.1868 0.5944
vn -0.7819 -0.1125 0.6131
vn -0.7817 0.5438 -0.3052
vn -0.7814 0.6209 0.0623
vn -0.7811 -0.2832 -0.5566
vn -0.7804 -0.0603 -0.6224
vn -0.7804 0.2675 -0.5653
vn -0.7797 -0.5326 -0.3293
vn -0.7784 -0.1222 -0.6157
vn -0.7771 -0.6292 0.0123
vn -0.777 0.4252 -0.4641
vn -0.777 0.2716 0.568
vn -0.7758 0.0402 -0.6297
vn -0.7757 -0.5452 0.3179
vn -0.7754 0.6277 -0.069
vn -0.7751 -0.3948 -0.4933
vn -0.7751 -0.421 -0.4712
vn -0.7744 -0.3587 -0.5212
vn -0.7734 0.2274 0.5917
vn -0.7732 -0.6292 0.0784
vn -0.7726 0.4841 0.4108
vn -0.7714 0.6363 0.0014
vn -0.7714 0.044 0.6348
vn -0.7708 0.0569 0.6346
vn -0.7708 0.0569 -0.6346
vn -0.7706 -0.1078 0.6281
vn -0.77 -0.636 0.0509
vn -0.7691 -0.6148 -0.1747
vn -0.7681 0.5817 -0.2677
vn -0.768 0.2042 0.607
vn -0.7672 -0.2732 -0.5802
vn -0.7665 -0.0631 -0.6392
vn -0.7658 -0.0357 0.6421
vn -0.7658 -0.0357 -0.6421
vn -0.7642 -0.0629 -0.6419
vn -0.7641 0.6367 -0.1036
vn -0.7641 0.1546 -0.6263
vn -0.7641 0.0238 0.6447
vn -0.7627 0.6443 0.0552
vn -0.7581 -0.652 0.0148
vn -0.7568 0.3328 0.5626
vn -0.7565 -0.0234 -0.6536
vn -0.7527 0.6557 -0.0584
vn -0.7527 -0.6555 -0.0607
vn -0.7521 -0.4376 0.4929
vn -0.7518 -0.645 -0.1372
vn -0.7508 -0.1517 -0.6429
vn -0.7504 0.5122 -0.4178
vn -0.7499 -0.0186 -0.6612
vn -0.7499 -0.0186 0.6612
vn -0.7486 -0.069 0.6594
vn -0.7486 -0.5643 -0.348
vn -0.748 0.3362 -0.5722
vn -0.7479 -0.042 0.6625
vn -0.7479 -0.042 -0.6625
vn -0.7477 0.6528 0.1218
vn -0.7465 -0.1 -0.6578
vn -0.7464 0.529 0.4037
vn -0.7455 -0.0652 0.6633
vn -0.7455 -0.0652 -0.6633
vn -0.7455 -0.6581 -0.1056
vn -0.7449 0.2411 0.6221
vn -0.7448 0.1012 0.6596
vn -0.744 0.1796 -0.6436
vn -0.7429 0.5764 -0.3404
vn -0.7426 -0.4704 0.4767
vn -0.7423 0.5228 0.4192
vn -0.7412 -0.6455 -0.1843
vn -0.7408 -0.6703 0.044
vn -0.7407 0.5998 0.3025
vn -0.7395 -0.1189 -0.6626
vn -0.7393 -0.599 -0.3076
vn -0.739 0.5842 -0.3355
vn -0.7386 -0.0687 -0.6707
vn -0.7381 -0.6624 0.1282
vn -0.7366 -0.0352 0.6754
vn -0.7358 0.159 -0.6582
vn -0.7357 0.098 -0.6701
vn -0.7327 -0.1835 -0.6553
vn -0.7326 0.3045 0.6087
vn -0.7326 -0.0792 0.6761
vn -0.7325 0.3279 -0.5965
vn -0.7315 -0.0758 0.6776
vn -0.7308 0.625 0.2745
vn -0.7303 0.5974 0.3314
vn -0.7301 0.1179 0.6731
vn -0.7298 0.5815 -0.3594
vn -0.7281 -0.0567 0.6831
vn -0.7278 0.35 0.5897
vn -0.7263 -0.6142 0.3087
vn -0.7255 -0.5373 -0.43
vn -0.7253 0.5955 0.3453
vn -0.7248 -0.6803 -0.1089
vn -0.7247 0.5613 -0.3997
vn -0.7228 0.6658 0.1852
vn -0.7213 -0.0636 0.6896
vn -0.7213 -0.0636 -0.6896
vn -0.7213 0.3399 0.6035
vn -0.7209 0.1196 0.6826
vn -0.7209 0.1196 -0.6826
vn -0.7208 -0.4161 -0.5544
vn -0.7197 0.0103 -0.6943
vn -0.7192 -0.0867 -0.6893
vn -0.719 -0.1345 0.6819
vn -0.719 -0.6352 -0.2821
vn -0.7176 -0.4418 0.5384
vn -0.7173 0.0494 0.695
vn -0.7153 0.1932 0.6716
vn -0.7153 0.1932 -0.6716
vn -0.7117 0.6528 0.2595
vn -0.7117 -0.35 -0.609
vn -0.711 0.575 0.4049
vn -0.7102 -0.1627 0.6849
vn -0.7101 0.0247 0.7037
vn -0.7086 0.6865 0.1629
vn -0.7085 -0.7034 0.057
vn -0.7048 0.3214 -0.6325
vn -0.7046 0.6086 -0.3648
vn -0.7022 -0.712 0.0095
vn -0.7017 -0.1212 -0.7021
vn -0.701 0.3352 0.6295
vn -0.7006 -0.272 0.6596
vn -0.7 -0.0349 -0.7133
vn -0.7 -0.5271 0.4818
vn -0.6979 0.0948 -0.7099
vn -0.6963 -0.441 -0.5663
vn -0.6955 0.5877 0.4133
vn -0.695 -0.0622 -0.7163
vn -0.6949 -0.637 0.3337
vn -0.6946 -0.0578 0.7171
vn -0.6945 0.5774 -0.4292
vn -0.6944 0.1703 -0.6991
vn -0.694 0.0059 0.7199
vn -0.694 0.0059 -0.7199
vn -0.6933 0.5778 0.4307
vn -0.6922 0.1202 0.7116
vn -0.692 0.7216 -0.0222
vn -0.6914 0.1562 -0.7054
vn -0.6904 -0.6146 -0.3816
vn -0.6884 -0.6391 -0.343
vn -0.6858 0.2146 -0.6955
vn -0.6848 0.0143 -0.7286
vn -0.6832 -0.052 0.7284
vn -0.683 0.1514 0.7146
vn -0.6829 0.0777 -0.7264
vn -0.6826 0.2399 0.6903
vn -0.6823 -0.7284 0.0626
vn -0.678 0.4352 0.5923
vn -0.678 0.2568 0.6888
vn -0.6778 -0.5057 -0.5337
vn -0.6759 -0.7293 0.1068
vn -0.6757 -0.155 0.7207
vn -0.6746 -0.1274 0.7271
vn -0.674 -0.1851 -0.7151
vn -0.6731 0.7032 0.229
vn -0.671 -0.136 -0.7289
vn -0.6708 0.7392 0.0603
vn -0.6707 0.137 0.729
vn -0.6692 0.545 0.5051
vn -0.6692 0.1185 0.7336
vn -0.6688 0.1177 0.7341
vn -0.6688 0.6554 -0.3509
vn -0.6685 0.716 -0.2009
vn -0.668 -0.0372 -0.7433
vn -0.6678 -0.3819 0.6388
vn -0.6673 0.1635 -0.7266
vn -0.6667 0.7414 -0.0764
vn -0.6666 -0.5443 -0.5093
vn -0.6665 -0.1351 0.7332
vn -0.6664 0.0936 -0.7397
vn -0.6641 -0.041 -0.7465
vn -0.6632 0.7484 0.0056
vn -0.6623 -0.0551 -0.7472
vn -0.6621 0.5458 0.5135
vn -0.6615 -0.0661 -0.747
vn -0.6614 0.1248 0.7396
vn -0.6602 0.1805 -0.7291
vn -0.6602 -0.5294 0.5328
vn -0.6582 -0.0214 -0.7526
vn -0.6581 0.753 -0.0042
vn -0.6568 -0.1079 -0.7463
vn -0.6551 0.7047 -0.2724
vn -0.6519 0.2049 0.7301
vn -0.6515 -0.1214 -0.7489
vn -0.6513 -0.0225 -0.7585
vn -0.6511 0.0805 -0.7547
vn -0.6508 0.7354 0.1889
vn -0.6498 0.7204 -0.2426
vn -0.6496 0.18 -0.7387
vn -0.649 -0.7528 0.1098
vn -0.6474 -0.3876 0.6563
vn -0.6467 -0.03 0.7622
vn -0.6467 -0.03 -0.7622
vn -0.6466 0.285 -0.7076
vn -0.6464 -0.3116 0.6965
vn -0.6451 -0.1748 -0.7438
vn -0.6444 0.4802 0.5952
vn -0.6442 0.1986 0.7386
vn -0.6439 0.1248 -0.7549
vn -0.6437 -0.1023 0.7584
vn -0.6428 -0.7617 0.0814
vn -0.6416 -0.1383 0.7544
vn -0.6414 0.3458 -0.6849
vn -0.6414 0.0571 -0.7651
vn -0.6411 0.6424 -0.42
vn -0.6401 0.1271 0.7577
vn -0.6398 0.166 -0.7504
vn -0.6397 0.6654 0.3848
vn -0.6394 0.2531 0.7261
vn -0.6391 0.5358 -0.5518
vn -0.639 0.2847 -0.7146
vn -0.6386 0.2861 -0.7144
vn -0.6379 -0.116 0.7614
vn -0.6376 -0.7322 0.2395
vn -0.6375 0.7699 -0.0294
vn -0.6365 0.7631 -0.1119
vn -0.6364 -0.2638 -0.7248
vn -0.6357 0.1217 0.7622
vn -0.6348 -0.7642 -0.1139
vn -0.6344 0.7723 -0.0344
vn -0.6337 0.7136 0.2987
vn -0.6329 0.1811 0.7527
vn -0.6329 0.1222 0.7646
vn -0.6313 -0.4959 -0.5962
vn -0.6313 0.3357 0.6991
vn -0.6307 -0.2306 0.7409
vn -0.6307 0.278 -0.7246
vn -0.6297 -0.5226 0.5747
vn -0.629 -0.2428 0.7385
vn -0.6288 -0.2192 -0.746
vn -0.6281 -0.2318 -0.7428
vn -0.6281 -0.0844 -0.7736
vn -0.6272 0.7612 -0.1646
vn -0.6272 0.113 0.7706
vn -0.6259 -0.0702 -0.7767
vn -0.6257 -0.0673 0.7771
vn -0.6257 -0.0673 -0.7771
vn -0.6254 -0.0444 -0.779
vn -0.6253 0.4158 -0.6604
vn -0.6247 0.7801 0.0349
vn -0.6242 0.7807 -0.029
vn -0.6242 0.4328 -0.6505
vn -0.6231 0.3222 0.7127
vn -0.6207 0.1313 -0.7729
vn -0.6206 0.7841 -0.0076
vn -0.6195 -0.6079 0.4966
vn -0.6181 -0.13 -0.7753
vn -0.6168 0.6269 0.476
vn -0.6165 0.6309 -0.4711
vn -0.616 -0.2867 -0.7337
vn -0.6152 0.7876 -0.0352
vn -0.6151 0.788 -0.0274
vn -0.6149 0.112 -0.7806
vn -0.6142 -0.5998 -0.5127
vn -0.6142 0.3022 0.729
vn -0.6138 -0.0666 -0.7866
vn -0.6136 -0.0932 0.7841
vn -0.6126 -0.1231 0.7807
vn -0.61 0.2747 -0.7433
vn -0.6094 -0.3238 0.7237
vn -0.6093 0.0433 0.7918
vn -0.6083 0.6396 0.47
vn -0.6083 -0.2939 -0.7373
vn -0.6079 0.7381 0.2928
vn -0.6078 -0.1996 0.7686
vn -0.6076 0.0578 -0.7921
vn -0.6074 -0.2415 0.7568
vn -0.6073 0.7921 -0.0617
vn -0.607 0.4608 0.6474
vn -0.6058 0.7938 0.0528
vn -0.6056 0.6962 -0.3855
vn -0.6053 -0.2934 -0.7399
vn -0.6051 -0.2025 0.7699
vn -0.6034 0.4554 -0.6546
vn -0.6034 -0.3909 -0.6951
vn -0.6017 -0.0391 -0.7977
vn -0.6017 -0.0391 0.7977
vn -0.6007 -0.0574 0.7974
vn -0.6005 -0.0397 0.7986
vn -0.6005 -0.0397 -0.7986
vn -0.6004 -0.0756 0.7961
vn -0.5992 0.1012 0.7942
vn -0.5985 -0.0324 -0.8005
vn -0.5984 -0.7976 0.0752
vn -0.5983 -0.382 0.7044
vn -0.5982 -0.0775 -0.7976
vn -0.5978 -0.1928 -0.7782
vn -0.5955 0.6894 0.4124
vn -0.5947 0.7272 0.3428
vn -0.5947 0.8038 0.0159
vn -0.5945 -0.024 -0.8038
vn -0.5942 -0.2255 0.7721
vn -0.5939 -0.2372 -0.7687
vn -0.5938 0.8015 0.0703
vn -0.5937 -0.0192 0.8044
vn -0.593 -0.1848 0.7838
vn -0.5927 0.1336 0.7943
vn -0.5926 -0.1879 0.7833
vn -0.5923 -0.8048 0.0389
vn -0.5921 -0.0122 0.8058
vn -0.5912 0.8058 -0.0351
vn -0.591 0.7125 -0.3783
vn -0.5908 -0.8062 -0.0309
vn -0.5888 0.1232 -0.7988
vn -0.5886 -0.1698 -0.7904
vn -0.5879 0.2204 -0.7783
vn -0.5865 -0.7953 -0.1536
vn -0.5864 0.8095 -0.0305
vn -0.5862 0.1328 -0.7992
vn -0.5857 -0.2049 -0.7842
vn -0.5815 0.498 -0.6433
vn -0.5792 -0.5905 -0.562
vn -0.5791 0.6516 -0.49
vn -0.579 -0.233 0.7814
vn -0.5782 0.117 -0.8074
vn -0.5782 0.8031 0.1436
vn -0.5774 0.6796 0.4525
vn -0.5773 -0.2081 0.7896
vn -0.5768 -0.0217 0.8166
vn -0.5764 0.6333 0.5165
vn -0.5764 0.1244 0.8076
vn -0.5751 -0.1243 0.8086
vn -0.5742 -0.141 0.8065
vn -0.5741 -0.1768 -0.7995
vn -0.5739 0.2301 -0.7859
vn -0.5737 -0.3282 -0.7504
vn -0.5732 -0.8157 0.0782
vn -0.5727 -0.3243 -0.7529
vn -0.572 0.0668 -0.8175
vn -0.5719 0.8184 0.0558
vn -0.5712 -0.0558 -0.8189
vn -0.5708 0.1119 0.8134
vn -0.5704 0.7908 0.222
vn -0.5698 -0.5978 0.5638
vn -0.5696 0.8219 0.0083
vn -0.5672 -0.267 -0.7791
vn -0.5663 0.6313 -0.53
vn -0.5661 0.6292 0.5326
vn -0.5658 0.797 0.2113
vn -0.5655 0.5115 0.647
vn -0.565 0.6234 0.5405
vn -0.5646 -0.069 -0.8225
vn -0.5643 0.8002 0.2029
vn -0.5642 0.6382 0.5239
vn -0.5627 -0.6483 0.5128
vn -0.5621 -0.1173 -0.8187
vn -0.5616 0.1185 -0.8189
vn -0.5614 0.1801 -0.8077
vn -0.5612 -0.1804 -0.8078
vn -0.5612 0.155 0.813
vn -0.561 0.1515 -0.8138
vn -0.56 -0.0751 0.8251
vn -0.5598 0.8126 -0.1622
vn -0.5597 0.7994 0.2185
vn -0.5594 0.7079 -0.4311
vn -0.5586 0.6615 0.5003
vn -0.5584 -0.7446 0.3657
vn -0.5581 0.8279 0.0566
vn -0.5579 -0.017 0.8297
vn -0.5579 0.6253 -0.5457
vn -0.5578 -0.0172 -0.8298
vn -0.5575 -0.6311 0.5393
vn -0.5575 -0.3074 -0.7712
vn -0.5564 0.0552 0.8291
vn -0.5555 -0.2931 -0.7782
vn -0.5552 0.8229 -0.1207
vn -0.5551 0.0584 -0.8297
vn -0.5551 0.0584 0.8297
vn -0.5549 0.2394 -0.7967
vn -0.5544 0.5286 0.6428
vn -0.5539 0.7669 -0.324
vn -0.5539 0.6493 -0.5212
vn -0.5535 0.0476 -0.8315
vn -0.5534 -0.1007 -0.8268
vn -0.5533 0.2349 -0.7992
vn -0.5526 -0.0323 0.8328
vn -0.5517 0.8257 0.1181
vn -0.5513 0.6799 0.4836
vn -0.5509 0.142 -0.8224
vn -0.5507 -0.5175 -0.6549
vn -0.5506 0.7729 0.3153
vn -0.5499 0.0198 -0.835
vn -0.5496 0.1053 0.8287
vn -0.5495 -0.1012 -0.8293
vn -0.5495 0.006 0.8355
vn -0.5493 0.7515 -0.3654
vn -0.548 -0.1934 0.8138
vn -0.5478 0.1973 -0.813
vn -0.5477 -0.4671 0.6941
vn -0.5468 0.8175 0.181
vn -0.5451 -0.0564 0.8365
vn -0.5451 -0.0566 -0.8365
vn -0.5436 0.8113 0.2152
vn -0.5426 0.7569 0.3644
vn -0.5425 0.2477 0.8027
vn -0.5424 0.8395 -0.0317
vn -0.5418 0.8341 -0.1039
vn -0.5416 0.0039 -0.8406
vn -0.5409 -0.6234 -0.5646
vn -0.5405 0.1211 0.8326
vn -0.5398 0.8261 0.162
vn -0.5397 -0.8418 0.0082
vn -0.5388 0.1087 0.8354
vn -0.5385 0.134 -0.8319
vn -0.5381 0.4594 0.7067
vn -0.5369 0.2022 -0.819
vn -0.536 -0.6151 0.5783
vn -0.5359 -0.7686 -0.3493
vn -0.5359 -0.2141 0.8167
vn -0.5358 -0.7448 -0.3978
vn -0.5351 -0.17 -0.8275
vn -0.5349 0.7051 0.4655
vn -0.5345 -0.1963 0.822
vn -0.5345 -0.1963 -0.822
vn -0.5329 0.1657 0.8298
vn -0.5327 0.6445 -0.5485
vn -0.5313 0.8468 0.0244
vn -0.531 0.1206 -0.8388
vn -0.5309 0.6624 0.5285
vn -0.5308 -0.0499 0.8461
vn -0.5299 -0.2584 0.8077
vn -0.5297 -0.1443 0.8358
vn -0.5292 -0.0879 0.844
vn -0.5284 -0.1946 0.8264
vn -0.5277 0.8373 0.1429
vn -0.5275 0.4754 0.704
vn -0.5272 0.0992 0.844
vn -0.5265 0.6715 -0.5214
vn -0.5259 0.843 0.1132
vn -0.525 0.1211 -0.8424
vn -0.525 -0.2599 -0.8105
vn -0.5248 -0.1814 -0.8317
vn -0.5239 0.3666 0.7689
vn -0.5228 -0.1022 -0.8463
vn -0.522 -0.0404 -0.852
vn -0.522 -0.0404 0.852
vn -0.5219 0.6278 -0.5775
vn -0.5218 -0.1291 0.8432
vn -0.5218 -0.1291 -0.8432
vn -0.5209 0.2403 -0.8191
vn -0.5203 0.6641 0.5369
vn -0.519 0.2493 -0.8176
vn -0.5182 0.1187 -0.847
vn -0.5178 -0.128 0.8459
vn -0.5176 -0.1564 -0.8412
vn -0.516 0.8565 0.0072
vn -0.5153 -0.0543 0.8553
vn -0.5152 0.1461 0.8445
vn -0.5144 -0.7664 0.3847
vn -0.5142 0.8291 -0.2196
vn -0.5119 -0.2938 -0.8072
vn -0.5118 0.161 -0.8439
vn -0.5117 -0.2251 0.8291
vn -0.5116 -0.8583 0.0391
vn -0.51 -0.0528 0.8586
vn -0.51 -0.0528 -0.8586
vn -0.5098 -0.5597 -0.6533
vn -0.5086 0.1251 -0.8519
vn -0.5081 0.2534 0.8232
vn -0.5077 0.7478 -0.4278
vn -0.5065 0.1705 0.8452
vn -0.5064 0.0928 -0.8573
vn -0.5059 -0.6143 -0.6056
vn -0.5054 -0.1948 0.8406
vn -0.5054 -0.1948 -0.8406
vn -0.5053 0.1298 0.8531
vn -0.5043 0.3242 -0.8003
vn -0.5043 -0.8285 0.2436
vn -0.5043 -0.8285 -0.2436
vn -0.5027 0.0772 0.861
vn -0.5026 -0.4324 0.7486
vn -0.5017 -0.0112 0.8649
vn -0.4995 -0.1534 -0.8526
vn -0.4982 0.1069 -0.8604
vn -0.4982 0.1069 0.8604
vn -0.4981 0.0969 0.8617
vn -0.4974 -0.0308 -0.867
vn -0.4973 0.8676 0.005
vn -0.4964 0.8679 -0.0183
vn -0.4953 0.0407 0.8678
vn -0.4945 -0.7262 0.4776
vn -0.4942 0.1405 -0.8579
vn -0.494 0.1135 -0.862
vn -0.4932 0.2747 0.8254
vn -0.4927 -0.2583 -0.831
vn -0.4923 -0.8617 -0.123
vn -0.4919 -0.812 -0.3142
vn -0.4919 -0.622 0.6092
vn -0.4918 0.1162 -0.8629
vn -0.4913 0.6409 -0.5897
vn -0.4907 0.1213 0.8628
vn -0.4904 0.8285 -0.2704
vn -0.4898 0.552 -0.6749
vn -0.4887 0.6928 -0.5303
vn -0.4886 0.1661 -0.8565
vn -0.4881 0.1071 0.8662
vn -0.4875 0.1314 -0.8632
vn -0.4868 -0.6732 -0.5567
vn -0.4866 -0.1344 0.8632
vn -0.4863 0.8089 0.3304
vn -0.4862 -0.0423 -0.8728
vn -0.4854 0.7798 0.3952
vn -0.4852 0.075 0.8712
vn -0.4846 0.1111 -0.8676
vn -0.4831 -0.2074 -0.8506
vn -0.4829 -0.2024 0.8519
vn -0.4824 0.7846 0.3895
vn -0.482 0.8761 0.0084
vn -0.4819 0.1128 0.8689
vn -0.4812 -0.1528 -0.8632
vn -0.4804 -0.1921 -0.8558
vn -0.4797 -0.431 -0.7643
vn -0.4797 0.1268 -0.8683
vn -0.4796 -0.8766 -0.0392
vn -0.478 0.8712 0.1121
vn -0.4776 -0.0773 0.8752
vn -0.4761 -0.3636 0.8007
vn -0.4754 0.2455 -0.8448
vn -0.4749 0.1345 0.8697
vn -0.4747 0.1307 0.8704
vn -0.4742 0.0874 -0.8761
vn -0.4731 0.0863 -0.8768
vn -0.4724 -0.7408 0.4776
vn -0.4722 -0.5823 0.6618
vn -0.4715 0.0429 -0.8808
vn -0.4708 0.2527 -0.8453
vn -0.4704 -0.3697 -0.8013
vn -0.4702 0.0558 -0.8808
vn -0.4685 -0.0984 0.878
vn -0.4679 0.255 0.8462
vn -0.4679 0.8221 0.3245
vn -0.4676 -0.2047 -0.8599
vn -0.4676 0.7845 -0.4073
vn -0.4673 0.1153 -0.8765
vn -0.467 -0.2019 0.8609
vn -0.467 0.7294 0.4999
vn -0.4668 0.2426 0.8504
vn -0.4656 0.1375 -0.8742
vn -0.4653 0.0968 -0.8798
vn -0.4648 -0.8831 0.0635
vn -0.4645 0.8212 -0.3315
vn -0.4644 0.8669 -0.1812
vn -0.4637 0.1334 -0.8759
vn -0.4632 -0.8858 0.0297
vn -0.4632 -0.8858 -0.0297
vn -0.462 0.8868 -0.0096
vn -0.4616 -0.511 -0.7251
vn -0.4616 0.2766 0.8428
vn -0.4611 0.1622 -0.8724
vn -0.4609 0.8735 -0.157
vn -0.4608 -0.5268 -0.7142
vn -0.4602 -0.0156 0.8877
vn -0.4602 -0.0156 -0.8877
vn -0.4601 0.1322 -0.878
vn -0.4593 -0.1169 -0.8805
vn -0.4591 0.787 0.4121
vn -0.4591 0.8882 -0.0193
vn -0.4582 -0.1076 0.8823
vn -0.457 -0.8894 -0.007
vn -0.4568 -0.4126 -0.7881
vn -0.4566 -0.8745 0.1635
vn -0.4566 -0.8745 -0.1635
vn -0.4556 -0.0262 0.8898
vn -0.4556 -0.0262 -0.8898
vn -0.4552 0.8795 0.1385
vn -0.455 0.1524 0.8774
vn -0.4549 -0.0177 0.8903
vn -0.4544 0.7542 0.4739
vn -0.453 0.8842 -0.1135
vn -0.4528 0.0834 0.8877
vn -0.4526 0.8913 -0.0254
vn -0.4523 0.3558 0.8178
vn -0.4517 -0.89 -0.0622
vn -0.4515 -0.8854 0.1104
vn -0.4513 0.0517 0.8909
vn -0.4512 -0.7125 0.5374
vn -0.4511 0.0238 -0.8922
vn -0.4509 -0.0156 -0.8924
vn -0.4509 -0.3635 -0.8152
vn -0.4509 -0.3635 0.8152
vn -0.4509 -0.3635 -0.8152
vn -0.4509 -0.3635 0.8152
vn -0.4506 -0.1632 0.8777
vn -0.4501 -0.0271 -0.8926
vn -0.4493 -0.0708 -0.8906
vn -0.4489 0.8763 -0.1747
vn -0.4483 0.1318 0.8841
vn -0.4482 -0.4979 0.7424
vn -0.4476 -0.1983 -0.872
vn -0.4474 0.0858 0.8902
vn -0.4469 -0.8157 0.3673
vn -0.4466 -0.0605 -0.8927
vn -0.4465 0.3769 -0.8115
vn -0.4463 0.3801 0.8101
vn -0.4463 -0.0474 -0.8937
vn -0.4463 -0.0474 0.8937
vn -0.4451 -0.6901 -0.5707
vn -0.4447 -0.1093 0.889
vn -0.4443 -0.8959 -0.0038
vn -0.4436 0.2473 -0.8614
vn -0.4433 0.0681 0.8938
vn -0.4422 -0.1713 0.8804
vn -0.4417 -0.0415 -0.8962
vn -0.4413 0.7686 0.4632
vn -0.4411 0.7024 0.5587
vn -0.4404 0.1085 0.8912
vn -0.4398 0.6852 0.5806
vn -0.4397 0.692 -0.5726
vn -0.4391 -0.1272 0.8894
vn -0.4386 -0.7022 -0.5609
vn -0.4379 0.8002 -0.4097
vn -0.4374 0.1372 0.8887
vn -0.4368 -0.0335 -0.8989
vn -0.4354 -0.0156 0.9001
vn -0.4354 0.2294 -0.8705
vn -0.4354 0.2458 0.866
vn -0.435 -0.2052 0.8767
vn -0.4347 0.1491 -0.8881
vn -0.4347 0.3422 0.8331
vn -0.4343 -0.2339 0.8699
vn -0.4343 0.0376 0.9
vn -0.4342 -0.1696 -0.8847
vn -0.4341 0.0104 0.9008
vn -0.434 0.1504 0.8883
vn -0.4328 -0.0628 0.8993
vn -0.4326 0.9016 0.0052
vn -0.4323 0.8889 0.1517
vn -0.4319 -0.5206 -0.7365
vn -0.4302 0.0243 -0.9024
vn -0.4299 -0.1925 0.8821
vn -0.4297 0.1282 0.8938
vn -0.4293 0.5451 -0.7201
vn -0.4288 -0.8962 0.1142
vn -0.4281 -0.705 0.5654
vn -0.4281 -0.9012 -0.0681
vn -0.428 0.1291 -0.8945
vn -0.4279 0.342 0.8366
vn -0.4273 -0.7465 -0.51
vn -0.4265 0.1653 -0.8893
vn -0.4262 0.144 -0.8931
vn -0.426 -0.6985 0.575
vn -0.426 -0.0291 0.9043
vn -0.4253 -0.0485 0.9038
vn -0.4251 -0.9024 0.0703
vn -0.4249 0.8736 -0.2374
vn -0.4243 0.2115 0.8805
vn -0.4242 -0.1869 -0.8861
vn -0.4241 0.2379 -0.8738
vn -0.4238 0.8387 -0.3421
vn -0.4227 0.2902 -0.8586
vn -0.4223 -0.8913 0.1651
vn -0.4223 -0.8913 -0.1651
vn -0.4222 -0.9065 0.0056
vn -0.4221 0.6126 0.6683
vn -0.4208 -0.7577 -0.4988
vn -0.4207 -0.5733 0.7031
vn -0.4203 0.2616 0.8689
vn -0.4174 0.0786 0.9053
vn -0.4174 0.0102 0.9087
vn -0.4173 -0.026 -0.9084
vn -0.4167 0.6962 0.5846
vn -0.4159 -0.2582 0.872
vn -0.4156 0.7508 -0.5134
vn -0.4149 -0.7929 0.4462
vn -0.4148 0.9099 0.001
vn -0.4142 0.9005 -0.1323
vn -0.414 -0.8961 -0.1597
vn -0.414 0.8343 0.364
vn -0.414 0.0905 -0.9058
vn -0.414 -0.2299 0.8808
vn -0.4137 -0.1028 0.9046
vn -0.4133 -0.2026 0.8878
vn -0.4133 -0.6309 -0.6566
vn -0.4128 0.1617 -0.8963
vn -0.4128 0.1097 0.9042
vn -0.4127 -0.7691 -0.4881
vn -0.4124 -0.0694 -0.9084
vn -0.4123 -0.4949 -0.7649
vn -0.4123 -0.4949 0.7649
vn -0.4123 -0.3223 -0.8521
vn -0.4123 0.3475 0.8422
vn -0.4117 0.698 0.5858
vn -0.4115 0.7113 -0.5699
vn -0.4114 0.3507 0.8413
vn -0.4112 -0.0842 -0.9076
vn -0.411 0.1182 -0.9039
vn -0.4104 -0.5103 -0.7557
vn -0.4095 -0.0745 -0.9093
vn -0.4095 -0.0745 0.9093
vn -0.4091 0.0333 0.9119
vn -0.4088 -0.8503 -0.3315
vn -0.4085 0.3152 0.8566
vn -0.4079 -0.1875 -0.8936
vn -0.4078 0.8957 -0.1774
vn -0.4072 0.1622 -0.8988
vn -0.4072 0.0042 0.9133
vn -0.4068 0.2609 0.8755
vn -0.4067 0.0398 0.9127
vn -0.4058 0.7844 0.4692
vn -0.4053 0.9012 0.1539
vn -0.405 -0.1421 0.9032
vn -0.4042 -0.8808 -0.2465
vn -0.4038 -0.1038 -0.9089
vn -0.4035 -0.1771 -0.8977
vn -0.4029 -0.1211 0.9072
vn -0.4029 -0.1211 -0.9072
vn -0.4029 0.1257 -0.9066
vn -0.4025 0.139 0.9048
vn -0.4022 0.7983 -0.4482
vn -0.4022 0.1726 -0.8991
vn -0.4013 -0.8844 0.2383
vn -0.4008 0.7095 -0.5796
vn -0.4003 0.2871 -0.8703
vn -0.3998 0.0679 0.9141
vn -0.3984 0.1639 -0.9025
vn -0.3983 -0.2087 -0.8932
vn -0.398 -0.9166 -0.037
vn -0.3977 -0.1077 0.9112
vn -0.3969 -0.8737 0.2813
vn -0.3969 -0.8737 -0.2813
vn -0.3961 0.1707 0.9022
vn -0.396 0.189 0.8986
vn -0.3957 0.9037 0.1636
vn -0.3947 0.3228 0.8602
vn -0.3941 0.1415 0.9081
vn -0.394 0.2968 -0.8699
vn -0.3935 0.2177 0.8932
vn -0.3925 -0.003 -0.9198
vn -0.3917 -0.8692 0.3017
vn -0.3917 -0.8692 -0.3017
vn -0.3917 -0.9199 0.019
vn -0.3915 -0.0564 0.9184
vn -0.3907 0.0816 0.9169
vn -0.3903 -0.9182 0.0669
vn -0.3876 0.8772 0.2832
vn -0.3872 0.1744 0.9054
vn -0.3869 0.859 -0.3354
vn -0.3864 0.1369 -0.9121
vn -0.3858 0.473 -0.7921
vn -0.3857 0.8735 -0.2971
vn -0.3856 0.9226 0.0127
vn -0.3854 0.0888 -0.9185
vn -0.3846 0.8648 -0.3228
vn -0.3829 0.0292 0.9233
vn -0.3826 0.0968 0.9189
vn -0.3824 -0.9235 -0.0291
vn -0.3819 -0.9094 -0.1646
vn -0.3814 -0.2331 -0.8945
vn -0.3796 0.211 0.9008
vn -0.3791 0.9194 -0.1048
vn -0.3786 0.1459 -0.914
vn -0.3785 -0.2447 0.8927
vn -0.3775 0.0946 0.9212
vn -0.3773 0.0959 -0.9211
vn -0.376 0.2762 -0.8845
vn -0.3755 0.1159 -0.9195
vn -0.3752 0.9032 -0.2083
vn -0.375 -0.3799 -0.8456
vn -0.375 0.0372 -0.9263
vn -0.3743 0.8189 0.4351
vn -0.3742 -0.158 -0.9138
vn -0.373 0.2173 -0.902
vn -0.3726 0.478 0.7954
vn -0.3726 -0.77 -0.5179
vn -0.3725 -0.8796 0.2958
vn -0.3721 -0.9269 -0.0488
vn -0.3716 -0.1609 0.9144
vn -0.3714 0.8208 -0.4339
vn -0.3693 -0.1715 0.9133
vn -0.3687 -0.0867 0.9255
vn -0.3681 -0.0793 -0.9264
vn -0.368 0.9003 0.2325
vn -0.3676 0.9072 0.2047
vn -0.3667 0.8985 0.2411
vn -0.3656 -0.9303 0.0309
vn -0.3644 0.1724 -0.9151
vn -0.3641 -0.7214 0.5891
vn -0.3641 -0.7214 -0.5891
vn -0.3636 -0.1764 0.9147
vn -0.363 0.1518 -0.9193
vn -0.362 0.0147 -0.9321
vn -0.3614 0.9164 0.172
vn -0.3611 -0.1222 -0.9245
vn -0.361 0.0003 0.9325
vn -0.3606 0.8845 0.296
vn -0.3593 -0.3383 -0.8697
vn -0.3593 -0.3383 0.8697
vn -0.3591 -0.066 -0.931
vn -0.3587 0.1495 0.9214
vn -0.3579 0.1915 0.9139
vn -0.3577 0.0612 0.9318
vn -0.3572 0.6489 0.6718
vn -0.3572 0.7367 0.5742
vn -0.3571 0.1616 0.92
vn -0.3565 0.2091 0.9106
vn -0.3555 0.8708 -0.3395
vn -0.3551 0.9348 -0.0003
vn -0.3543 0.5312 -0.7696
vn -0.3541 -0.1182 -0.9277
vn -0.3538 -0.4145 0.8385
vn -0.3526 -0.2452 0.9031
vn -0.3525 -0.3469 -0.8691
vn -0.3524 0.7291 -0.5866
vn -0.3523 -0.7262 -0.5903
vn -0.352 0.9196 0.1744
vn -0.3501 0.7088 -0.6124
vn -0.3492 0.0184 -0.9369
vn -0.3488 -0.9372 0.0019
vn -0.3466 -0.5991 -0.7218
vn -0.3458 -0.2672 -0.8994
vn -0.3443 0.907 0.2425
vn -0.3421 -0.8518 -0.3967
vn -0.342 0.0128 0.9396
vn -0.3409 -0.2073 -0.917
vn -0.3403 0.0217 0.9401
vn -0.34 0.1214 -0.9326
vn -0.3397 -0.1322 -0.9312
vn -0.3389 0.9032 0.2633
vn -0.3386 -0.1226 0.9329
vn -0.3357 -0.1413 0.9313
vn -0.3351 0.057 -0.9404
vn -0.3347 0.1294 -0.9334
vn -0.3341 0.1464 0.9311
vn -0.3335 0.9294 -0.1582
vn -0.3322 -0.2174 0.9178
vn -0.3318 0.1687 -0.9282
vn -0.3314 0.843 -0.4237
vn -0.3306 -0.389 -0.8599
vn -0.3306 -0.0789 -0.9405
vn -0.3304 0.8254 -0.4579
vn -0.3295 0.9441 0.0082
vn -0.3285 -0.7529 -0.5703
vn -0.3283 -0.9429 0.057
vn -0.3275 -0.1201 0.9372
vn -0.3266 -0.6382 0.6972
vn -0.3252 0.9107 -0.2547
vn -0.3251 -0.7328 0.5978
vn -0.3251 -0.1712 0.93
vn -0.3239 -0.9456 0.0297
vn -0.3232 -0.1506 -0.9343
vn -0.3219 0.1546 -0.9341
vn -0.3217 0.2145 -0.9222
vn -0.3217 -0.7755 0.5432
vn -0.3217 -0.7755 -0.5432
vn -0.3214 0.2307 -0.9184
vn -0.3209 0.2333 -0.9179
vn -0.3189 0.9176 0.2372
vn -0.3187 -0.9471 0.0376
vn -0.3186 -0.9435 -0.0906
vn -0.318 -0.6892 0.6511
vn -0.3177 -0.6986 -0.6411
vn -0.3173 0.1522 0.936
vn -0.3159 0.0232 0.9485
vn -0.3148 0.0131 0.9491
vn -0.3145 0.1435 0.9384
vn -0.3145 0.9462 -0.0757
vn -0.3144 -0.1152 0.9423
vn -0.314 0.9188 0.2392
vn -0.314 -0.0877 0.9454
vn -0.313 0.0508 0.9484
vn -0.3111 -0.7534 0.5793
vn -0.311 0.2186 -0.9249
vn -0.3096 -0.0218 0.9506
vn -0.3094 -0.9508 0.0149
vn -0.309 0.8379 -0.4499
vn -0.3089 0.8481 0.4304
vn -0.3088 0.1004 -0.9458
vn -0.3069 -0.08 0.9484
vn -0.3068 -0.7506 0.5852
vn -0.3067 0.1309 0.9428
vn -0.3059 0.5425 0.7824
vn -0.3058 -0.2238 0.9254
vn -0.3057 0.3916 -0.8679
vn -0.3052 -0.9389 -0.1592
vn -0.3035 -0.2089 0.9296
vn -0.3029 -0.1065 -0.9471
vn -0.3028 -0.9527 0.0259
vn -0.302 0.0157 0.9532
vn -0.3019 -0.7995 -0.5192
vn -0.3014 -0.0635 0.9514
vn -0.3013 -0.9121 -0.2781
vn -0.301 0.8513 -0.4298
vn -0.3008 -0.4868 0.82
vn -0.3007 0.85 0.4325
vn -0.3003 0.9127 0.2771
vn -0.2999 -0.421 -0.8561
vn -0.299 0.9231 -0.2416
vn -0.2989 -0.7103 -0.6373
vn -0.2984 -0.1751 -0.9382
vn -0.2983 0.1262 0.9461
vn -0.2981 -0.1185 0.9471
vn -0.2975 -0.9379 0.1786
vn -0.2974 0.0562 0.9531
vn -0.297 -0.4798 0.8256
vn -0.297 -0.4798 -0.8256
vn -0.2969 0.8264 -0.4784
vn -0.2968 -0.4114 -0.8618
vn -0.2965 -0.1672 0.9403
vn -0.2963 -0.9503 0.0956
vn -0.2956 -0.1411 -0.9448
vn -0.2955 0.0211 -0.9551
vn -0.2949 -0.6816 -0.6697
vn -0.294 -0.1344 -0.9463
vn -0.2928 -0.9229 -0.25
vn -0.2927 0.8899 0.3499
vn -0.2925 0.3184 -0.9017
vn -0.2902 -0.9367 0.1958
vn -0.2901 0.2167 0.9321
vn -0.2899 0.2947 0.9106
vn -0.2899 0.062 -0.9551
vn -0.2885 -0.9568 0.0356
vn -0.2883 -0.767 0.5732
vn -0.2883 -0.2777 -0.9164
vn -0.2881 0.288 -0.9133
vn -0.2879 0.9012 -0.324
vn -0.2876 -0.8497 0.442
vn -0.2872 0.1144 0.951
vn -0.2871 0.0937 0.9533
vn -0.2869 -0.1778 0.9413
vn -0.2864 -0.1321 -0.949
vn -0.2855 0.1132 -0.9516
vn -0.2851 0.9235 0.2565
vn -0.2846 0.8604 0.4227
vn -0.2815 -0.269 0.9211
vn -0.2815 0.1984 0.9388
vn -0.2814 -0.1837 0.9418
vn -0.2806 -0.952 0.1226
vn -0.2803 0.1289 0.9512
vn -0.2799 -0.8877 -0.3655
vn -0.2799 0.233 -0.9313
vn -0.2799 -0.9095 -0.3074
vn -0.2795 0.1285 -0.9515
vn -0.279 -0.44 0.8536
vn -0.2789 -0.035 0.9597
vn -0.2787 -0.9601 0.0214
vn -0.2783 0.105 0.9548
vn -0.2783 -0.9089 0.3106
vn -0.2783 -0.9089 -0.3106
vn -0.278 0.0839 -0.9569
vn -0.2773 -0.6763 0.6825
vn -0.2767 -0.4404 -0.8541
vn -0.2763 -0.0866 -0.9572
vn -0.2759 -0.1245 0.9531
vn -0.2757 -0.6706 -0.6887
vn -0.2756 -0.0346 -0.9607
vn -0.2753 -0.9321 0.2355
vn -0.2746 -0.3006 -0.9134
vn -0.2744 0.7508 0.6009
vn -0.2741 0.0108 0.9617
vn -0.2737 0.0823 -0.9583
vn -0.2735 0.1662 -0.9474
vn -0.273 -0.5211 -0.8086
vn -0.2727 -0.7644 -0.5842
vn -0.2725 0.097 -0.9573
vn -0.2725 0.2843 -0.9192
vn -0.2722 0.4479 0.8517
vn -0.2718 -0.917 -0.2918
vn -0.2714 -0.9232 -0.2721
vn -0.2712 0.6601 0.7005
vn -0.2701 -0.0898 0.9586
vn -0.2701 -0.0898 -0.9586
vn -0.27 0.8763 0.3989
vn -0.2693 -0.4509 -0.851
vn -0.2689 0.0482 0.9619
vn -0.2687 0.3495 0.8976
vn -0.2685 0.962 0.0495
vn -0.2678 0.3485 0.8982
vn -0.2672 0.7507 -0.6042
vn -0.2667 0.1023 0.9583
vn -0.2665 -0.9528 -0.1451
vn -0.2663 0.9344 -0.2367
vn -0.2654 -0.0776 -0.961
vn -0.2643 0.0609 0.9625
vn -0.2641 -0.9469 -0.1833
vn -0.2636 -0.2033 -0.943
vn -0.2636 -0.1479 -0.9532
vn -0.2632 -0.1427 0.9541
vn -0.2629 -0.8839 -0.3867
vn -0.262 -0.122 0.9573
vn -0.262 -0.122 -0.9573
vn -0.2616 -0.0562 -0.9635
vn -0.2616 0.0066 0.9652
vn -0.2615 -0.0377 -0.9645
vn -0.2615 -0.1716 0.9498
vn -0.2609 -0.5513 -0.7925
vn -0.2606 -0.8733 -0.4116
vn -0.2606 -0.78 -0.5689
vn -0.26 0.8294 0.4944
vn -0.2598 -0.7171 0.6468
vn -0.2597 -0.146 0.9546
vn -0.2596 -0.1761 0.9495
vn -0.2592 -0.9339 -0.2462
vn -0.2592 0.8825 -0.3924
vn -0.2592 0.1788 0.9491
vn -0.2581 -0.1819 0.9488
vn -0.2578 -0.2676 -0.9284
vn -0.2568 -0.775 -0.5775
vn -0.2565 -0.165 -0.9524
vn -0.2564 -0.9449 0.2034
vn -0.2562 -0.2518 0.9332
vn -0.2556 -0.9478 -0.1907
vn -0.255 -0.0745 -0.9641
vn -0.2549 -0.2795 0.9257
vn -0.2544 -0.7265 0.6383
vn -0.2538 -0.9639 0.08
vn -0.2536 -0.7467 -0.6149
vn -0.2529 -0.826 0.5038
vn -0.2524 0.129 0.959
vn -0.2522 -0.1106 -0.9613
vn -0.2515 -0.7536 -0.6073
vn -0.2513 -0.767 -0.5904
vn -0.2509 -0.3777 -0.8913
vn -0.2506 -0.9596 0.1281
vn -0.2501 -0.9663 0.0607
vn -0.2499 -0.0336 -0.9677
vn -0.2496 0.2532 -0.9346
vn -0.2496 -0.8824 0.3989
vn -0.2493 -0.8458 0.4717
vn -0.2493 -0.8458 -0.4717
vn -0.2491 0.953 0.1723
vn -0.2489 0.0487 0.9673
vn -0.2486 0.4614 -0.8517
vn -0.248 -0.3523 0.9024
vn -0.248 -0.3523 -0.9024
vn -0.2477 -0.7739 0.5828
vn -0.2476 -0.065 -0.9667
vn -0.2473 -0.4513 0.8575
vn -0.2472 0.0134 -0.9689
vn -0.2466 0.1622 -0.9555
vn -0.2463 -0.1572 -0.9564
vn -0.2452 -0.9599 -0.1356
vn -0.245 0.5245 0.8154
vn -0.2448 0.2308 0.9417
vn -0.2446 -0.141 -0.9593
vn -0.2441 -0.0416 -0.9688
vn -0.2434 -0.3361 0.9098
vn -0.2432 0.9699 0.006
vn -0.2425 -0.963 0.1177
vn -0.2419 -0.7627 0.5998
vn -0.2414 0.2511 -0.9374
vn -0.2414 -0.9498 -0.1992
vn -0.2412 -0.8185 -0.5215
vn -0.2412 0.5254 -0.8159
vn -0.2409 0.0466 0.9694
vn -0.2407 -0.5399 0.8066
vn -0.2406 0.9665 -0.0894
vn -0.2398 -0.3531 0.9043
vn -0.239 0.2467 -0.9392
vn -0.2388 -0.776 0.5837
vn -0.2388 0.9217 0.3058
vn -0.2378 -0.5368 0.8095
vn -0.2377 -0.7291 -0.6418
vn -0.2377 0.0541 0.9698
vn -0.2373 0.1769 0.9552
vn -0.2372 -0.9574 -0.1646
vn -0.2371 0.0213 0.9712
vn -0.2367 -0.9701 0.0546
vn -0.2361 -0.6189 0.7492
vn -0.236 -0.9532 -0.189
vn -0.2355 -0.0955 0.9672
vn -0.2351 -0.2537 0.9383
vn -0.2351 -0.9711 -0.0402
vn -0.235 0.8946 0.3801
vn -0.2341 -0.193 -0.9529
vn -0.2338 0.0174 -0.9721
vn -0.2318 -0.2584 -0.9378
vn -0.2304 0.3153 -0.9206
vn -0.2298 -0.9351 -0.2698
vn -0.2294 -0.8025 -0.5508
vn -0.2293 0.2836 -0.9311
vn -0.2292 0.0287 0.973
vn -0.2292 0.0287 -0.973
vn -0.2278 -0.9715 0.0649
vn -0.2277 -0.7721 -0.5933
vn -0.2276 -0.9724 0.052
vn -0.2274 0.4733 -0.851
vn -0.2267 0.0402 -0.9731
vn -0.2261 0.1995 -0.9535
vn -0.2257 -0.945 0.2367
vn -0.2256 -0.2408 -0.944
vn -0.2256 -0.9736 0.0346
vn -0.2254 -0.4451 -0.8666
vn -0.2254 0.5042 0.8336
vn -0.2247 -0.2831 -0.9324
vn -0.2222 0.119 0.9677
vn -0.2221 -0.1343 0.9657
vn -0.2219 -0.5245 -0.822
vn -0.2219 -0.2295 -0.9477
vn -0.2206 -0.69 -0.6894
vn -0.2205 0.2905 -0.9311
vn -0.22 0.9103 -0.3508
vn -0.2198 0.9506 -0.2194
vn -0.2194 0.9583 -0.1834
vn -0.2193 -0.3367 -0.9157
vn -0.2186 -0.6102 -0.7615
vn -0.2186 -0.6691 0.7103
vn -0.2176 -0.6916 0.6887
vn -0.2173 0.1205 -0.9687
vn -0.217 -0.4153 -0.8834
vn -0.2165 0.2519 0.9432
vn -0.2165 0.1621 0.9627
vn -0.2152 0.963 -0.1624
vn -0.2151 -0.7997 0.5605
vn -0.2149 0.9512 -0.2214
vn -0.2146 -0.1209 -0.9692
vn -0.2144 0.8527 0.4764
vn -0.2136 -0.9488 0.2325
vn -0.2117 -0.6898 -0.6924
vn -0.2116 0.1799 -0.9606
vn -0.2113 -0.9708 -0.1135
vn -0.2111 -0.2935 0.9324
vn -0.2095 -0.6837 -0.699
vn -0.2094 -0.3963 -0.8939
vn -0.2091 -0.4943 0.8438
vn -0.2089 -0.6705 0.7119
vn -0.2082 -0.4857 0.849
vn -0.2073 -0.9598 0.1891
vn -0.2067 -0.917 0.3411
vn -0.2067 -0.917 -0.3411
vn -0.2064 -0.4803 -0.8525
vn -0.2063 0.9693 -0.1341
vn -0.205 -0.622 0.7557
vn -0.2042 0.1049 -0.9733
vn -0.2039 -0.3487 0.9148
vn -0.2038 -0.7718 0.6023
vn -0.2035 0.0202 -0.9789
vn -0.2031 0.2036 -0.9578
vn -0.2029 0.1434 0.9686
vn -0.2027 0.0789 0.9761
vn -0.2024 0.912 0.3568
vn -0.2022 0.3589 0.9112
vn -0.201 -0.6057 -0.7699
vn -0.2008 0.2935 0.9346
vn -0.2004 -0.604 0.7714
vn -0.2003 -0.9731 -0.1137
vn -0.2003 -0.2235 -0.9539
vn -0.2001 0.1458 -0.9689
vn -0.1995 0.9712 0.1302
vn -0.1994 0.9352 0.2925
vn -0.1986 0.3681 0.9083
vn -0.1984 -0.9414 0.2726
vn -0.1984 0.1078 0.9742
vn -0.1982 -0.916 0.3487
vn -0.1982 -0.916 -0.3487
vn -0.198 0.1477 -0.969
vn -0.1969 0.1241 -0.9725
vn -0.1963 0.141 -0.9703
vn -0.1952 -0.9623 -0.1896
vn -0.1947 0.4076 -0.8921
vn -0.1944 -0.4859 -0.8522
vn -0.1935 0.9387 0.2854
vn -0.1933 -0.128 0.9728
vn -0.193 0.4623 0.8655
vn -0.1923 0.246 0.95
vn -0.1903 -0.9633 0.1893
vn -0.1899 0.9494 -0.2502
vn -0.1897 -0.0323 0.9813
vn -0.1895 -0.971 0.1459
vn -0.1893 -0.9693 -0.1567
vn -0.1888 0.7009 -0.6878
vn -0.1884 0.2262 -0.9557
vn -0.1879 -0.9752 0.1167
vn -0.1874 -0.9519 -0.2423
vn -0.1871 0.1062 -0.9766
vn -0.1869 0.5036 0.8435
vn -0.1869 0.4215 0.8873
vn -0.1868 0.2299 0.9551
vn -0.1858 -0.1631 0.969
vn -0.1858 -0.9006 0.393
vn -0.1858 -0.9006 -0.393
vn -0.1855 0.0258 0.9823
vn -0.1855 0.0776 0.9796
vn -0.1851 0.3998 -0.8977
vn -0.1847 -0.0509 0.9815
vn -0.1846 -0.5529 0.8126
vn -0.1842 0.9791 -0.0866
vn -0.1838 0.266 0.9463
vn -0.1833 0.733 -0.6551
vn -0.1829 -0.3363 -0.9238
vn -0.1829 0.0484 0.9819
vn -0.1828 -0.8187 -0.5444
vn -0.1822 0.5901 -0.7865
vn -0.1817 -0.3058 0.9346
vn -0.1815 -0.738 0.6499
vn -0.1809 -0.7155 -0.6748
vn -0.1809 0.2655 0.947
vn -0.1808 -0.2853 0.9412
vn -0.1806 0.7106 0.68
vn -0.1806 -0.9836 -0.0038
vn -0.1801 -0.7925 0.5826
vn -0.1801 -0.7925 -0.5826
vn -0.1796 0.0635 0.9817
vn -0.1782 -0.7563 -0.6295
vn -0.1781 -0.2581 0.9496
vn -0.1781 0.1884 -0.9658
vn -0.1778 -0.8407 -0.5114
vn -0.1778 -0.1247 0.9761
vn -0.1777 0.1622 -0.9706
vn -0.1774 0.0723 -0.9815
vn -0.1772 -0.0037 -0.9842
vn -0.1769 0.9765 0.1228
vn -0.1766 0.2144 0.9606
vn -0.1765 -0.9481 0.2645
vn -0.1743 -0.075 -0.9818
vn -0.1741 -0.4314 -0.8852
vn -0.1741 -0.8753 0.4512
vn -0.174 0.9847 -0.0047
vn -0.1739 0.4013 -0.8993
vn -0.1738 0.0407 0.9839
vn -0.1735 0.5857 -0.7918
vn -0.1732 0.1453 0.9741
vn -0.1732 0.2534 0.9517
vn -0.1729 0.0248 0.9846
vn -0.1725 0.1412 -0.9748
vn -0.1724 0.1091 0.979
vn -0.1723 -0.9724 -0.1572
vn -0.1718 -0.0266 -0.9848
vn -0.1716 -0.9704 -0.1699
vn -0.1715 0.5951 0.7852
vn -0.1712 0.595 -0.7853
vn -0.1709 0.8111 0.5594
vn -0.1705 -0.979 -0.1114
vn -0.1703 -0.8771 0.4491
vn -0.1699 0.2144 -0.9619
vn -0.1697 -0.6189 0.767
vn -0.1697 -0.6189 -0.767
vn -0.1695 -0.3023 -0.938
vn -0.1692 0.0392 -0.9848
vn -0.169 -0.3641 -0.9159
vn -0.1684 -0.9706 -0.1719
vn -0.168 -0.0717 -0.9832
vn -0.1679 -0.9649 0.2019
vn -0.1678 -0.134 -0.9767
vn -0.1671 0.3174 -0.9335
vn -0.1666 0.0961 -0.9813
vn -0.1664 0.9253 0.3408
vn -0.1662 0.9056 -0.3903
vn -0.1658 -0.2591 0.9515
vn -0.1651 0.2243 -0.9604
vn -0.1651 0.178 0.9701
vn -0.1647 -0.1746 -0.9708
vn -0.1644 -0.9686 0.1865
vn -0.1643 -0.2043 -0.965
vn -0.1643 -0.8791 -0.4474
vn -0.1639 -0.3784 -0.911
vn -0.1636 0.0749 -0.9837
vn -0.1628 -0.7798 -0.6045
vn -0.1627 -0.0666 0.9844
vn -0.1626 -0.1354 0.9774
vn -0.1621 -0.0534 0.9853
vn -0.1617 0.1551 -0.9746
vn -0.1614 0.04 0.9861
vn -0.1612 0.4935 0.8547
vn -0.1609 -0.1143 0.9803
vn -0.1604 -0.094 -0.9826
vn -0.1601 0.0729 0.9844
vn -0.1598 -0.9782 -0.1329
vn -0.1595 0.9344 -0.3185
vn -0.1592 0.2644 0.9512
vn -0.1583 0.7051 0.6912
vn -0.1579 -0.6452 -0.7475
vn -0.1574 0.1 0.9825
vn -0.1571 -0.5424 0.8253
vn -0.1566 -0.929 0.3353
vn -0.1559 -0.4415 0.8836
vn -0.1559 0.0717 -0.9852
vn -0.155 -0.9819 0.1091
vn -0.1548 -0.8229 -0.5466
vn -0.1546 -0.8167 0.5559
vn -0.1545 -0.9567 0.2466
vn -0.1544 -0.5919 -0.7911
vn -0.1544 -0.8079 0.5688
vn -0.1539 -0.0663 -0.9859
vn -0.1538 0.0227 -0.9878
vn -0.1536 0.1363 0.9787
vn -0.1535 0.7267 -0.6696
vn -0.1534 0.4652 -0.8718
vn -0.1529 0.9829 0.1028
vn -0.1529 0.8992 -0.4101
vn -0.1524 0.9851 -0.0795
vn -0.1519 -0.9884 -0.0007
vn -0.1515 0.0557 -0.9869
vn -0.1514 0.4562 0.8769
vn -0.1513 -0.9829 -0.1045
vn -0.1512 -0.24 0.9589
vn -0.1509 0.2325 0.9608
vn -0.1509 -0.0766 0.9856
vn -0.1508 -0.9757 -0.1592
vn -0.1507 0.4967 0.8547
vn -0.1506 -0.9827 -0.1082
vn -0.1503 -0.9289 0.3384
vn -0.1495 0.1907 -0.9702
vn -0.1492 -0.9312 0.3325
vn -0.1489 -0.0575 0.9872
vn -0.1487 0.2157 0.9651
vn -0.1483 0.4619 -0.8745
vn -0.1482 0.2375 0.96
vn -0.148 0.2983 0.9429
vn -0.1479 -0.989 0.0081
vn -0.1478 -0.9333 0.3272
vn -0.1468 -0.1608 -0.976
vn -0.1467 0.2769 0.9496
vn -0.1466 -0.0473 0.9881
vn -0.1459 -0.9885 -0.0396
vn -0.1456 0.2982 -0.9433
vn -0.1455 0.4946 0.8568
vn -0.1453 0.0835 -0.9858
vn -0.145 0.1216 0.9819
vn -0.1447 0.8092 -0.5695
vn -0.1437 -0.6394 0.7553
vn -0.1434 0.0679 0.9873
vn -0.1433 0.9451 0.2937
vn -0.1431 -0.3603 0.9218
vn -0.1429 -0.9826 0.1188
vn -0.1424 0.9389 -0.3134
vn -0.1423 -0.6393 0.7557
vn -0.1422 0.0298 0.9894
vn -0.1418 -0.9845 -0.1034
vn -0.1411 -0.0423 0.9891
vn -0.141 0.9267 -0.3483
vn -0.1408 0.9899 0.0142
vn -0.1408 -0.3455 -0.9278
vn -0.1404 0.4521 0.8809
vn -0.1404 0.4521 -0.8809
vn -0.1401 0.4182 0.8975
vn -0.1399 -0.6736 -0.7257
vn -0.1399 -0.3854 0.9121
vn -0.1399 -0.2888 -0.9471
vn -0.1398 -0.9257 -0.3514
vn -0.1396 0.2537 0.9571
vn -0.1395 0.2696 -0.9528
vn -0.1393 0.0826 0.9868
vn -0.1381 0.1429 0.9801
vn -0.1376 -0.0805 0.9872
vn -0.1376 -0.9849 -0.1047
vn -0.1376 0.979 -0.1505
vn -0.1374 0.1486 -0.9793
vn -0.1371 0.8646 0.4834
vn -0.1371 0.8646 -0.4834
vn -0.1369 -0.4545 0.8802
vn -0.1367 0.2226 0.9653
vn -0.1364 0.0512 -0.9893
vn -0.1359 -0.4208 0.8969
vn -0.1358 -0.64 -0.7563
vn -0.1355 -0.6117 0.7794
vn -0.1352 0.1188 0.9837
vn -0.135 0.0082 0.9908
vn -0.1349 0.4636 -0.8757
vn -0.1349 -0.99 -0.0407
vn -0.1335 -0.4579 -0.8789
vn -0.1335 0.1548 -0.9789
vn -0.1333 -0.3611 0.9229
vn -0.1333 -0.0617 -0.9892
vn -0.1333 -0.0262 0.9907
vn -0.1332 0.1763 -0.9753
vn -0.1328 0.2836 0.9497
vn -0.1327 0.4218 -0.8969
vn -0.1327 -0.2711 0.9534
vn -0.132 0.4033 -0.9055
vn -0.132 -0.9306 0.3414
vn -0.132 0.7808 0.6107
vn -0.132 0.9706 -0.2011
vn -0.1318 -0.1183 0.9842
vn -0.1314 0.0871 -0.9875
vn -0.1312 0.0335 0.9908
vn -0.1308 -0.9807 0.1453
vn -0.1302 -0.5088 -0.851
vn -0.1288 -0.9253 -0.3566
vn -0.1287 0.9663 -0.2228
vn -0.1286 0.1347 0.9825
vn -0.1277 -0.0167 -0.9917
vn -0.1276 -0.968 -0.2162
vn -0.1266 0.988 0.0888
vn -0.1266 -0.0399 -0.9912
vn -0.126 0.9883 -0.0853
vn -0.1259 -0.4888 -0.8633
vn -0.1259 0.0108 -0.992
vn -0.1258 0.5908 0.7969
vn -0.125 0.9229 0.3641
vn -0.1243 0.1095 0.9862
vn -0.1242 0.3605 0.9244
vn -0.1237 0.4308 0.894
vn -0.1229 -0.5409 0.8321
vn -0.1228 0.9921 0.0239
vn -0.1227 0.9346 0.3339
vn -0.1221 -0.0381 -0.9918
vn -0.1218 0.7176 0.6857
vn -0.1217 -0.6857 0.7176
vn -0.1217 -0.6857 -0.7176
vn -0.1214 -0.0122 -0.9925
vn -0.1213 -0.1522 -0.9809
vn -0.1205 -0.4909 -0.8628
vn -0.1202 -0.3939 -0.9112
vn -0.1202 -0.5434 -0.8308
vn -0.12 -0.0292 0.9923
vn -0.1199 -0.9926 -0.0177
vn -0.1197 0.0969 -0.9881
vn -0.1197 -0.9326 0.3405
vn -0.1197 -0.9326 -0.3405
vn -0.1195 0.9907 0.0651
vn -0.119 -0.4251 0.8973
vn -0.1179 -0.1929 -0.9741
vn -0.1179 0.0067 -0.993
vn -0.1178 -0.0526 -0.9916
vn -0.1176 -0.6087 -0.7846
vn -0.1173 0.0512 -0.9918
vn -0.1172 0.0152 -0.993
vn -0.117 0.2294 0.9663
vn -0.117 0.2294 -0.9663
vn -0.1169 -0.5086 -0.8531
vn -0.1168 0.0953 -0.9886
vn -0.1166 0.9931 -0.0092
vn -0.1164 -0.0338 -0.9926
vn -0.1161 0.39 -0.9135
vn -0.1158 -0.9908 0.0706
vn -0.1158 -0.9908 -0.0706
vn -0.1157 -0.8593 -0.4982
vn -0.1152 0.1637 0.9798
vn -0.1149 -0.9921 0.0504
vn -0.1146 0.0085 -0.9934
vn -0.1145 0.8551 -0.5056
vn -0.1141 0.9414 0.3173
vn -0.114 -0.0197 -0.9933
vn -0.1139 -0.1672 0.9793
vn -0.1139 0.0771 -0.9905
vn -0.1132 -0.9926 -0.0444
vn -0.1124 -0.1062 -0.988
vn -0.1113 -0.529 0.8413
vn -0.1109 -0.5259 0.8433
vn -0.1106 0.9052 -0.4102
vn -0.1106 0.1867 0.9762
vn -0.11 0.2248 -0.9682
vn -0.1099 0.7987 0.5917
vn -0.1096 -0.4173 -0.9021
vn -0.1093 -0.0417 0.9931
vn -0.1091 -0.3265 0.9389
vn -0.1089 -0.6939 -0.7118
vn -0.1088 -0.6762 0.7287
vn -0.1088 -0.6762 -0.7287
vn -0.1085 0.04 0.9933
vn -0.1083 -0.6573 0.7458
vn -0.1082 0.1799 -0.9777
vn -0.1082 -0.6593 -0.7441
vn -0.1073 0.9832 -0.1477
vn -0.1071 0.9304 0.3507
vn -0.1071 0.516 -0.8499
vn -0.1071 0.406 -0.9076
vn -0.1068 0.6095 -0.7856
vn -0.1065 0.3455 0.9324
vn -0.1065 0.405 0.9081
vn -0.106 -0.2685 0.9574
vn -0.1053 0.9598 0.2603
vn -0.1053 0.9598 -0.2603
vn -0.1048 -0.3887 -0.9154
vn -0.1046 -0.3837 0.9175
vn -0.1045 -0.7709 -0.6283
vn -0.1044 -0.365 -0.9251
vn -0.1044 -0.9933 0.0502
vn -0.1044 0.99 -0.0953
vn -0.1032 -0.1411 0.9846
vn -0.1032 0.987 -0.1233
vn -0.1026 -0.1906 0.9763
vn -0.1008 0.2859 -0.9529
vn -0.1006 0.3849 -0.9175
vn -0.1004 -0.0148 -0.9948
vn -0.1003 -0.2686 0.958
vn -0.1001 0.3438 0.9337
vn -0.1 -0.1215 -0.9875
vn -0.0999 0.8384 0.5358
vn -0.0997 -0.8244 -0.5571
vn -0.0992 0.8829 0.4589
vn -0.0991 -0.2206 -0.9703
vn -0.0989 0.4038 0.9095
vn -0.0989 0.1809 0.9785
vn -0.0989 -0.222 -0.97
vn -0.0984 -0.3306 -0.9386
vn -0.0982 -0.1155 -0.9884
vn -0.0982 0.2674 0.9586
vn -0.0977 0.2171 -0.9712
vn -0.0974 0.407 -0.9082
vn -0.0972 0.6488 -0.7547
vn -0.0968 0.3912 0.9152
vn -0.0964 -0.6175 -0.7807
vn -0.0963 -0.0672 -0.9931
vn -0.0958 -0.9093 0.405
vn -0.0952 0.7327 -0.6739
vn -0.0951 -0.986 -0.1372
vn -0.0947 0.2184 -0.9713
vn -0.0946 0.0347 0.9949
vn -0.0938 -0.0908 -0.9914
vn -0.0934 0.2734 -0.9574
vn -0.0925 -0.1236 0.988
vn -0.0917 -0.1673 -0.9816
vn -0.0912 -0.3805 0.9203
vn -0.091 -0.0092 0.9958
vn -0.0907 0.3335 0.9384
vn -0.0906 -0.6585 -0.7471
vn -0.0904 -0.8667 0.4905
vn -0.0904 -0.661 -0.745
vn -0.0902 0.9703 0.2243
vn -0.09 0.2757 0.957
vn -0.0899 0.8747 0.4762
vn -0.0899 0.0836 -0.9924
vn -0.0898 -0.5948 -0.7988
vn -0.0897 -0.0394 0.9952
vn -0.0896 0.957 0.276
vn -0.0893 -0.8745 -0.4768
vn -0.0888 0.2746 0.9574
vn -0.0883 0.277 -0.9568
vn -0.0881 0.8823 -0.4623
vn -0.0879 -0.8608 0.5013
vn -0.0878 -0.003 0.9961
vn -0.0876 0.5473 -0.8324
vn -0.0871 0.9698 -0.2279
vn -0.0869 -0.0776 0.9932
vn -0.0864 0.208 0.9743
vn -0.0863 -0.0892 -0.9923
vn -0.0858 0.0793 -0.9932
vn -0.0851 -0.033 -0.9958
vn -0.0846 0.4312 0.8983
vn -0.0838 0.2076 -0.9746
vn -0.0838 0.8065 0.5853
vn -0.0834 -0.3274 0.9412
vn -0.0827 -0.0122 0.9965
vn -0.0826 -0.9917 -0.0988
vn -0.0824 0.9562 0.2808
vn -0.082 0.4763 -0.8754
vn -0.082 -0.1046 -0.9911
vn -0.0819 -0.2405 0.9672
vn -0.0818 -0.0068 -0.9966
vn -0.0813 0.9964 0.0237
vn -0.0813 0.1024 -0.9914
vn -0.0809 0.0664 -0.9945
vn -0.0803 0.9535 -0.2906
vn -0.08 0.0138 -0.9967
vn -0.08 -0.2804 0.9565
vn -0.0799 0.3719 0.9248
vn -0.0796 -0.0676 -0.9945
vn -0.0792 0.2881 -0.9543
vn -0.0792 0.9751 0.207
vn -0.079 -0.3323 -0.9399
vn -0.079 0.2166 0.9731
vn -0.0787 0.9374 -0.3392
vn -0.0785 0.2076 -0.975
vn -0.0784 -0.8998 0.4293
vn -0.0784 -0.8998 -0.4293
vn -0.0783 0.3842 -0.9199
vn -0.0778 -0.2701 -0.9597
vn -0.0777 0.7318 0.677
vn -0.0776 0.2274 0.9707
vn -0.0775 -0.172 -0.982
vn -0.0774 0.9966 -0.0296
vn -0.0772 -0.0365 -0.9963
vn -0.0768 0.9022 0.4243
vn -0.0761 0.021 -0.9969
vn -0.0758 0.0675 0.9948
vn -0.0754 -0.3427 -0.9364
vn -0.0753 -0.4262 -0.9015
vn -0.075 -0.9778 -0.1958
vn -0.0747 0.0655 0.9951
vn -0.0746 0.0084 0.9972
vn -0.0744 0.9095 0.409
vn -0.0741 -0.9971 0.0155
vn -0.0738 0.9973 0.0059
vn -0.0736 0.1999 0.977
vn -0.0736 0.1999 -0.977
vn -0.0736 0.4774 0.8756
vn -0.0733 -0.9973 -0.0026
vn -0.0733 0.565 -0.8218
vn -0.0733 0.2694 0.9602
vn -0.0731 0.7359 0.6732
vn -0.073 0.9718 -0.224
vn -0.0728 -0.0144 0.9972
vn -0.0727 -0.0511 -0.996
vn -0.0724 -0.7274 0.6824
vn -0.0724 0.2586 -0.9633
vn -0.0722 0.441 -0.8946
vn -0.072 0.4702 0.8796
vn -0.0706 -0.4316 -0.8993
vn -0.0705 0.0392 0.9967
vn -0.0702 0.1328 -0.9887
vn -0.0702 -0.996 0.0557
vn -0.0701 -0.0527 -0.9961
vn -0.0697 0.1379 0.988
vn -0.0694 0.9966 -0.0433
vn -0.069 0.5019 -0.8622
vn -0.0689 0.2141 -0.9744
vn -0.0689 -0.9944 0.0803
vn -0.0685 0.9013 -0.4278
vn -0.0682 -0.5125 0.856
vn -0.0681 -0.9783 -0.1959
vn -0.068 -0.1004 -0.9926
vn -0.0676 0.304 -0.9503
vn -0.0672 -0.9845 -0.162
vn -0.0665 0.4409 -0.8951
vn -0.0661 0.023 -0.9975
vn -0.066 0.9258 -0.3722
vn -0.0656 0.0278 0.9975
vn -0.0654 -0.1689 -0.9835
vn -0.0654 0.9056 -0.419
vn -0.0642 0.814 0.5773
vn -0.0636 -0.0081 0.9979
vn -0.0635 -0.1966 0.9784
vn -0.063 0.4239 -0.9035
vn -0.0627 -0.8492 -0.5244
vn -0.0622 -0.0364 0.9974
vn -0.0619 0.7634 -0.6429
vn -0.0618 0.9685 0.2413
vn -0.0615 -0.9952 -0.0767
vn -0.0607 0.9966 0.0554
vn -0.0607 0.7465 0.6626
vn -0.0601 0.6185 -0.7835
vn -0.0597 -0.9982 -0.0079
vn -0.0596 0.5989 -0.7986
vn -0.0593 0.7902 -0.6099
vn -0.059 -0.7737 -0.6308
vn -0.0586 -0.985 -0.1623
vn -0.0586 -0.9816 0.1816
vn -0.0585 0.0789 -0.9952
vn -0.0585 -0.9963 -0.0629
vn -0.0584 0.9109 0.4085
vn -0.0581 -0.3731 -0.926
vn -0.0578 -0.0128 -0.9982
vn -0.0577 -0.6853 0.726
vn -0.0577 -0.6853 -0.726
vn -0.0572 -0.2472 -0.9673
vn -0.0571 0.9634 0.2618
vn -0.0571 0.9634 -0.2618
vn -0.0569 0.197 0.9788
vn -0.0567 0.8599 -0.5072
vn -0.0562 0.6698 0.7404
vn -0.0561 0.9688 -0.2413
vn -0.056 -0.9984 -0.0089
vn -0.0558 0.0895 -0.9944
vn -0.0555 -0.9947 -0.087
vn -0.0555 0.1542 0.9865
vn -0.0554 0.4582 -0.8871
vn -0.0553 0.0953 0.9939
vn -0.0539 0.1794 -0.9823
vn -0.0537 -0.0573 -0.9969
vn -0.0531 0.9986 0.0052
vn -0.0527 -0.2545 0.9656
vn -0.0526 -0.1695 -0.9841
vn -0.0525 -0.3156 0.9474
vn -0.052 0.8109 -0.5828
vn -0.0517 0.8196 -0.5706
vn -0.0514 -0.0958 0.9941
vn -0.0512 -0.9966 -0.0651
vn -0.0509 -0.9822 0.1811
vn -0.0508 0.1782 -0.9827
vn -0.0506 0.3347 0.941
vn -0.0504 -0.0054 -0.9987
vn -0.0504 -0.193 0.9799
vn -0.0501 0.1517 0.9872
vn -0.0498 -0.744 0.6663
vn -0.0496 0.9983 -0.0303
vn -0.0493 0.1712 0.984
vn -0.049 -0.1968 -0.9792
vn -0.0483 -0.8726 -0.4861
vn -0.048 -0.288 0.9564
vn -0.0477 -0.3173 0.9471
vn -0.0469 0.5212 0.8521
vn -0.0468 0.9602 -0.2755
vn -0.0467 0.0138 0.9988
vn -0.0466 0.2699 0.9618
vn -0.0465 -0.1792 0.9827
vn -0.0463 0.9982 -0.0368
vn -0.0454 -0.0004 0.999
vn -0.0453 0.24 0.9697
vn -0.0451 0.0893 0.995
vn -0.0448 -0.1513 0.9875
vn -0.0447 0.4641 -0.8846
vn -0.0446 0.9947 0.0921
vn -0.0443 0.7429 0.6679
vn -0.0442 -0.0372 0.9983
vn -0.0442 -0.0372 -0.9983
vn -0.0441 0.0338 0.9985
vn -0.0435 -0.0634 -0.997
vn -0.0434 0.2089 0.977
vn -0.0434 -0.0015 -0.9991
vn -0.0427 0.0092 -0.999
vn -0.0423 0.9743 0.221
vn -0.0422 0.9601 0.2763
vn -0.0415 0.9443 0.3266
vn -0.0415 0.464 -0.8849
vn -0.0412 0.1217 0.9917
vn -0.0412 0.1688 0.9848
vn -0.0411 -0.147 0.9883
vn -0.041 -0.1321 -0.9904
vn -0.041 0.1239 -0.9914
vn -0.041 -0.0423 0.9983
vn -0.041 -0.0423 -0.9983
vn -0.0406 -0.302 -0.9524
vn -0.0404 0.9992 -0.0039
vn -0.0399 0.0937 -0.9948
vn -0.0399 0.9714 -0.2341
vn -0.0398 -0.109 0.9932
vn -0.0397 0.2859 0.9574
vn -0.0396 0.0353 -0.9986
vn -0.0393 0.3622 0.9313
vn -0.0386 0.6307 0.7751
vn -0.0385 0.9305 0.3643
vn -0.0382 -0.9992 -0.0142
vn -0.0378 0.9483 -0.3151
vn -0.0373 0.0857 -0.9956
vn -0.0368 0.8838 -0.4665
vn -0.0364 0.8566 0.5147
vn -0.0359 0.9983 -0.0465
vn -0.0358 0.1982 -0.9795
vn -0.0357 0.9111 0.4106
vn -0.0351 0.4753 -0.8791
vn -0.0349 0.3689 0.9288
vn -0.0347 0.9994 -0.0004
vn -0.0345 0.7425 -0.669
vn -0.0342 -0.92 0.3904
vn -0.034 -0.2396 -0.9703
vn -0.0338 -0.0204 -0.9992
vn -0.0336 -0.9974 0.0641
vn -0.0333 -0.1453 -0.9888
vn -0.0329 0.9994 -0.0121
vn -0.0322 0.0814 -0.9962
vn -0.0322 -0.1479 0.9885
vn -0.032 -0.9355 0.3519
vn -0.0315 0.9298 0.3667
vn -0.0311 -0.9201 0.3905
vn -0.0311 -0.5803 -0.8138
vn -0.03 0.5317 -0.8464
vn -0.0296 -0.9995 -0.0057
vn -0.0295 -0.1041 0.9941
vn -0.0293 0.7825 0.622
vn -0.0289 0.5498 -0.8348
vn -0.0287 -0.1398 0.9898
vn -0.0287 0.0513 0.9983
vn -0.0285 0.6398 0.768
vn -0.0282 0.5461 0.8372
vn -0.0279 -0.6013 0.7985
vn -0.0279 0.49 0.8713
vn -0.0278 0.634 -0.7729
vn -0.0276 0.9593 -0.281
vn -0.0273 -0.9985 0.0476
vn -0.0273 0.9995 0.0173
vn -0.0273 -0.0235 0.9994
vn -0.0268 -0.0616 -0.9977
vn -0.0261 -0.006 -0.9996
vn -0.0261 0.2016 -0.9791
vn -0.026 -0.5409 0.8407
vn -0.0259 -0.7032 0.7105
vn -0.0258 -0.9884 0.1494
vn -0.0257 0.1891 0.9816
vn -0.0254 -0.037 0.999
vn -0.0252 0.5589 0.8289
vn -0.0251 -0.7145 -0.6992
vn -0.0251 -0.0292 0.9993
vn -0.0246 -0.6798 0.733
vn -0.0245 -0.9946 0.1006
vn -0.0244 -0.0992 -0.9948
vn -0.0239 -0.543 0.8394
vn -0.0234 0.2142 0.9765
vn -0.0233 -0.1215 0.9923
vn -0.0232 0.1795 0.9835
vn -0.0231 0.1894 -0.9816
vn -0.0227 -0.9149 -0.4031
vn -0.0226 0.9422 0.3342
vn -0.0223 0.1696 -0.9853
vn -0.0216 0.1223 0.9923
vn -0.0214 -0.0085 -0.9997
vn -0.0213 -0.2681 -0.9631
vn -0.0213 -0.3049 -0.9522
vn -0.021 -0.0049 0.9998
vn -0.0206 -0.7949 -0.6064
vn -0.0203 -0.3174 -0.9481
vn -0.02 -0.7154 0.6985
vn -0.0198 0.1684 0.9855
vn -0.0197 0.6984 0.7154
vn -0.0196 0.6983 -0.7155
vn -0.0193 -0.9928 -0.1181
vn -0.0192 -0.4882 -0.8725
vn -0.019 0.9849 -0.1722
vn -0.0188 0.9913 0.1302
vn -0.0188 -0.5906 -0.8068
vn -0.0186 0.1432 0.9895
vn -0.018 -0.6109 0.7915
vn -0.0177 0.4594 0.888
vn -0.0177 0.4594 -0.888
vn -0.0166 -0.2616 0.965
vn -0.0164 0.1981 -0.98
vn -0.0164 -0.2486 0.9685
vn -0.0163 0.7148 0.6992
vn -0.0161 -0.6064 -0.795
vn -0.0161 0.7147 -0.6992
vn -0.0159 0.3697 0.929
vn -0.0158 -0.0859 -0.9962
vn -0.0158 0.0928 -0.9956
vn -0.0156 -0.0328 0.9993
vn -0.0155 0.2053 -0.9786
vn -0.0153 0.1892 -0.9818
vn -0.0153 0.004 0.9999
vn -0.0149 -0.0187 -0.9997
vn -0.0146 -0.5402 0.8414
vn -0.0145 -0.9999 -0.0008
vn -0.0145 0.7284 0.685
vn -0.0143 0.3257 -0.9454
vn -0.0141 0.5519 -0.8338
vn -0.0138 0.9999 0.0089
vn -0.0137 -0.2623 0.9649
vn -0.0134 -0.2816 0.9594
vn -0.0134 0.0466 0.9988
vn -0.0126 -0.5859 -0.8103
vn -0.0125 -0.8936 0.4487
vn -0.0125 -0.0174 0.9998
vn -0.0123 -0.0173 -0.9998
vn -0.0122 -0.4922 -0.8704
vn -0.0119 0.9999 -0.0073
vn -0.011 -0.0507 -0.9987
vn -0.011 -0.9908 0.135
vn -0.0106 -0.9196 -0.3927
vn -0.0101 -0.0589 -0.9982
vn -0.0101 -0.6626 0.7489
vn -0.01 -0.4498 0.893
vn -0.0098 0.2797 -0.96
vn -0.0096 -0.3542 0.9351
vn -0.0095 0.2485 -0.9686
vn -0.0093 -0.1099 -0.9939
vn -0.0089 -0.9186 0.395
vn -0.0088 0.1039 0.9945
vn -0.0085 -0.9999 0.0112
vn -0.0081 0.5472 0.837
vn -0.0081 -0.1931 0.9811
vn -0.008 -0.1605 0.987
vn -0.0077 0.9441 0.3296
vn -0.0076 -0.8943 0.4474
vn -0.0071 -0.744 -0.6681
vn -0.0069 0.1351 0.9908
vn -0.0065 -0.0777 0.997
vn -0.0064 0.4054 -0.9141
vn -0.0064 -0.8181 -0.575
vn -0.0058 0.3057 -0.9521
vn -0.0057 0.3232 0.9463
vn -0.0051 0.8404 -0.542
vn -0.005 -0.202 -0.9794
vn -0.005 0.3251 0.9457
vn -0.0049 -0.1833 -0.983
vn -0.0046 0.8989 -0.4382
vn -0.0041 -0.8878 -0.4602
vn -0.0041 -0.5248 -0.8512
vn -0.0039 -0.2156 -0.9765
vn -0.0038 0.0801 0.9968
vn -0.0036 -0.5316 -0.847
vn -0.0031 0.9698 0.2441
vn -0.0029 0.9195 -0.3932
vn -0.0018 -0.1293 0.9916
vn -0.0018 -0.0278 -0.9996
vn -0.0017 0.3689 -0.9295
vn -0.0017 0.0871 0.9962
vn -0.0016 0.1395 0.9902
vn -0.0015 0.1449 0.9894
vn -0.0007 0.3313 -0.9435
vn 0 -0.103 -0.9947
vn 0.0001 0.9995 -0.0321
vn 0.0002 -0.8852 0.4653
vn 0.0003 -0.1095 -0.994
vn 0.0005 0.9455 -0.3257
vn 0.0005 -0.5039 -0.8638
vn 0.0014 -0.123 -0.9924
vn 0.0016 -0.139 0.9903
vn 0.0017 0.3246 -0.9459
vn 0.002 -0.2383 0.9712
vn 0.0025 0.9574 0.2889
vn 0.0025 -0.0317 -0.9995
vn 0.0026 0.9958 0.0915
vn 0.0027 0.8662 -0.4997
vn 0.003 -0.6808 0.7325
vn 0.0031 -0.0217 -0.9998
vn 0.0032 -0.0216 0.9998
vn 0.0032 -0.7306 0.6828
vn 0.0035 -0.5264 -0.8503
vn 0.0036 0.5094 0.8605
vn 0.0037 -0.0989 -0.9951
vn 0.0038 0.2875 -0.9578
vn 0.0038 -0.1896 -0.9818
vn 0.004 0.9053 0.4248
vn 0.0041 -0.3157 0.9489
vn 0.0046 0.0131 -0.9999
vn 0.0048 -0.7562 -0.6543
vn 0.0048 -0.0444 0.999
vn 0.0054 -0.873 -0.4877
vn 0.0054 0.7947 0.607
vn 0.0054 0.7272 -0.6864
vn 0.0058 0.8694 -0.494
vn 0.0063 0.9891 0.1469
vn 0.0066 -1.0 -0.0052
vn 0.0066 0.5984 0.8011
vn 0.0077 0.2206 0.9753
vn 0.0088 0.3722 -0.9281
vn 0.0094 0.3712 -0.9285
vn 0.0097 -0.0241 0.9997
vn 0.0097 0.9983 -0.0572
vn 0.0098 -0.9924 -0.1224
vn 0.01 0.9998 -0.0152
vn 0.0105 0.0689 -0.9976
vn 0.0105 -0.7189 -0.6951
vn 0.0108 0.0683 -0.9976
vn 0.0109 -0.9907 -0.1357
vn 0.0109 -0.9222 0.3864
vn 0.0112 0.3724 -0.928
vn 0.0117 0.9276 0.3734
vn 0.0119 -0.2354 0.9718
vn 0.0122 -0.1042 0.9945
vn 0.0126 0.0061 -0.9999
vn 0.0129 0.9995 0.0276
vn 0.0131 -0.719 -0.6948
vn 0.0131 -0.9987 -0.0495
vn 0.0131 -0.6535 -0.7569
vn 0.0138 0.5122 0.8588
vn 0.0143 0.9961 -0.0871
vn 0.0144 0.0943 0.9954
vn 0.0145 -0.1782 0.9839
vn 0.0147 -0.0586 0.9982
vn 0.0151 -0.0352 0.9993
vn 0.0151 0.2528 -0.9674
vn 0.0151 0.8021 -0.597
vn 0.0154 0.0963 -0.9952
vn 0.0154 0.9404 -0.3397
vn 0.0158 0.2763 -0.9609
vn 0.0159 -0.2232 0.9746
vn 0.0159 -0.732 -0.6811
vn 0.0164 -0.2536 -0.9672
vn 0.0164 0.8182 -0.5747
vn 0.0167 -0.0153 -0.9997
vn 0.0167 -0.9999 0.0016
vn 0.0167 0.4604 0.8875
vn 0.0168 -0.563 -0.8263
vn 0.0174 -0.215 0.9765
vn 0.0178 -0.9997 -0.017
vn 0.018 -0.3951 0.9185
vn 0.018 -0.066 -0.9977
vn 0.0186 0.6211 0.7835
vn 0.0189 -0.9924 -0.1214
vn 0.0191 -0.1839 -0.9828
vn 0.0192 -0.9379 0.3465
vn 0.0194 -0.0283 0.9994
vn 0.0195 0.9072 0.4203
vn 0.0197 -0.9981 0.0588
vn 0.0198 -0.027 0.9994
vn 0.02 -0.2086 0.9778
vn 0.02 0.038 0.9991
vn 0.0203 -0.9837 -0.1786
vn 0.0205 0.9998 -0.0032
vn 0.0207 -0.7195 0.6942
vn 0.0207 -0.7195 -0.6942
vn 0.0208 -0.9914 0.129
vn 0.0212 -0.0381 0.9991
vn 0.0212 0.827 0.5618
vn 0.0212 -0.7827 0.622
vn 0.0213 -0.5628 0.8263
vn 0.0213 -0.5628 -0.8263
vn 0.0213 0.4015 -0.9156
vn 0.0214 -0.785 -0.6191
vn 0.0215 -0.941 -0.3377
vn 0.0221 -0.9596 -0.2804
vn 0.0224 0.9077 -0.419
vn 0.0226 0.9997 0.0045
vn 0.0228 0.0852 -0.9961
vn 0.0229 -0.4922 0.8702
vn 0.023 -0.9997 0.0014
vn 0.023 -0.0442 0.9988
vn 0.0233 -0.1253 -0.9918
vn 0.0233 0.852 0.5231
vn 0.0239 0.8055 -0.5922
vn 0.024 -0.7668 0.6414
vn 0.024 0.9483 -0.3164
vn 0.0242 -0.8713 0.4901
vn 0.0242 0.9242 0.3813
vn 0.0249 -0.174 -0.9844
vn 0.0252 0.1121 -0.9934
vn 0.0253 0.5378 -0.8427
vn 0.0257 -0.9635 -0.2665
vn 0.0257 0.0189 0.9995
vn 0.0258 -0.9176 -0.3968
vn 0.0259 0.4359 -0.8996
vn 0.0265 0.0509 0.9984
vn 0.0265 -0.9713 0.2362
vn 0.0265 -0.1059 0.994
vn 0.0266 -0.7896 0.613
vn 0.0266 -0.0289 -0.9992
vn 0.0269 -0.8626 0.5052
vn 0.027 -0.999 -0.0368
vn 0.0271 0.0578 0.998
vn 0.0272 0.2643 0.9641
vn 0.0283 -0.0267 -0.9992
vn 0.0284 0.8595 0.5103
vn 0.0285 -0.7977 -0.6024
vn 0.0287 -0.1472 -0.9887
vn 0.0288 0.9216 -0.387
vn 0.029 0.0223 -0.9993
vn 0.0293 0.0146 0.9995
vn 0.0294 0.9514 -0.3065
vn 0.0294 -0.9955 0.0902
vn 0.0294 -0.9955 -0.0902
vn 0.0294 0.0405 -0.9987
vn 0.0303 -0.962 0.2712
vn 0.0308 0.8139 0.5802
vn 0.0311 0.9476 0.3179
vn 0.0313 -0.0942 -0.9951
vn 0.0313 -0.8672 -0.497
vn 0.0317 -0.0624 -0.9975
vn 0.0317 -0.1667 -0.9855
vn 0.0318 -0.8806 -0.4729
vn 0.0319 0.2178 -0.9755
vn 0.032 0.9158 -0.4003
vn 0.0328 0.007 0.9994
vn 0.033 0.9242 -0.3805
vn 0.0331 0.8356 -0.5483
vn 0.0333 0.9531 0.301
vn 0.0334 -0.1676 -0.9853
vn 0.034 0.7438 0.6676
vn 0.034 0.8065 -0.5902
vn 0.0342 -0.233 -0.9719
vn 0.0346 -0.9994 -0.0027
vn 0.0346 -0.9721 -0.2322
vn 0.0346 0.9994 -0.0026
vn 0.035 -0.2205 0.9748
vn 0.0359 0.6337 0.7727
vn 0.0361 0.8461 0.5319
vn 0.0362 0.9949 -0.0939
vn 0.0364 0.088 0.9955
vn 0.0368 -0.064 -0.9973
vn 0.0375 -0.9423 0.3328
vn 0.0377 -0.1913 0.9808
vn 0.0378 0.4897 -0.8711
vn 0.0381 0.0723 -0.9967
vn 0.0383 0.3279 0.9439
vn 0.0387 0.6638 -0.7469
vn 0.0387 0.7301 -0.6822
vn 0.0388 -0.8305 0.5556
vn 0.039 0.3665 0.9296
vn 0.0394 0.5519 0.833
vn 0.0395 -0.9093 -0.4143
vn 0.0395 -0.1133 0.9928
vn 0.0405 -0.9834 0.177
vn 0.041 0.3403 0.9394
vn 0.0413 -0.8608 0.5073
vn 0.0413 -0.2152 0.9757
vn 0.0416 -0.0592 -0.9974
vn 0.0422 0.3379 -0.9402
vn 0.0422 0.1626 -0.9858
vn 0.0425 0.3736 0.9266
vn 0.0428 -0.2931 -0.9551
vn 0.0431 0.1334 -0.9901
vn 0.0434 -0.0524 0.9977
vn 0.0436 0.3679 0.9288
vn 0.0436 0.1157 -0.9923
vn 0.0439 0.7187 -0.6939
vn 0.044 0.1653 -0.9853
vn 0.0443 0.0234 0.9987
vn 0.0443 0.0234 -0.9987
vn 0.0449 0.9593 0.2788
vn 0.045 0.7199 0.6926
vn 0.045 -0.3614 0.9313
vn 0.0452 -0.2347 0.971
vn 0.0453 0.6509 -0.7578
vn 0.0453 -0.8994 0.4348
vn 0.0453 0.7733 0.6324
vn 0.0458 -0.4571 -0.8882
vn 0.046 -0.8723 0.4868
vn 0.046 -0.2812 -0.9585
vn 0.0461 -0.0605 -0.9971
vn 0.0463 0.0777 -0.9959
vn 0.0464 0.7883 0.6136
vn 0.0466 0.8391 -0.542
vn 0.047 0.1437 0.9885
vn 0.0472 -0.9989 0.0084
vn 0.0474 -0.3584 0.9324
vn 0.0478 0.0538 -0.9974
vn 0.0484 -0.8414 0.5382
vn 0.0486 -0.9206 -0.3874
vn 0.0486 0.9902 0.1308
vn 0.0486 -0.347 -0.9366
vn 0.0488 -0.0388 -0.9981
vn 0.0488 -0.2024 -0.9781
vn 0.0496 0.8909 0.4515
vn 0.0497 -0.312 -0.9488
vn 0.0503 -0.3043 -0.9513
vn 0.0503 -0.9246 0.3776
vn 0.0505 0.059 -0.997
vn 0.0506 0.3622 0.9307
vn 0.0514 -0.2594 -0.9644
vn 0.0515 -0.3755 0.9254
vn 0.0516 -0.2142 0.9754
vn 0.0517 0.9945 0.0906
vn 0.052 0.3672 -0.9287
vn 0.0521 0.3575 -0.9325
vn 0.0524 -0.7994 0.5985
vn 0.0531 0.2207 0.9739
vn 0.0533 -0.6924 0.7195
vn 0.0535 -0.3373 0.9399
vn 0.0536 0.7454 -0.6644
vn 0.0541 -0.5047 -0.8616
vn 0.0548 0.9507 -0.3053
vn 0.0549 0.8139 -0.5785
vn 0.0549 0.6352 0.7704
vn 0.0553 -0.5201 0.8523
vn 0.0553 -0.5201 -0.8523
vn 0.0553 0.8939 -0.4448
vn 0.056 -0.3573 0.9323
vn 0.0562 0.9515 -0.3024
vn 0.0562 0.5849 -0.8091
vn 0.0562 0.8825 -0.467
vn 0.0563 -0.2749 -0.9598
vn 0.0564 0.9531 -0.2973
vn 0.0565 0.9984 -0.0047
vn 0.0567 -0.4273 -0.9023
vn 0.0567 0.6984 -0.7134
vn 0.0569 -0.3748 -0.9254
vn 0.057 -0.9312 0.3599
vn 0.057 -0.9312 -0.3599
vn 0.0571 0.8994 0.4335
vn 0.0572 0.1394 0.9886
vn 0.0573 0.1795 -0.9821
vn 0.0574 -0.3111 -0.9486
vn 0.0576 0.8133 0.5789
vn 0.058 0.9201 0.3873
vn 0.0582 -0.1529 -0.9865
vn 0.0583 0.7519 -0.6567
vn 0.0584 0.0062 0.9983
vn 0.0591 -0.7621 -0.6447
vn 0.0595 0.8139 -0.578
vn 0.0598 -0.6631 0.7462
vn 0.06 0.5782 0.8137
vn 0.0608 -0.4325 -0.8996
vn 0.0611 0.3456 -0.9364
vn 0.0615 0.7467 0.6623
vn 0.0618 -0.5421 -0.838
vn 0.0619 0.5653 0.8226
vn 0.0621 -0.3263 0.9432
vn 0.0621 -0.051 -0.9968
vn 0.0625 -0.998 0
vn 0.0627 0.4963 0.8659
vn 0.0635 0.1527 0.9862
vn 0.0635 0.9696 0.2363
vn 0.0635 0.95 -0.3056
vn 0.0642 0.3868 0.9199
vn 0.0642 0.9763 0.2068
vn 0.0645 -0.1683 0.9836
vn 0.0646 0.7655 0.6402
vn 0.0648 0.2123 -0.9751
vn 0.0655 0.9009 -0.4291
vn 0.0656 -0.4141 -0.9078
vn 0.0657 0.9364 -0.3449
vn 0.0659 -0.8043 0.5905
vn 0.0661 0.9487 0.3092
vn 0.0667 -0.7677 0.6373
vn 0.0668 -0.7243 -0.6862
vn 0.0668 0.9598 0.2727
vn 0.0676 -0.4337 0.8985
vn 0.0679 0.1334 0.9887
vn 0.0679 -0.7527 -0.6549
vn 0.0679 0.1952 -0.9784
vn 0.068 0.9977 0.0002
vn 0.0681 -0.3914 -0.9177
vn 0.0682 0.9746 0.2133
vn 0.0683 0.5964 -0.7997
vn 0.0686 0.7303 -0.6797
vn 0.0687 0.1698 0.9831
vn 0.0691 0.9508 0.3019
vn 0.0692 0.6839 0.7263
vn 0.0693 0.9608 -0.2683
vn 0.0698 -0.4656 0.8822
vn 0.0699 0.1958 -0.9782
vn 0.0705 -0.5181 0.8524
vn 0.0705 -0.5181 -0.8524
vn 0.0707 0.2825 -0.9567
vn 0.071 -0.2237 -0.9721
vn 0.0711 -0.0616 -0.9956
vn 0.0716 -0.2679 0.9608
vn 0.0718 0.0454 0.9964
vn 0.0724 -0.7346 0.6746
vn 0.0725 -0.7883 0.611
vn 0.0729 0.3967 0.915
vn 0.073 0.3427 0.9366
vn 0.0732 -0.4109 0.9087
vn 0.0733 -0.7689 0.6352
vn 0.0736 -0.0515 0.996
vn 0.0741 -0.2702 -0.9599
vn 0.075 0.5627 0.8232
vn 0.075 -0.5556 0.8281
vn 0.0753 -0.1176 0.9902
vn 0.0753 -0.9441 -0.321
vn 0.0756 0.9649 0.2515
vn 0.0757 -0.0311 0.9966
vn 0.0757 0.2886 0.9545
vn 0.0759 0.3711 0.9255
vn 0.0763 0.0581 0.9954
vn 0.0766 0.1682 0.9828
vn 0.0769 0.9525 0.2948
vn 0.077 0.279 -0.9572
vn 0.0771 0.4063 -0.9105
vn 0.0771 0.9606 -0.2669
vn 0.0782 0.633 0.7702
vn 0.0783 -0.1199 0.9897
vn 0.0787 0.9799 -0.1835
vn 0.0789 -0.8868 0.4554
vn 0.0789 -0.8868 -0.4554
vn 0.0792 0.9223 0.3783
vn 0.0795 -0.535 0.8411
vn 0.08 -0.894 -0.4409
vn 0.0801 -0.7722 -0.6303
vn 0.0803 0.6216 0.7792
vn 0.0805 0.1558 0.9845
vn 0.0811 0.0822 -0.9933
vn 0.0812 0.2729 0.9586
vn 0.0813 -0.2074 -0.9749
vn 0.0817 -0.2551 0.9634
vn 0.0821 0.9538 -0.289
vn 0.0822 0.9617 0.2613
vn 0.0827 -0.3316 0.9398
vn 0.0827 -0.3316 -0.9398
vn 0.0829 0.1647 0.9829
vn 0.0831 -0.1801 0.9801
vn 0.0832 0.1773 -0.9806
vn 0.0837 -0.6618 -0.745
vn 0.0838 0.9009 0.4259
vn 0.0839 -0.4917 0.8667
vn 0.0841 -0.244 -0.9661
vn 0.0843 0.9964 0.0062
vn 0.0843 0.1525 0.9847
vn 0.0843 0.7953 0.6003
vn 0.0845 -0.0011 -0.9964
vn 0.0851 -0.5844 -0.807
vn 0.0852 -0.0516 0.995
vn 0.0854 0.4078 0.9091
vn 0.0859 -0.9444 0.3174
vn 0.0864 0.2082 -0.9743
vn 0.0865 0.0123 -0.9962
vn 0.0866 0.9606 -0.264
vn 0.0867 -0.2512 0.964
vn 0.0868 0.7128 0.696
vn 0.0868 -0.3676 -0.9259
vn 0.0869 0.7707 0.6312
vn 0.0869 0.7707 -0.6312
vn 0.0871 -0.2829 -0.9552
vn 0.0871 0.4178 0.9044
vn 0.0874 0.0158 -0.9961
vn 0.0877 -0.9958 0.025
vn 0.0878 -0.0219 0.9959
vn 0.0878 0.39 -0.9166
vn 0.088 -0.4776 -0.8741
vn 0.0884 0.7125 -0.6961
vn 0.0885 -0.7509 0.6545
vn 0.0886 0.7324 -0.6751
vn 0.0886 0.996 -0.0069
vn 0.089 0.9835 0.1577
vn 0.089 -0.165 0.9823
vn 0.0894 0.9718 -0.2182
vn 0.0896 0.9501 0.2989
vn 0.0897 0.9524 -0.2913
vn 0.0901 0.2518 0.9636
vn 0.0903 -0.7299 -0.6775
vn 0.0904 -0.885 0.4568
vn 0.0904 -0.885 -0.4568
vn 0.0904 0.7916 0.6044
vn 0.0905 -0.0233 -0.9956
vn 0.0905 0.6942 -0.714
vn 0.0909 0.8836 0.4593
vn 0.0912 -0.0498 -0.9946
vn 0.0915 -0.5648 -0.8202
vn 0.0915 0.954 0.2854
vn 0.0922 -0.9685 -0.2313
vn 0.0923 0.9568 0.2756
vn 0.0927 -0.993 -0.073
vn 0.0928 0.1496 -0.9844
vn 0.0928 -0.995 -0.0369
vn 0.0929 0.9534 0.2872
vn 0.0929 -0.2166 -0.9718
vn 0.0929 0.3341 0.9379
vn 0.0932 0.6603 0.7452
vn 0.0933 0.2758 0.9567
vn 0.0936 0.9577 0.2721
vn 0.0936 -0.995 -0.0343
vn 0.0937 -0.9956 -0.0096
vn 0.0938 -0.5603 -0.823
vn 0.0939 0.746 0.6593
vn 0.0939 0.9629 0.2529
vn 0.0939 0.6718 0.7348
vn 0.0941 0.8733 0.4779
vn 0.0942 -0.2686 -0.9586
vn 0.0945 -0.0193 0.9953
vn 0.0945 -0.9796 -0.1773
vn 0.0947 0.8157 0.5706
vn 0.0949 -0.5256 -0.8454
vn 0.0955 0.9656 -0.2419
vn 0.0955 -0.2277 -0.969
vn 0.0955 0.3693 0.9244
vn 0.0955 0.3693 -0.9244
vn 0.0959 -0.9781 0.1845
vn 0.0961 0.1807 0.9788
vn 0.0964 -0.0108 -0.9953
vn 0.0964 0.7591 0.6438
vn 0.0967 0.388 -0.9166
vn 0.097 0.1067 -0.9895
vn 0.097 0.5891 0.8022
vn 0.097 -0.0209 -0.9951
vn 0.097 -0.5651 -0.8193
vn 0.0975 0.6692 -0.7367
vn 0.0979 -0.7014 0.706
vn 0.0979 0.6092 -0.787
vn 0.0984 -0.9564 -0.2751
vn 0.0985 0.9535 -0.2848
vn 0.0986 -0.5295 -0.8426
vn 0.0986 0.7138 -0.6934
vn 0.0988 0.327 -0.9398
vn 0.0989 0.7686 -0.6321
vn 0.0989 -0.0942 -0.9906
vn 0.0989 0.1575 -0.9825
vn 0.0993 0.0064 0.995
vn 0.0994 -0.2448 0.9645
vn 0.0997 -0.062 0.9931
vn 0.0997 -0.475 -0.8743
vn 0.0997 0.9622 -0.2535
vn 0.1002 -0.2116 -0.9722
vn 0.1008 0.9381 -0.3313
vn 0.101 -0.5197 -0.8484
vn 0.1011 -0.9645 0.244
vn 0.1013 -0.6248 -0.7742
vn 0.1013 0.6587 0.7456
vn 0.1013 -0.091 0.9907
vn 0.1014 -0.4023 -0.9099
vn 0.1015 -0.2479 -0.9634
vn 0.1017 0.8813 -0.4615
vn 0.1017 -0.2219 0.9698
vn 0.1024 -0.5758 -0.8112
vn 0.1026 -0.4754 0.8738
vn 0.1027 -0.5764 0.8107
vn 0.1029 -0.6719 0.7335
vn 0.103 -0.9458 0.3081
vn 0.103 0.1346 -0.9855
vn 0.1031 0.211 0.972
vn 0.1033 0.1436 0.9842
vn 0.1033 0.2724 0.9566
vn 0.1038 0.7145 0.6919
vn 0.1046 -0.5215 0.8468
vn 0.1047 -0.3314 0.9377
vn 0.1047 -0.3314 -0.9377
vn 0.1051 0.9603 0.2583
vn 0.1052 0.3689 0.9235
vn 0.1052 0.3689 -0.9235
vn 0.1056 0.2744 0.9558
vn 0.1056 0.2342 -0.9664
vn 0.1056 -0.9935 0.042
vn 0.1059 0.0491 0.9932
vn 0.1059 0.6454 -0.7564
vn 0.106 -0.1763 0.9786
vn 0.106 -0.6318 0.7679
vn 0.1061 -0.0684 -0.992
vn 0.1063 -0.2991 -0.9483
vn 0.1063 0.2287 -0.9677
vn 0.1067 -0.4092 -0.9062
vn 0.1069 -0.3961 0.912
vn 0.107 0.7496 -0.6532
vn 0.1071 -0.2266 -0.9681
vn 0.1073 -0.3046 0.9464
vn 0.1073 0.1436 0.9838
vn 0.1076 0.949 -0.2965
vn 0.1078 0.2925 -0.9502
vn 0.1078 -0.237 -0.9655
vn 0.1082 -0.7892 -0.6045
vn 0.1083 0.2081 -0.9721
vn 0.1086 -0.0252 0.9938
vn 0.1086 -0.5332 -0.839
vn 0.1086 0.4605 0.881
vn 0.1089 0.9562 0.2716
vn 0.109 -0.8664 0.4874
vn 0.1091 0.994 -0.0016
vn 0.1092 -0.3534 0.9291
vn 0.1093 -0.5454 -0.831
vn 0.1096 0.1452 0.9833
vn 0.1098 0.2667 -0.9575
vn 0.11 0.9752 0.1921
vn 0.1111 -0.5399 0.8344
vn 0.1111 -0.3209 0.9406
vn 0.1111 0.7608 0.6395
vn 0.1113 0.5082 -0.854
vn 0.1116 0.7083 -0.6971
vn 0.1118 -0.8902 -0.4415
vn 0.1122 -0.5734 0.8116
vn 0.1123 0.6435 0.7571
vn 0.1125 0.5511 -0.8268
vn 0.1131 0.2202 0.9689
vn 0.1134 -0.7273 0.6769
vn 0.1135 0.77 -0.6279
vn 0.1138 -0.3118 0.9433
vn 0.1143 -0.5031 0.8566
vn 0.1144 -0.6019 -0.7903
vn 0.1145 0.0149 0.9933
vn 0.1147 0.3617 -0.9252
vn 0.1148 -0.1178 0.9864
vn 0.1156 0.6506 0.7505
vn 0.1157 0.6564 0.7455
vn 0.1157 0.5049 -0.8554
vn 0.1162 -0.8447 0.5224
vn 0.1162 0.3982 0.9099
vn 0.1162 0.9887 0.0946
vn 0.1165 0.7159 -0.6884
vn 0.1169 -0.418 -0.9009
vn 0.1171 -0.6848 0.7192
vn 0.1171 -0.6848 -0.7192
vn 0.1176 -0.6162 -0.7788
vn 0.1176 -0.3188 -0.9405
vn 0.1177 0.7899 -0.6018
vn 0.1178 -0.9023 -0.4148
vn 0.1178 -0.5631 0.8179
vn 0.118 -0.9655 0.2322
vn 0.1182 -0.586 0.8016
vn 0.1183 -0.6369 -0.7618
vn 0.1188 -0.8983 -0.423
vn 0.1189 0.5469 0.8287
vn 0.1189 -0.6733 -0.7297
vn 0.1194 0.4839 0.867
vn 0.1196 -0.9796 -0.1616
vn 0.1203 0.5449 -0.8298
vn 0.1204 -0.6256 -0.7708
vn 0.1207 -0.2853 0.9508
vn 0.121 -0.9121 0.3917
vn 0.1212 0.7768 0.6179
vn 0.1213 -0.4849 0.8661
vn 0.1215 -0.1361 -0.9832
vn 0.1215 0.2618 -0.9574
vn 0.1218 -0.4778 0.87
vn 0.1219 -0.602 -0.7892
vn 0.122 -0.9905 -0.0628
vn 0.122 0.5451 0.8295
vn 0.1221 0.7105 0.6931
vn 0.1223 0.1022 0.9872
vn 0.1224 0.382 -0.916
vn 0.1236 0.6341 0.7633
vn 0.1236 0.1981 0.9724
vn 0.1236 0.6311 -0.7658
vn 0.1237 -0.9447 0.3036
vn 0.1238 0.6583 -0.7425
vn 0.124 -0.6 0.7903
vn 0.1242 -0.2759 0.9531
vn 0.1242 -0.2759 -0.9531
vn 0.1242 0.9131 0.3883
vn 0.1244 0.7226 -0.68
vn 0.1248 -0.9919 0.0239
vn 0.1248 0.9176 -0.3775
vn 0.1249 -0.4759 -0.8706
vn 0.1251 -0.9921 0.0026
vn 0.1252 0.5801 -0.8048
vn 0.1254 -0.1102 0.986
vn 0.1254 -0.8342 0.537
vn 0.1255 -0.0497 0.9909
vn 0.1258 0.3947 0.9101
vn 0.126 0.1055 0.9864
vn 0.1261 -0.974 0.1884
vn 0.1262 -0.0512 0.9907
vn 0.1264 -0.3911 -0.9116
vn 0.127 -0.8147 -0.5659
vn 0.1271 0.2005 0.9714
vn 0.1271 -0.9003 -0.4162
vn 0.1273 0.8173 0.562
vn 0.1278 0.3285 0.9358
vn 0.1279 -0.6718 0.7296
vn 0.1283 0.5251 -0.8413
vn 0.1286 -0.0122 0.9916
vn 0.1287 -0.1757 0.976
vn 0.1288 -0.8644 0.486
vn 0.1288 -0.1362 0.9823
vn 0.1288 -0.1362 -0.9823
vn 0.129 0.0398 0.9909
vn 0.1291 0.4088 -0.9034
vn 0.1295 -0.9916 -0.0032
vn 0.1297 0.5136 -0.8482
vn 0.1298 0.192 -0.9728
vn 0.1301 0.9238 -0.3601
vn 0.1302 0.2262 0.9653
vn 0.1307 -0.8969 -0.4224
vn 0.1307 -0.1923 0.9726
vn 0.1308 -0.979 0.1562
vn 0.131 -0.8514 -0.5079
vn 0.131 -0.0145 0.9913
vn 0.1315 -0.2167 0.9674
vn 0.1315 -0.5776 0.8057
vn 0.1328 0.0828 0.9877
vn 0.1329 0.021 -0.9909
vn 0.1333 0.3244 0.9365
vn 0.1335 -0.8254 0.5486
vn 0.1339 -0.1583 0.9783
vn 0.1342 0.5188 -0.8443
vn 0.1344 -0.5795 0.8038
vn 0.1347 -0.2693 0.9536
vn 0.1357 0.3139 0.9397
vn 0.1357 0.9484 0.2866
vn 0.1364 -0.9893 0.0516
vn 0.1365 0.0857 0.9869
vn 0.1365 -0.7174 -0.6831
vn 0.1366 -0.2755 0.9516
vn 0.1366 -0.2755 -0.9516
vn 0.1369 0.9486 0.2852
vn 0.1374 -0.9582 -0.2509
vn 0.1375 -0.8875 -0.4397
vn 0.1375 -0.9905 0.0012
vn 0.1376 0.7901 0.5974
vn 0.1378 0.9579 0.2517
vn 0.1379 -0.2667 0.9539
vn 0.1385 0.5098 0.849
vn 0.139 -0.858 0.4945
vn 0.1392 -0.5871 -0.7975
vn 0.1401 0.6231 -0.7695
vn 0.1403 0.8226 0.551
vn 0.1404 0.3686 -0.9189
vn 0.1404 -0.2558 -0.9565
vn 0.1406 -0.1914 0.9714
vn 0.1409 -0.8586 -0.4929
vn 0.141 -0.7647 0.6288
vn 0.1411 0.3889 0.9104
vn 0.1414 -0.9892 0.038
vn 0.1415 0.1002 0.9849
vn 0.1417 0.5069 0.8503
vn 0.1418 0.9899 -0.0042
vn 0.1421 -0.8212 0.5526
vn 0.1422 -0.2556 0.9563
vn 0.1426 -0.3481 -0.9266
vn 0.1429 0.9897 0.0094
vn 0.1433 0.9893 0.0286
vn 0.1436 -0.2497 0.9576
vn 0.1437 0.0006 0.9896
vn 0.1438 0.4446 0.8841
vn 0.1444 -0.7405 0.6564
vn 0.1445 0.5392 0.8297
vn 0.1446 0.1781 0.9733
vn 0.1446 -0.6718 -0.7265
vn 0.1448 -0.1565 -0.977
vn 0.145 -0.3876 0.9104
vn 0.145 -0.3876 -0.9104
vn 0.145 0.1506 -0.9779
vn 0.1451 -0.7452 0.6509
vn 0.1453 -0.9753 0.1664
vn 0.1455 0.0012 -0.9894
vn 0.1456 -0.8152 -0.5606
vn 0.1458 -0.8055 0.5744
vn 0.1462 0.6623 0.7348
vn 0.1468 0.5226 0.8399
vn 0.1474 0.5661 -0.8111
vn 0.1474 -0.9881 -0.0448
vn 0.1475 0.4432 0.8842
vn 0.1475 -0.1508 0.9775
vn 0.1476 0.2251 0.9631
vn 0.1476 -0.989 0.0086
vn 0.1479 -0.3215 0.9353
vn 0.1479 0.4945 -0.8565
vn 0.1481 0.9507 -0.2724
vn 0.1483 0.8435 0.5162
vn 0.1483 -0.9352 -0.3215
vn 0.1487 -0.9879 0.0435
vn 0.1498 -0.2235 -0.9631
vn 0.15 0.278 -0.9488
vn 0.1501 0.7615 -0.6305
vn 0.1502 0.9886 0.0005
vn 0.1505 0.505 0.8499
vn 0.1506 -0.2843 -0.9468
vn 0.1507 -0.0229 0.9883
vn 0.1508 -0.9538 -0.2597
vn 0.1509 -0.49 0.8586
vn 0.1509 -0.49 -0.8586
vn 0.1512 0.4253 -0.8923
vn 0.1514 0.8335 -0.5314
vn 0.1514 0.6616 -0.7344
vn 0.1514 -0.5202 -0.8405
vn 0.1516 0.9337 0.3243
vn 0.1517 0.0811 0.9851
vn 0.1521 -0.8068 -0.5709
vn 0.1522 -0.9867 -0.0579
vn 0.1525 -0.3775 -0.9134
vn 0.1531 -0.0487 -0.987
vn 0.1533 -0.207 0.9663
vn 0.1541 -0.988 -0.0031
vn 0.1542 -0.9417 -0.2992
vn 0.1543 -0.7989 -0.5813
vn 0.1546 -0.8594 0.4874
vn 0.1547 0.6755 0.7209
vn 0.1548 -0.1022 -0.9827
vn 0.1548 0.2475 0.9564
vn 0.1551 -0.5891 -0.793
vn 0.1553 0.1573 -0.9753
vn 0.1554 0.7603 0.6307
vn 0.1564 0.0985 -0.9828
vn 0.1567 -0.8404 -0.5189
vn 0.1569 0.311 0.9374
vn 0.1569 0.8439 -0.513
vn 0.1571 0.7805 -0.6051
vn 0.1571 -0.9746 -0.1599
vn 0.1577 -0.1932 -0.9684
vn 0.1578 -0.0016 0.9875
vn 0.1578 0.1355 0.9781
vn 0.1579 -0.797 0.583
vn 0.1581 0.3612 -0.919
vn 0.1582 -0.1885 0.9693
vn 0.1589 0.7372 -0.6567
vn 0.1593 0.1745 0.9717
vn 0.1595 0.174 -0.9717
vn 0.1596 -0.2544 0.9538
vn 0.1601 0.9222 0.352
vn 0.1607 0.2146 0.9634
vn 0.1607 -0.6167 0.7706
vn 0.1614 0.971 -0.1765
vn 0.1615 -0.9868 0.0072
vn 0.1616 -0.6607 0.7331
vn 0.1619 0.5252 -0.8354
vn 0.162 -0.7495 -0.6419
vn 0.1626 -0.9856 -0.0457
vn 0.1627 -0.1838 -0.9694
vn 0.1629 -0.3342 0.9283
vn 0.1632 -0.7446 -0.6473
vn 0.1634 -0.7238 -0.6704
vn 0.1635 -0.5502 -0.8189
vn 0.1636 -0.9854 -0.0466
vn 0.1636 -0.8094 -0.564
vn 0.164 -0.5543 -0.816
vn 0.1641 0.2216 0.9612
vn 0.1645 -0.1841 -0.969
vn 0.1646 -0.9575 0.2367
vn 0.1647 -0.2086 0.964
vn 0.1651 -0.151 0.9747
vn 0.1652 -0.7851 0.597
vn 0.1652 -0.7851 -0.597
vn 0.1654 -0.4502 -0.8775
vn 0.1655 0.4391 0.8831
vn 0.1657 -0.969 -0.1831
vn 0.1658 -0.8014 0.5747
vn 0.1659 0.9567 0.2391
vn 0.1669 -0.2102 -0.9633
vn 0.1671 -0.1927 0.9669
vn 0.1673 0.1636 0.9722
vn 0.1674 -0.7349 -0.6572
vn 0.1678 -0.9681 -0.1861
vn 0.1679 -0.9849 0.0413
vn 0.1681 -0.2823 -0.9445
vn 0.1682 -0.1079 0.9798
vn 0.1682 -0.1079 -0.9798
vn 0.1683 0.5501 0.818
vn 0.1687 -0.2406 -0.9558
vn 0.169 0.6566 -0.7351
vn 0.1691 0.8149 0.5544
vn 0.1692 0.2215 0.9604
vn 0.1696 0.0018 -0.9855
vn 0.1697 0.4317 0.8859
vn 0.1699 0.7572 -0.6307
vn 0.1701 -0.9854 -0.0069
vn 0.1706 -0.4741 -0.8638
vn 0.1707 -0.2606 -0.9502
vn 0.1709 -0.9838 -0.0534
vn 0.1709 0.2109 -0.9625
vn 0.1712 0.4962 0.8512
vn 0.1716 0.9522 -0.2528
vn 0.1719 0.0003 0.9851
vn 0.172 0.6231 0.763
vn 0.1721 0.6179 0.7672
vn 0.1723 -0.655 -0.7357
vn 0.1723 -0.5077 -0.8441
vn 0.1727 -0.2071 -0.963
vn 0.1732 0.7813 0.5997
vn 0.1732 -0.1322 0.976
vn 0.1733 -0.8334 0.5248
vn 0.1733 -0.2452 -0.9539
vn 0.1738 0.9379 -0.3002
vn 0.1741 -0.9847 0.0045
vn 0.1743 -0.6271 0.7592
vn 0.1746 0.7499 0.6381
vn 0.1746 -0.6768 0.7152
vn 0.1747 -0.136 0.9752
vn 0.1748 0.5819 -0.7943
vn 0.1749 0.7464 0.642
vn 0.175 -0.0469 -0.9834
vn 0.1751 -0.216 -0.9606
vn 0.1751 -0.984 0.0338
vn 0.1754 0.9633 0.203
vn 0.1755 0.2954 0.9391
vn 0.1758 0.9064 -0.3841
vn 0.1759 -0.9839 -0.0323
vn 0.1761 0.1888 -0.9661
vn 0.1762 -0.0409 0.9835
vn 0.1763 0.8067 -0.5641
vn 0.1767 -0.6506 -0.7385
vn 0.1768 -0.451 0.8748
vn 0.1769 0.2183 -0.9597
vn 0.1772 -0.3788 0.9084
vn 0.1773 -0.9446 -0.2763
vn 0.1774 0.4132 -0.8932
vn 0.1774 -0.6019 0.7786
vn 0.1778 -0.3136 -0.9328
vn 0.1784 -0.5849 0.7912
vn 0.1785 0.3412 -0.9229
vn 0.1787 0.7369 0.6519
vn 0.1798 -0.4576 0.8708
vn 0.1801 -0.7361 0.6525
vn 0.1801 -0.241 -0.9536
vn 0.1802 -0.1167 -0.9767
vn 0.1808 0.0192 -0.9833
vn 0.1809 0.9113 -0.3699
vn 0.181 -0.9834 0.0128
vn 0.1812 0.368 0.912
vn 0.1814 0.1553 0.9711
vn 0.1818 -0.3353 0.9244
vn 0.1819 0.1838 -0.966
vn 0.1822 0.5859 -0.7897
vn 0.1827 -0.1977 -0.9631
vn 0.1828 -0.1777 -0.967
vn 0.1828 -0.943 0.2779
vn 0.1832 0.5386 0.8224
vn 0.1835 -0.5723 0.7992
vn 0.1837 -0.5911 -0.7854
vn 0.1837 0.541 0.8207
vn 0.184 -0.9758 0.118
vn 0.1846 0.9545 -0.2341
vn 0.1846 -0.1075 0.9769
vn 0.1846 -0.1075 -0.9769
vn 0.1848 0.1447 0.9721
vn 0.1849 0.4754 -0.8601
vn 0.1851 -0.5758 -0.7964
vn 0.1851 0.1594 -0.9697
vn 0.186 -0.6656 0.7228
vn 0.1861 -0.8274 -0.5298
vn 0.1862 0.3707 -0.9099
vn 0.1862 -0.9745 0.1251
vn 0.1864 -0.7729 0.6065
vn 0.1868 -0.9743 -0.1258
vn 0.187 0.8049 -0.5632
vn 0.1872 0.1802 0.9657
vn 0.1872 0.4458 0.8753
vn 0.1874 0.6019 0.7762
vn 0.1875 0.696 0.6932
vn 0.1876 -0.165 0.9683
vn 0.1877 -0.6818 -0.7071
vn 0.1879 -0.1485 0.9709
vn 0.188 -0.1817 0.9652
vn 0.1887 -0.1468 0.971
vn 0.1889 0.6381 0.7464
vn 0.1892 -0.1244 -0.974
vn 0.1896 -0.9818 0.0078
vn 0.1911 -0.98 0.0554
vn 0.1912 0.3904 -0.9006
vn 0.1915 0.2576 0.9471
vn 0.1918 0.02 -0.9812
vn 0.1924 0.0652 0.9791
vn 0.1937 -0.3523 -0.9156
vn 0.1937 -0.9409 -0.2777
vn 0.1939 0.1665 -0.9668
vn 0.1947 -0.7691 -0.6088
vn 0.1955 0.5979 0.7773
vn 0.1956 0.6808 -0.7059
vn 0.1959 0.1722 -0.9654
vn 0.1959 -0.1245 0.9727
vn 0.1959 0.1627 -0.967
vn 0.196 -0.9388 0.2834
vn 0.1961 -0.5941 -0.7801
vn 0.1961 -0.6419 0.7413
vn 0.1967 0.4076 0.8917
vn 0.1968 0.6808 0.7056
vn 0.1969 0.0944 -0.9759
vn 0.1971 -0.9478 0.2506
vn 0.1972 -0.9017 0.3849
vn 0.1972 -0.9017 -0.3849
vn 0.1979 -0.7098 -0.676
vn 0.1982 0.378 -0.9043
vn 0.1994 0.3813 -0.9027
vn 0.2 -0.9793 0.0309
vn 0.2002 0.7798 -0.5931
vn 0.2002 -0.0122 0.9797
vn 0.2004 -0.699 0.6865
vn 0.2004 -0.699 -0.6865
vn 0.2009 0.1908 -0.9609
vn 0.2009 0.3413 0.9182
vn 0.2015 -0.9795 0.0033
vn 0.2016 -0.5155 0.8328
vn 0.2021 0.2515 0.9465
vn 0.2022 -0.5735 0.7939
vn 0.2022 0.1638 0.9655
vn 0.2026 -0.9722 -0.1174
vn 0.2032 0.3715 0.9059
vn 0.2032 -0.7457 0.6346
vn 0.2032 -0.9708 0.1271
vn 0.2033 -0.9772 -0.0606
vn 0.2035 -0.9782 0.041
vn 0.2038 -0.5063 0.8379
vn 0.2039 -0.7715 -0.6027
vn 0.2043 0.1138 0.9723
vn 0.2046 -0.6767 -0.7072
vn 0.2047 0.3053 -0.93
vn 0.2051 0.2385 0.9492
vn 0.2052 0.7833 -0.5868
vn 0.2056 0.1607 -0.9654
vn 0.2056 -0.761 -0.6153
vn 0.2057 -0.9739 -0.0957
vn 0.2058 0.6934 0.6906
vn 0.2059 -0.5405 0.8157
vn 0.2061 -0.8849 0.4178
vn 0.2063 -0.9703 0.126
vn 0.2065 -0.5807 0.7875
vn 0.2071 0.1524 -0.9664
vn 0.2072 -0.9644 0.1646
vn 0.2077 -0.6031 0.7702
vn 0.2079 0.1651 0.9641
vn 0.208 0.7933 -0.5722
vn 0.2081 0.134 0.9689
vn 0.2082 -0.9781 0.0062
vn 0.2082 0.5152 0.8314
vn 0.2084 -0.3666 -0.9068
vn 0.2089 -0.9681 0.1384
vn 0.2091 -0.7412 -0.6378
vn 0.2095 -0.529 0.8223
vn 0.2096 0.9658 0.1528
vn 0.2098 -0.9022 0.3768
vn 0.2098 -0.9022 -0.3768
vn 0.2103 -0.6617 -0.7197
vn 0.2113 0.3448 -0.9146
vn 0.2116 -0.7025 0.6795
vn 0.2116 -0.9528 -0.2175
vn 0.2118 -0.167 0.9629
vn 0.2119 -0.3112 -0.9264
vn 0.2121 -0.3633 0.9072
vn 0.2125 0.2616 -0.9415
vn 0.2125 -0.3865 0.8975
vn 0.2126 -0.8977 0.3858
vn 0.2128 -0.5127 -0.8318
vn 0.2128 -0.2609 0.9416
vn 0.2132 -0.3374 -0.9169
vn 0.2134 0.0767 -0.974
vn 0.2144 -0.3146 0.9247
vn 0.2146 0.3356 0.9172
vn 0.2148 0.7691 -0.602
vn 0.2151 -0.8652 0.4529
vn 0.2152 -0.1396 -0.9665
vn 0.2153 -0.9626 0.1646
vn 0.2158 0.2042 -0.9548
vn 0.2159 0.325 -0.9208
vn 0.2159 0.6262 -0.7491
vn 0.2161 -0.011 0.9763
vn 0.2163 -0.2488 0.9441
vn 0.2163 -0.2488 -0.9441
vn 0.2164 -0.9134 -0.3449
vn 0.2168 0.1514 0.9644
vn 0.2171 0.8754 0.4318
vn 0.2175 0.0394 0.9753
vn 0.2182 -0.3128 -0.9244
vn 0.2184 0.9409 0.2588
vn 0.2184 -0.971 0.0977
vn 0.2188 0.0343 -0.9752
vn 0.2189 0.2063 -0.9537
vn 0.2198 -0.6219 0.7516
vn 0.2199 -0.1966 0.9555
vn 0.2213 0.6639 0.7143
vn 0.2217 -0.3122 0.9238
vn 0.2218 0.7998 0.5577
vn 0.2225 0.1707 0.9599
vn 0.2227 -0.5872 0.7782
vn 0.2229 0.3031 -0.9265
vn 0.223 -0.3158 0.9222
vn 0.2231 -0.7058 0.6724
vn 0.2235 0.9747 -0.0016
vn 0.2248 0.0546 -0.9729
vn 0.2249 -0.1028 -0.9689
vn 0.225 0.0925 -0.9699
vn 0.2253 -0.1226 0.9665
vn 0.2253 -0.1226 -0.9665
vn 0.2256 0.9742 0.0043
vn 0.2256 0.8729 0.4326
vn 0.226 -0.6958 0.6818
vn 0.2264 -0.6761 0.7012
vn 0.2265 0.0984 -0.969
vn 0.2266 -0.8854 -0.4058
vn 0.2268 -0.9722 -0.0575
vn 0.2268 0.2511 -0.941
vn 0.227 -0.514 0.8272
vn 0.2272 -0.699 -0.678
vn 0.2278 -0.1125 0.9672
vn 0.2278 -0.1125 -0.9672
vn 0.2286 0.3322 0.9151
vn 0.2288 0.177 0.9572
vn 0.2289 -0.7813 0.5806
vn 0.2292 -0.8833 0.4089
vn 0.2299 -0.5308 -0.8157
vn 0.2299 -0.6682 0.7075
vn 0.23 -0.9531 -0.1966
vn 0.2301 -0.7523 0.6174
vn 0.2305 0.9728 -0.0222
vn 0.2305 0.0908 0.9688
vn 0.2309 0.219 -0.948
vn 0.2311 0.8019 0.5509
vn 0.2314 -0.8455 0.4813
vn 0.2318 -0.9659 -0.1157
vn 0.2321 -0.9585 0.1653
vn 0.2321 -0.664 -0.7108
vn 0.2327 -0.4205 0.877
vn 0.233 -0.421 0.8766
vn 0.233 -0.6316 0.7395
vn 0.2332 -0.5133 -0.8259
vn 0.2332 0.0682 0.97
vn 0.2332 -0.7967 0.5575
vn 0.2333 -0.708 -0.6665
vn 0.2335 0.2621 0.9364
vn 0.2339 -0.0625 -0.9702
vn 0.2346 -0.9263 0.2947
vn 0.2349 0.0248 0.9717
vn 0.2349 0.0248 -0.9717
vn 0.2352 -0.2179 -0.9472
vn 0.2356 -0.94 -0.2468
vn 0.2359 -0.5706 -0.7866
vn 0.2359 0.2459 0.9401
vn 0.2361 -0.6544 0.7183
vn 0.2363 0.2777 0.9312
vn 0.2365 0.0809 0.9683
vn 0.2369 -0.2784 -0.9308
vn 0.2369 0.2388 0.9417
vn 0.2371 0.0985 0.9665
vn 0.2371 -0.7205 0.6516
vn 0.2371 -0.9462 -0.2202
vn 0.2378 0.0763 -0.9683
vn 0.2384 -0.6474 -0.7239
vn 0.2386 -0.2918 0.9262
vn 0.2392 0.9238 -0.2991
vn 0.2394 -0.2517 0.9377
vn 0.2395 0.5278 0.8149
vn 0.2397 -0.1944 -0.9512
vn 0.2403 -0.9707 0.0094
vn 0.2405 -0.9701 -0.033
vn 0.2409 -0.1045 -0.9649
vn 0.2409 0.004 -0.9705
vn 0.2413 -0.9161 -0.3202
vn 0.2417 0.5305 -0.8125
vn 0.2419 -0.3645 0.8992
vn 0.2423 -0.952 -0.1869
vn 0.2429 0.8298 -0.5024
vn 0.2429 -0.9683 -0.0583
vn 0.243 -0.952 -0.1861
vn 0.2432 -0.2012 -0.9489
vn 0.2435 0.3879 -0.8889
vn 0.2436 -0.0472 0.9687
vn 0.2438 -0.6325 -0.7352
vn 0.2439 0.1628 -0.956
vn 0.2441 -0.395 0.8856
vn 0.2444 -0.2201 -0.9444
vn 0.2445 -0.5706 0.784
vn 0.2445 -0.5706 -0.784
vn 0.2447 0.0966 -0.9648
vn 0.2449 0.964 0.1034
vn 0.2451 -0.0608 -0.9676
vn 0.2452 -0.5834 0.7742
vn 0.246 0.2726 0.9302
vn 0.246 -0.9618 0.12
vn 0.2461 -0.8148 -0.525
vn 0.2463 0.8046 0.5403
vn 0.2463 0.8046 -0.5403
vn 0.2466 -0.2058 0.947
vn 0.2468 -0.9473 -0.204
vn 0.2468 -0.962 -0.1163
vn 0.2469 -0.2001 -0.9482
vn 0.2473 -0.3852 -0.8891
vn 0.2477 0.6246 -0.7406
vn 0.2482 0.252 -0.9354
vn 0.2487 -0.4385 -0.8636
vn 0.2487 -0.366 -0.8968
vn 0.2489 -0.8115 0.5287
vn 0.2491 0.9426 0.2224
vn 0.2499 -0.1318 0.9593
vn 0.2499 -0.1318 -0.9593
vn 0.25 -0.7002 -0.6687
vn 0.2502 0.0799 0.9649
vn 0.251 0.0225 -0.9677
vn 0.2511 -0.498 0.83
vn 0.2515 0.2822 -0.9258
vn 0.2515 -0.348 0.9031
vn 0.2516 0.0754 -0.9649
vn 0.2517 -0.4809 0.8399
vn 0.2517 -0.8984 -0.3598
vn 0.252 0.212 0.9442
vn 0.252 -0.4822 -0.839
vn 0.252 -0.3488 0.9027
vn 0.2524 0.401 -0.8806
vn 0.2525 0.3509 0.9017
vn 0.2527 -0.5857 0.7701
vn 0.2531 -0.4184 0.8723
vn 0.2532 -0.1936 -0.9478
vn 0.2532 0.3269 -0.9105
vn 0.2538 -0.2383 -0.9374
vn 0.2538 -0.9673 0.001
vn 0.2539 0.5759 0.7771
vn 0.2545 0.2393 0.937
vn 0.2545 -0.9405 -0.2251
vn 0.2547 -0.9654 0.0562
vn 0.255 -0.9096 0.3281
vn 0.2552 -0.1321 -0.9578
vn 0.2553 -0.3076 -0.9166
vn 0.2559 -0.889 -0.3796
vn 0.256 0.8216 -0.5094
vn 0.2563 -0.1476 0.9553
vn 0.2565 0.2752 0.9265
vn 0.2567 0.579 -0.7739
vn 0.2567 -0.7667 -0.5884
vn 0.2568 -0.8989 0.355
vn 0.2568 -0.7327 0.6303
vn 0.2576 -0.4812 0.8379
vn 0.2576 -0.6664 -0.6997
vn 0.258 -0.1416 0.9557
vn 0.2582 -0.0019 0.9661
vn 0.2583 0.8821 -0.3938
vn 0.2586 -0.8587 0.4424
vn 0.2586 -0.8923 -0.37
vn 0.2594 -0.3861 0.8852
vn 0.2597 0.031 -0.9652
vn 0.2603 -0.9406 -0.2178
vn 0.2603 0.0512 0.9642
vn 0.2606 0.7647 0.5893
vn 0.2609 -0.9538 0.1491
vn 0.261 -0.9245 0.2779
vn 0.2613 0.3354 -0.9051
vn 0.2616 -0.0902 -0.961
vn 0.2625 0.9649 -0.0122
vn 0.2628 0.8906 0.3711
vn 0.2628 0.2204 -0.9393
vn 0.2628 -0.9113 0.317
vn 0.263 -0.6658 0.6983
vn 0.2632 0.2873 -0.921
vn 0.2632 -0.2721 -0.9256
vn 0.2639 -0.5026 -0.8232
vn 0.2646 0.1233 -0.9564
vn 0.2649 0.2125 0.9406
vn 0.2655 -0.6545 0.7079
vn 0.2656 -0.8361 0.48
vn 0.2656 0.1392 0.954
vn 0.2662 0.5711 -0.7765
vn 0.2666 -0.141 -0.9534
vn 0.2666 0.3517 0.8973
vn 0.2669 -0.3299 0.9055
vn 0.267 -0.8055 0.529
vn 0.2673 -0.2449 0.932
vn 0.2673 -0.2301 0.9357
vn 0.2684 -0.9035 0.3342
vn 0.2689 -0.8441 -0.464
vn 0.2689 -0.1903 -0.9442
vn 0.2691 -0.2265 0.9361
vn 0.2699 0.9603 0.0708
vn 0.2701 -0.1248 0.9547
vn 0.271 -0.1795 0.9457
vn 0.2711 -0.5836 0.7654
vn 0.2714 -0.8577 -0.4367
vn 0.2714 0.5643 0.7797
vn 0.2717 -0.0563 -0.9607
vn 0.2723 0.0118 -0.9621
vn 0.2723 -0.2088 0.9393
vn 0.2723 0.7164 -0.6424
vn 0.2725 -0.222 -0.9362
vn 0.273 -0.0643 0.9599
vn 0.2739 -0.2135 -0.9378
vn 0.2739 -0.1694 0.9467
vn 0.2741 0.4485 0.8507
vn 0.2743 -0.9142 0.2984
vn 0.2744 0.1059 -0.9558
vn 0.2747 -0.1887 0.9428
vn 0.2752 0.1401 -0.9511
vn 0.2759 -0.236 0.9318
vn 0.2761 -0.806 0.5235
vn 0.2761 -0.806 -0.5235
vn 0.2763 0.0152 -0.9609
vn 0.2764 -0.9546 -0.1109
vn 0.2765 0.961 0.0074
vn 0.2771 -0.712 -0.6452
vn 0.2774 0.881 0.3832
vn 0.2775 0.0172 -0.9606
vn 0.2776 0.0516 0.9593
vn 0.2776 -0.4139 -0.867
vn 0.2777 -0.8271 -0.4887
vn 0.2778 -0.845 0.4569
vn 0.278 -0.5984 0.7514
vn 0.2781 0.0925 0.9561
vn 0.2782 -0.9447 0.1738
vn 0.279 0.1984 -0.9396
vn 0.279 -0.3829 0.8806
vn 0.2796 -0.2947 -0.9138
vn 0.2797 -0.0211 -0.9599
vn 0.2798 0.7425 -0.6085
vn 0.2799 -0.2359 0.9306
vn 0.2813 -0.4307 0.8575
vn 0.2814 -0.9388 0.1987
vn 0.2818 -0.1383 0.9495
vn 0.283 -0.9073 -0.311
vn 0.283 -0.2898 -0.9143
vn 0.2831 0.404 0.8698
vn 0.2843 0.0038 0.9587
vn 0.2848 -0.0499 0.9573
vn 0.2849 0.0011 -0.9586
vn 0.2849 0.0478 -0.9574
vn 0.285 -0.2586 -0.923
vn 0.2853 0.381 0.8795
vn 0.2853 -0.6487 -0.7055
vn 0.2861 -0.7956 -0.5341
vn 0.2862 -0.7305 0.62
vn 0.2862 -0.5311 -0.7975
vn 0.2869 0.5701 -0.7699
vn 0.2869 0.0854 0.9541
vn 0.287 0.9562 0.0578
vn 0.2871 -0.1436 0.9471
vn 0.2873 -0.8101 -0.5111
vn 0.2881 -0.0237 0.9573
vn 0.2885 -0.9092 0.3003
vn 0.2885 -0.9092 -0.3003
vn 0.2894 0.0433 0.9562
vn 0.2894 0.2863 0.9134
vn 0.2894 -0.8027 -0.5215
vn 0.2897 -0.5854 -0.7572
vn 0.2898 -0.627 0.7231
vn 0.2899 -0.5889 -0.7545
vn 0.2906 0.1347 0.9473
vn 0.2906 -0.2453 -0.9249
vn 0.291 -0.2203 0.931
vn 0.2911 -0.0532 -0.9552
vn 0.2913 -0.204 -0.9346
vn 0.2917 0.3856 -0.8753
vn 0.2918 -0.8384 -0.4604
vn 0.2919 0.8347 0.4669
vn 0.2923 0.7868 0.5436
vn 0.2926 -0.7519 -0.5908
vn 0.2928 0.7555 0.5861
vn 0.293 -0.4191 -0.8594
vn 0.2933 -0.017 0.9559
vn 0.2938 -0.7031 0.6476
vn 0.294 0.1567 -0.9429
vn 0.2943 0.0903 -0.9514
vn 0.2944 -0.0544 -0.9541
vn 0.2944 -0.702 0.6485
vn 0.2945 -0.9486 0.116
vn 0.2948 0.079 -0.9523
vn 0.2951 -0.7718 -0.5633
vn 0.2957 0.2818 0.9128
vn 0.2973 -0.3474 -0.8893
vn 0.2977 -0.043 0.9537
vn 0.2981 -0.2077 0.9317
vn 0.2982 -0.8001 0.5205
vn 0.2982 0.725 -0.6208
vn 0.2984 -0.1253 0.9462
vn 0.2985 -0.8946 0.3326
vn 0.2985 0.0422 -0.9535
vn 0.2988 -0.7307 0.6138
vn 0.2988 -0.7307 -0.6138
vn 0.2994 -0.1503 0.9422
vn 0.2999 -0.9539 -0.0083
vn 0.3 0.3329 0.894
vn 0.3005 0.0191 -0.9536
vn 0.3005 0.0191 0.9536
vn 0.3015 0.5143 0.8029
vn 0.3016 -0.8454 -0.4407
vn 0.3016 0.7774 -0.552
vn 0.3016 -0.6879 -0.6602
vn 0.3017 -0.7737 -0.5571
vn 0.3017 -0.7318 0.6111
vn 0.3017 -0.5495 0.7791
vn 0.3018 -0.3843 0.8725
vn 0.3018 -0.3843 -0.8725
vn 0.3024 -0.0462 -0.952
vn 0.3027 0.4709 0.8286
vn 0.3028 0.1899 -0.9339
vn 0.3031 -0.543 -0.7831
vn 0.3032 0.5491 -0.7788
vn 0.3039 0.4484 0.8406
vn 0.3041 -0.7433 0.5958
vn 0.3045 -0.576 0.7586
vn 0.3049 -0.4743 0.8258
vn 0.3049 -0.7637 -0.569
vn 0.3056 0.9145 -0.2651
vn 0.3061 -0.0515 -0.9506
vn 0.3064 0.5066 0.8059
vn 0.3071 -0.3362 0.8903
vn 0.3071 -0.3323 0.8918
vn 0.3074 0.6101 0.7303
vn 0.3079 -0.94 0.1473
vn 0.3079 -0.94 -0.1473
vn 0.3079 -0.8772 -0.3684
vn 0.308 -0.8959 0.32
vn 0.3084 0.4924 -0.8139
vn 0.3085 -0.5904 -0.7459
vn 0.3086 0.5663 0.7642
vn 0.3097 0.0012 0.9508
vn 0.3105 -0.3322 -0.8906
vn 0.311 -0.5893 -0.7457
vn 0.3115 -0.9462 -0.0879
vn 0.3116 0.8624 -0.3989
vn 0.3118 0.5746 -0.7567
vn 0.3121 0.9492 -0.0411
vn 0.3122 -0.8609 0.4017
vn 0.3126 -0.701 0.641
vn 0.3126 -0.701 -0.641
vn 0.3132 -0.9491 -0.0327
vn 0.3133 -0.177 -0.933
vn 0.3133 -0.177 0.933
vn 0.3136 -0.3785 0.8709
vn 0.3136 -0.3785 -0.8709
vn 0.3138 0.5662 0.7622
vn 0.3138 0.2441 0.9176
vn 0.3149 0.949 0.0126
vn 0.3153 -0.2237 -0.9222
vn 0.3155 -0.3109 -0.8965
vn 0.316 0.5592 0.7665
vn 0.3163 0.7116 -0.6274
vn 0.3164 0.6897 -0.6513
vn 0.3166 0.1909 0.9291
vn 0.3171 0.5189 0.7939
vn 0.319 0.0004 0.9478
vn 0.319 -0.1525 0.9354
vn 0.3206 0.5149 0.7951
vn 0.3211 -0.7943 0.5157
vn 0.3216 -0.2765 0.9056
vn 0.3217 0.0219 -0.9466
vn 0.3219 0.9273 -0.1911
vn 0.322 0.4595 0.8278
vn 0.3224 -0.0071 -0.9466
vn 0.3232 -0.9429 0.0807
vn 0.3244 -0.6927 -0.6441
vn 0.3245 0.4513 0.8313
vn 0.3247 -0.6969 -0.6395
vn 0.3247 0.2843 -0.9021
vn 0.3249 0.2849 -0.9018
vn 0.3256 -0.1845 0.9273
vn 0.3259 -0.504 -0.7998
vn 0.326 0.1129 -0.9386
vn 0.3261 0.4754 -0.8171
vn 0.3262 0.3064 0.8943
vn 0.3262 0.8782 -0.3499
vn 0.3269 0.0186 0.9449
vn 0.3281 -0.5575 0.7626
vn 0.3282 -0.6336 0.7006
vn 0.3282 -0.7458 -0.5796
vn 0.3284 0.0556 0.9429
vn 0.3284 0.475 0.8164
vn 0.3288 0.5131 0.7928
vn 0.329 -0.1209 -0.9365
vn 0.3291 0.1136 -0.9374
vn 0.3301 -0.2308 -0.9153
vn 0.3301 0.2081 0.9207
vn 0.3304 -0.7803 -0.5311
vn 0.3308 0.0742 -0.9408
vn 0.331 0.8228 0.4619
vn 0.3311 0.3285 -0.8846
vn 0.3322 -0.0228 0.9429
vn 0.3324 -0.1252 0.9348
vn 0.3327 -0.5846 0.74
vn 0.3327 0.2766 0.9016
vn 0.3335 -0.4994 -0.7996
vn 0.3335 -0.935 -0.1208
vn 0.3337 0.7508 -0.5701
vn 0.3339 0.9425 0.0149
vn 0.3341 -0.281 -0.8997
vn 0.3345 0.7366 0.5878
vn 0.3347 -0.1017 0.9368
vn 0.3348 0.034 -0.9417
vn 0.3355 -0.0418 -0.9411
vn 0.3355 -0.735 0.5892
vn 0.3358 -0.5535 0.7622
vn 0.3383 -0.0364 0.9403
vn 0.3383 -0.1201 -0.9333
vn 0.3385 -0.1032 -0.9353
vn 0.3392 -0.9402 -0.0307
vn 0.3396 -0.5149 0.7871
vn 0.3397 -0.896 -0.2859
vn 0.3399 0.2044 0.918
vn 0.3402 0.8065 -0.4836
vn 0.3407 0.1932 -0.9201
vn 0.3408 0.1543 -0.9274
vn 0.3408 0.184 0.922
vn 0.3415 -0.3297 -0.8802
vn 0.3417 0.5614 -0.7537
vn 0.3425 -0.0621 -0.9375
vn 0.3425 -0.0753 -0.9365
vn 0.3431 0.0092 -0.9393
vn 0.3431 -0.2617 -0.9021
vn 0.3437 -0.3587 0.8679
vn 0.3439 0.4205 -0.8396
vn 0.3441 -0.3642 0.8654
vn 0.3444 -0.5358 -0.7709
vn 0.3446 -0.0372 0.938
vn 0.3449 -0.2434 0.9065
vn 0.3452 -0.0884 -0.9344
vn 0.3453 -0.8312 -0.4356
vn 0.3457 -0.2884 0.8929
vn 0.3464 0.2003 -0.9165
vn 0.3467 -0.5603 0.7522
vn 0.3471 -0.0918 0.9333
vn 0.3471 0.029 0.9374
vn 0.3472 0.095 0.933
vn 0.3475 -0.5006 -0.7929
vn 0.3486 0.4033 0.8461
vn 0.3487 -0.9091 0.228
vn 0.3495 0.1161 0.9297
vn 0.3496 -0.9362 -0.0364
vn 0.3496 -0.3284 -0.8775
vn 0.3502 0.64 0.6839
vn 0.3503 -0.4221 0.8361
vn 0.3509 0.4641 -0.8133
vn 0.3511 0.002 0.9363
vn 0.3516 -0.8548 0.3817
vn 0.3517 0.1419 -0.9253
vn 0.3523 -0.4231 -0.8348
vn 0.3527 0.1115 0.9291
vn 0.3533 -0.0709 0.9328
vn 0.3539 0.1127 -0.9284
vn 0.3545 -0.7829 0.5113
vn 0.3545 -0.9239 -0.1438
vn 0.3551 0.1054 -0.9289
vn 0.3552 0.0133 0.9347
vn 0.3558 0.4007 -0.8443
vn 0.356 0.2064 0.9114
vn 0.3562 -0.7874 0.5031
vn 0.3563 -0.8821 0.3081
vn 0.3566 -0.3797 -0.8536
vn 0.3569 -0.4157 -0.8366
vn 0.3578 -0.0762 0.9307
vn 0.3589 0.6182 -0.6993
vn 0.3596 -0.0756 -0.93
vn 0.3596 0.5567 -0.7488
vn 0.3597 0.9143 -0.186
vn 0.3598 0.1384 -0.9227
vn 0.3603 -0.5159 0.7772
vn 0.3603 -0.5159 -0.7772
vn 0.3613 0.4287 0.828
vn 0.3614 -0.5173 -0.7757
vn 0.3615 -0.9204 -0.1486
vn 0.362 0.9235 0.1273
vn 0.3628 -0.3751 0.853
vn 0.3628 -0.0963 0.9269
vn 0.3629 0.6271 -0.6893
vn 0.3631 0.7843 0.5031
vn 0.3638 -0.1872 0.9125
vn 0.364 0.284 -0.887
vn 0.3646 0.0601 -0.9292
vn 0.365 0.433 0.8242
vn 0.3653 -0.917 0.1604
vn 0.3655 -0.1462 0.9193
vn 0.367 -0.823 -0.4335
vn 0.3671 -0.8109 -0.4558
vn 0.3672 -0.5732 0.7326
vn 0.3681 0.6981 0.6141
vn 0.3694 -0.1274 -0.9205
vn 0.3698 -0.5202 -0.7698
vn 0.3702 0.4802 -0.7952
vn 0.3702 0.0756 -0.9259
vn 0.3708 -0.3821 -0.8465
vn 0.3709 0.1908 -0.9089
vn 0.3709 -0.8913 0.2609
vn 0.3711 -0.9281 -0.0291
vn 0.3712 -0.7879 -0.4914
vn 0.3717 0.1373 0.9182
vn 0.3717 -0.6396 0.6729
vn 0.3718 0.9179 0.1388
vn 0.3718 0.9179 -0.1388
vn 0.3719 -0.0805 0.9248
vn 0.3732 -0.2879 0.8819
vn 0.3734 -0.4815 0.7929
vn 0.3742 -0.7806 0.5006
vn 0.3742 -0.7806 -0.5006
vn 0.3743 -0.5458 0.7497
vn 0.3754 0.7715 -0.5137
vn 0.3754 -0.8004 0.4675
vn 0.3756 0.258 0.8901
vn 0.3757 -0.0583 0.9249
vn 0.3767 0.3197 -0.8694
vn 0.3767 0.1385 0.9159
vn 0.377 -0.8135 0.4429
vn 0.3776 -0.3936 -0.8382
vn 0.3777 0.0855 0.922
vn 0.3778 -0.4737 -0.7955
vn 0.3779 0.9135 0.1507
vn 0.3785 -0.0011 0.9256
vn 0.3786 -0.2438 -0.8929
vn 0.3787 -0.7859 0.4888
vn 0.3787 0.8036 -0.4592
vn 0.3789 -0.3974 0.8358
vn 0.379 0.2931 0.8778
vn 0.3791 0.6664 0.642
vn 0.3794 0.8866 0.2645
vn 0.3794 -0.6851 -0.6218
vn 0.3805 -0.0222 -0.9245
vn 0.3806 0.1188 -0.9171
vn 0.3816 0.2892 0.8779
vn 0.3823 -0.1985 0.9025
vn 0.3823 -0.229 -0.8952
vn 0.3829 0.4704 0.795
vn 0.3832 0.6659 0.6402
vn 0.3839 -0.2407 0.8914
vn 0.384 0.9233 0.0073
vn 0.3846 -0.337 0.8594
vn 0.3847 -0.457 0.802
vn 0.3866 -0.4803 -0.7873
vn 0.387 -0.3767 -0.8416
vn 0.3876 -0.1008 0.9163
vn 0.3877 0.6355 0.6677
vn 0.3878 -0.1578 0.9081
vn 0.3878 -0.1578 -0.9081
vn 0.3879 0.416 -0.8225
vn 0.3883 0.3831 0.8381
vn 0.3883 -0.1224 0.9134
vn 0.3883 -0.5403 -0.7465
vn 0.3887 -0.8904 -0.2368
vn 0.3891 -0.9212 0.0087
vn 0.3892 0.6138 0.6868
vn 0.3898 -0.1751 -0.9041
vn 0.3898 -0.7035 0.5942
vn 0.3903 0.2442 -0.8877
vn 0.3904 -0.4938 -0.777
vn 0.3906 -0.1088 0.9141
vn 0.3909 0.8904 -0.2331
vn 0.3913 0.4432 -0.8065
vn 0.3918 0.4936 0.7764
vn 0.3929 -0.1216 -0.9115
vn 0.3932 -0.1831 0.901
vn 0.3933 0.3776 -0.8383
vn 0.3934 0.4442 0.805
vn 0.3935 -0.9061 0.1555
vn 0.3939 -0.8832 0.2547
vn 0.394 0.2996 0.8689
vn 0.395 -0.7922 -0.4651
vn 0.3953 -0.5214 -0.7563
vn 0.3954 -0.808 0.4368
vn 0.3956 -0.9073 -0.1427
vn 0.3965 0.4025 0.8251
vn 0.3968 0.0697 -0.9153
vn 0.3972 -0.5358 0.7451
vn 0.3977 -0.1936 -0.8969
vn 0.3984 0.0966 -0.9121
vn 0.3986 -0.2626 -0.8787
vn 0.399 -0.4143 -0.8181
vn 0.402 0.6879 0.6043
vn 0.4023 -0.7636 -0.5051
vn 0.4024 -0.312 0.8607
vn 0.4026 -0.7314 -0.5504
vn 0.4029 -0.4265 0.8098
vn 0.403 0.2269 -0.8866
vn 0.4032 -0.4454 0.7994
vn 0.4032 -0.4454 -0.7994
vn 0.4033 -0.904 0.1417
vn 0.4037 0.3443 -0.8476
vn 0.404 -0.9007 -0.1596
vn 0.4053 -0.2483 0.8798
vn 0.4054 0.1083 -0.9077
vn 0.4056 -0.9139 -0.0131
vn 0.4058 0.911 -0.0737
vn 0.4063 -0.3531 -0.8428
vn 0.4066 0.3204 -0.8556
vn 0.4069 0.0894 0.9091
vn 0.407 0.142 0.9023
vn 0.4072 -0.9067 0.1098
vn 0.4073 -0.7919 -0.4549
vn 0.4088 -0.8687 0.2798
vn 0.409 -0.1553 -0.8992
vn 0.4093 0.8845 -0.2241
vn 0.4095 -0.3813 0.8288
vn 0.4096 -0.0954 0.9072
vn 0.4104 -0.0618 -0.9098
vn 0.4104 0.5642 0.7164
vn 0.4107 0.007 -0.9117
vn 0.411 0.3131 -0.8562
vn 0.4115 0.5226 0.7467
vn 0.4119 0.4762 0.7768
vn 0.4123 -0.0365 -0.9103
vn 0.4131 0.384 0.8258
vn 0.4133 -0.5707 0.7096
vn 0.4134 -0.7488 -0.518
vn 0.4137 0.7644 0.4945
vn 0.4138 -0.5894 -0.6938
vn 0.4141 -0.4159 0.8096
vn 0.4144 0.4928 -0.7651
vn 0.4144 -0.8456 -0.3366
vn 0.4145 -0.0453 -0.9089
vn 0.4153 0.2848 -0.864
vn 0.4153 -0.2237 0.8817
vn 0.4156 -0.3499 0.8396
vn 0.4157 -0.31 -0.855
vn 0.4158 -0.6759 0.6085
vn 0.4161 -0.2878 0.8626
vn 0.4164 -0.446 -0.7923
vn 0.4164 -0.07 0.9065
vn 0.4166 -0.447 -0.7916
vn 0.4168 0.1312 -0.8995
vn 0.4188 0.7859 -0.4549
vn 0.4189 -0.2413 0.8754
vn 0.4189 0.4313 -0.7991
vn 0.4193 -0.413 -0.8085
vn 0.4198 0.0822 0.9039
vn 0.4198 0.4697 -0.7766
vn 0.42 -0.8947 -0.1518
vn 0.4203 0.2945 0.8582
vn 0.4205 0.9073 -0.0002
vn 0.421 -0.463 0.78
vn 0.422 -0.3768 -0.8246
vn 0.4222 0.7688 0.4802
vn 0.4231 -0.3537 -0.8342
vn 0.4236 -0.4929 0.76
vn 0.4245 0.48 0.7677
vn 0.4246 -0.5022 0.7533
vn 0.4247 -0.8872 -0.1802
vn 0.425 -0.1941 0.8841
vn 0.4251 -0.238 -0.8733
vn 0.4251 -0.8391 0.3395
vn 0.4259 -0.8867 -0.1798
vn 0.426 0.4617 0.778
vn 0.4261 -0.3248 0.8443
vn 0.4269 0.2145 -0.8785
vn 0.4275 -0.3424 -0.8366
vn 0.4275 0.8841 0.1887
vn 0.4279 -0.7718 -0.4704
vn 0.4282 -0.9009 -0.0702
vn 0.4287 -0.0275 0.903
vn 0.429 0.324 0.8432
vn 0.4292 0.1552 -0.8898
vn 0.4294 -0.2411 -0.8703
vn 0.4296 -0.3336 0.8392
vn 0.4296 -0.1813 -0.8846
vn 0.4301 -0.8158 -0.3867
vn 0.4302 -0.6114 0.6642
vn 0.4302 0.2674 0.8622
vn 0.4304 -0.2488 -0.8677
vn 0.4304 0.0167 0.9025
vn 0.4304 -0.2629 -0.8635
vn 0.4306 -0.1199 0.8945
vn 0.4307 -0.685 -0.5875
vn 0.4308 -0.7207 -0.5432
vn 0.431 -0.1098 0.8957
vn 0.4313 -0.254 0.8657
vn 0.4316 0.1048 0.896
vn 0.4317 0.1562 0.8884
vn 0.4319 -0.0348 -0.9012
vn 0.4335 0.5129 -0.741
vn 0.4335 0.712 0.5524
vn 0.4342 -0.0318 0.9003
vn 0.4344 0.4829 -0.7604
vn 0.4344 0.8799 -0.1928
vn 0.4346 0.899 0.0546
vn 0.4349 0.631 -0.6425
vn 0.436 -0.5783 -0.6896
vn 0.436 -0.8805 0.1859
vn 0.4362 -0.0583 0.898
vn 0.4363 0.0739 -0.8967
vn 0.4365 0.0649 0.8974
vn 0.4365 0.0611 0.8976
vn 0.4367 -0.8814 0.1803
vn 0.4367 0.0166 0.8994
vn 0.4368 0.2209 -0.872
vn 0.4377 0.3447 0.8304
vn 0.4382 0.0868 0.8947
vn 0.4383 -0.4901 -0.7535
vn 0.4385 -0.2084 -0.8742
vn 0.4398 0.0065 0.8981
vn 0.4404 -0.5969 0.6706
vn 0.4404 -0.1068 -0.8914
vn 0.4404 -0.1068 0.8914
vn 0.4417 0.0942 -0.8922
vn 0.4417 -0.4564 0.7724
vn 0.4419 0.1787 0.8791
vn 0.4419 0.6756 -0.5901
vn 0.4421 0.6016 -0.6653
vn 0.4426 0.1311 0.8871
vn 0.4431 0.4761 0.7596
vn 0.4432 0.2233 0.8682
vn 0.4433 -0.2356 -0.8648
vn 0.4436 0.1448 0.8844
vn 0.4438 0.05 -0.8947
vn 0.4439 -0.0945 0.8911
vn 0.4442 -0.4246 -0.7889
vn 0.4443 -0.1916 -0.8751
vn 0.4447 0.8612 0.2461
vn 0.4448 -0.6604 0.605
vn 0.4448 0.6483 -0.6179
vn 0.4452 -0.8054 -0.3912
vn 0.4455 0.5322 0.7199
vn 0.4461 0.1619 -0.8802
vn 0.4461 -0.6399 -0.6258
vn 0.4463 0.2002 0.8722
vn 0.447 -0.0341 0.8939
vn 0.4471 0.2377 -0.8623
vn 0.4479 0.1404 -0.883
vn 0.4483 0.0707 0.8911
vn 0.4484 -0.301 0.8416
vn 0.4485 -0.0551 -0.8921
vn 0.4486 -0.035 0.8931
vn 0.4491 -0.4932 -0.745
vn 0.4497 -0.8766 0.1713
vn 0.4498 -0.1318 -0.8834
vn 0.4501 -0.6696 0.5908
vn 0.4502 0.0056 0.8929
vn 0.4502 0.0056 -0.8929
vn 0.4508 0.2854 -0.8458
vn 0.4517 -0.3961 0.7995
vn 0.4518 -0.6686 -0.5907
vn 0.4523 -0.1774 0.874
vn 0.4525 0.1326 -0.8818
vn 0.4527 0.8374 0.3062
vn 0.4527 -0.3337 -0.8269
vn 0.4531 0.8548 -0.253
vn 0.4538 0.7046 -0.5456
vn 0.4542 0.2394 0.8581
vn 0.4545 -0.2659 -0.8501
vn 0.4547 -0.2922 -0.8413
vn 0.4562 -0.193 -0.8687
vn 0.4567 0.1044 -0.8835
vn 0.4572 -0.1543 -0.8759
vn 0.4576 -0.3054 0.835
vn 0.4577 0.1082 0.8825
vn 0.4578 -0.3081 -0.834
vn 0.4583 0.2844 0.8421
vn 0.4588 -0.8775 0.1397
vn 0.4588 -0.8775 -0.1397
vn 0.4591 -0.1918 -0.8674
vn 0.4592 0.1079 0.8817
vn 0.4592 0.1079 -0.8817
vn 0.4595 0.1533 -0.8749
vn 0.4599 -0.4112 -0.7871
vn 0.46 -0.8285 0.3193
vn 0.4602 0.5811 0.6713
vn 0.4609 -0.3735 0.805
vn 0.4612 0.5777 0.6735
vn 0.4612 -0.2588 0.8487
vn 0.4613 -0.3474 0.8164
vn 0.4614 -0.8646 0.199
vn 0.4615 0.0368 -0.8864
vn 0.4615 0.1372 0.8764
vn 0.4623 -0.4187 0.7817
vn 0.4629 -0.641 -0.6123
vn 0.4632 -0.4964 0.7341
vn 0.464 0.6958 0.5483
vn 0.4642 -0.3917 -0.7944
vn 0.4644 -0.1727 -0.8686
vn 0.4647 0.0817 0.8817
vn 0.4649 0.1021 -0.8795
vn 0.4654 0.1982 -0.8626
vn 0.4655 0.1683 -0.8689
vn 0.4656 -0.868 0.1727
vn 0.4657 0.1503 0.8721
vn 0.4662 0.8821 -0.0678
vn 0.4665 0.4918 -0.7352
vn 0.4667 -0.8497 0.2453
vn 0.4673 -0.8628 0.1927
vn 0.4676 -0.7244 -0.5066
vn 0.4677 -0.8525 0.2333
vn 0.4677 -0.8525 -0.2333
vn 0.4686 0.2434 0.8492
vn 0.4689 0.6873 -0.5547
vn 0.4689 -0.1677 0.8672
vn 0.4694 -0.1771 -0.8651
vn 0.4696 0.6807 -0.5622
vn 0.4697 -0.8252 0.3136
vn 0.4699 0.0861 -0.8785
vn 0.4704 -0.3639 -0.8039
vn 0.4705 -0.2331 0.8511
vn 0.4708 -0.3163 0.8236
vn 0.471 0.663 -0.5819
vn 0.4711 -0.8425 0.2615
vn 0.4715 -0.7191 0.5105
vn 0.4716 0.3425 0.8126
vn 0.4719 0.1971 0.8594
vn 0.4725 -0.3524 0.8078
vn 0.4727 -0.0141 -0.8811
vn 0.4727 -0.0141 0.8811
vn 0.4731 -0.3271 0.8181
vn 0.4731 -0.4122 0.7786
vn 0.4732 0.7728 -0.423
vn 0.4746 -0.7609 0.4424
vn 0.4746 -0.8538 0.214
vn 0.4749 -0.1326 0.87
vn 0.4749 -0.1326 -0.87
vn 0.475 0.8776 -0.0654
vn 0.4751 0.7692 0.4274
vn 0.4752 -0.0274 0.8795
vn 0.4753 -0.6741 0.5653
vn 0.4755 0.5195 0.71
vn 0.4756 -0.7486 0.4619
vn 0.4757 0.3534 0.8055
vn 0.4761 -0.5168 0.7115
vn 0.4761 -0.8561 0.2008
vn 0.4761 -0.8561 -0.2008
vn 0.4762 0.8469 -0.2366
vn 0.4764 0.1595 -0.8647
vn 0.4766 0.7937 0.3781
vn 0.4767 -0.5648 -0.6736
vn 0.4783 -0.246 -0.843
vn 0.4783 -0.6395 -0.6019
vn 0.4786 -0.3156 -0.8193
vn 0.4788 -0.5837 0.6558
vn 0.4789 -0.1372 -0.8671
vn 0.4794 0.0036 0.8776
vn 0.4797 -0.7935 -0.3745
vn 0.4803 0.8468 -0.2286
vn 0.4804 -0.3609 -0.7993
vn 0.4818 0.8761 0.0183
vn 0.482 0.1188 -0.8681
vn 0.4826 -0.8628 -0.1505
vn 0.4826 0.8429 0.2379
vn 0.4827 -0.1279 -0.8664
vn 0.4833 -0.2364 0.8429
vn 0.4833 0.4483 -0.752
vn 0.4834 -0.1571 -0.8612
vn 0.4835 0.0699 -0.8726
vn 0.4835 0.1841 -0.8558
vn 0.4836 -0.6977 0.5285
vn 0.4837 -0.2662 -0.8338
vn 0.4837 -0.7217 -0.4951
vn 0.4838 -0.8214 0.302
vn 0.4841 -0.7154 0.5039
vn 0.4841 -0.7154 -0.5039
vn 0.4846 0.6875 -0.5409
vn 0.4847 -0.1322 0.8646
vn 0.485 0.3878 0.7838
vn 0.4851 0.8647 -0.1303
vn 0.4854 0.6558 -0.5782
vn 0.4854 -0.2966 0.8224
vn 0.4856 -0.2943 0.8232
vn 0.486 -0.273 0.8302
vn 0.4863 -0.3851 0.7844
vn 0.4863 -0.7379 0.468
vn 0.4871 -0.3791 -0.7868
vn 0.4872 -0.2549 -0.8352
vn 0.4876 0.0821 -0.8692
vn 0.4878 0.4147 -0.7682
vn 0.4879 -0.2544 0.835
vn 0.4882 -0.7847 0.3819
vn 0.4884 -0.584 -0.6484
vn 0.4886 0.1706 -0.8557
vn 0.489 -0.859 0.1516
vn 0.4895 -0.7234 -0.4869
vn 0.4896 -0.1567 0.8578
vn 0.4906 0.1059 0.8649
vn 0.4911 -0.454 0.7435
vn 0.4916 0.8704 -0.025
vn 0.4925 0.4801 -0.7259
vn 0.4935 0.2791 0.8238
vn 0.4938 -0.7893 -0.3651
vn 0.494 -0.2384 0.8361
vn 0.4944 0.8692 -0.0017
vn 0.4947 0.7545 -0.4314
vn 0.4949 -0.4198 -0.7608
vn 0.495 -0.1419 -0.8572
vn 0.4954 0.1753 0.8508
vn 0.4954 0.1263 0.8594
vn 0.4955 0.2215 0.8399
vn 0.4959 0.5995 0.6282
vn 0.4963 -0.1083 0.8614
vn 0.4965 -0.28 -0.8217
vn 0.4972 -0.1495 0.8546
vn 0.4978 -0.1871 0.8468
vn 0.498 0.2 0.8438
vn 0.4981 -0.6297 0.5961
vn 0.4983 0.0968 0.8616
vn 0.4984 -0.5716 -0.6518
vn 0.4988 -0.1924 0.8451
vn 0.4989 0.3754 0.7811
vn 0.4995 -0.4202 0.7576
vn 0.4998 -0.6785 0.5383
vn 0.4999 0.0554 0.8643
vn 0.5 0.6736 -0.5443
vn 0.5002 -0.187 -0.8454
vn 0.5011 -0.2865 -0.8166
vn 0.5011 0.7259 0.471
vn 0.5016 -0.7432 -0.4428
vn 0.5017 0.5666 0.6537
vn 0.5026 0.6426 0.5784
vn 0.5028 -0.8305 0.2397
vn 0.5036 0.7765 0.3788
vn 0.5037 -0.619 0.6026
vn 0.5039 -0.4326 -0.7476
vn 0.504 0.8579 0.1001
vn 0.5051 0.7666 0.3965
vn 0.5052 0.3809 0.7744
vn 0.5053 -0.2011 0.8392
vn 0.5057 0.1954 0.8403
vn 0.5059 -0.8463 -0.1668
vn 0.5062 -0.1135 -0.8549
vn 0.5062 0.3017 -0.8079
vn 0.5065 -0.2722 -0.8181
vn 0.5079 -0.8592 0.0618
vn 0.5082 0.8509 -0.1334
vn 0.5082 0.5339 0.6758
vn 0.5084 0.8554 -0.0989
vn 0.5087 -0.1864 -0.8405
vn 0.5087 0.1409 -0.8493
vn 0.5107 0.4413 0.7379
vn 0.5107 0.8597 -0.0118
vn 0.5112 -0.2049 -0.8347
vn 0.5116 0.2898 -0.8089
vn 0.5117 -0.8339 -0.2066
vn 0.5117 0.1148 -0.8514
vn 0.5121 -0.3391 0.7892
vn 0.5121 -0.3391 -0.7892
vn 0.5125 -0.4211 0.7483
vn 0.5126 0.4073 0.7558
vn 0.5129 -0.379 -0.7703
vn 0.5133 0.673 -0.5325
vn 0.5134 0.0525 0.8565
vn 0.5136 0.1408 0.8464
vn 0.5141 -0.211 0.8313
vn 0.5143 -0.3493 -0.7833
vn 0.5146 -0.3987 -0.7591
vn 0.515 -0.7111 0.4786
vn 0.5152 -0.8487 -0.1195
vn 0.5153 -0.3275 0.792
vn 0.5153 0.852 0.0924
vn 0.5154 -0.2042 0.8322
vn 0.5155 0.2054 -0.8319
vn 0.5155 0.0657 -0.8544
vn 0.5162 -0.155 -0.8423
vn 0.5162 -0.155 0.8423
vn 0.5163 -0.7108 0.4777
vn 0.5171 -0.4745 0.7124
vn 0.5171 0.107 0.8492
vn 0.5174 0.1611 -0.8404
vn 0.518 0.6364 -0.5715
vn 0.5185 0.576 0.6319
vn 0.5186 0.1818 -0.8354
vn 0.5192 0.3815 0.7648
vn 0.5193 -0.1091 0.8476
vn 0.52 0.584 -0.6233
vn 0.5201 -0.4096 -0.7495
vn 0.5203 0.7726 -0.3638
vn 0.5203 -0.8015 0.2946
vn 0.5205 0.798 0.3038
vn 0.5205 0.7091 -0.4757
vn 0.5206 -0.8537 -0.0088
vn 0.5213 0.8534 -0.0034
vn 0.5218 0.8428 0.1318
vn 0.5221 -0.4587 0.719
vn 0.5223 0.1232 0.8438
vn 0.5226 0.6712 -0.5257
vn 0.5233 0.8061 -0.2764
vn 0.5241 -0.0993 -0.8459
vn 0.5242 0.3393 -0.7811
vn 0.5243 -0.3215 -0.7885
vn 0.5247 -0.7643 0.3749
vn 0.5252 0.6072 0.5962
vn 0.5253 0.1445 0.8386
vn 0.5256 -0.0479 -0.8494
vn 0.5259 0.1709 0.8332
vn 0.5261 0.8414 0.1237
vn 0.5261 0.8414 -0.1237
vn 0.5262 -0.3296 -0.7839
vn 0.5264 0.122 0.8414
vn 0.527 -0.1573 0.8352
vn 0.5273 0.4999 0.6871
vn 0.5276 -0.4057 0.7463
vn 0.5279 0.8308 -0.1763
vn 0.5284 -0.1526 -0.8352
vn 0.5289 -0.4681 -0.7079
vn 0.5293 -0.6878 -0.4967
vn 0.5294 0.1593 -0.8333
vn 0.5299 0.1562 -0.8336
vn 0.5299 0.2065 -0.8225
vn 0.53 0.2672 -0.8048
vn 0.5307 -0.7753 -0.3425
vn 0.531 -0.3431 -0.7748
vn 0.5312 -0.4028 -0.7454
vn 0.5319 0.0948 0.8415
vn 0.5322 -0.2975 0.7926
vn 0.5324 -0.1189 -0.8381
vn 0.5328 0.4713 0.7029
vn 0.5329 -0.7103 0.4598
vn 0.5334 -0.3379 -0.7754
vn 0.5337 -0.7615 0.3677
vn 0.5344 -0.2993 -0.7905
vn 0.5344 -0.2993 0.7905
vn 0.5345 -0.8334 0.1405
vn 0.5349 -0.3378 0.7744
vn 0.5349 -0.0634 0.8425
vn 0.5349 -0.5827 0.6118
vn 0.5351 0.4646 0.7056
vn 0.5351 -0.2927 0.7925
vn 0.5353 -0.4495 0.7151
vn 0.5356 -0.8442 -0.0214
vn 0.5356 0.0054 -0.8444
vn 0.536 -0.2538 -0.8052
vn 0.5373 -0.2792 -0.7958
vn 0.5375 -0.2838 0.7941
vn 0.5376 -0.1795 0.8239
vn 0.5376 -0.1795 -0.8239
vn 0.539 0.0713 0.8393
vn 0.5391 0.7128 -0.4486
vn 0.5393 -0.2909 -0.7903
vn 0.5396 0.8416 0.0223
vn 0.5398 -0.8399 0.0562
vn 0.5402 0.3242 -0.7766
vn 0.5405 -0.0845 -0.8371
vn 0.5405 0.0332 -0.8407
vn 0.5407 -0.7759 0.3249
vn 0.5408 -0.0503 -0.8397
vn 0.541 -0.6308 0.5562
vn 0.5414 0.6909 -0.4792
vn 0.5418 -0.8314 0.1238
vn 0.5419 -0.0737 0.8372
vn 0.5421 -0.0189 0.8401
vn 0.5421 -0.0184 -0.8401
vn 0.5428 0.0147 0.8397
vn 0.5428 0.0147 -0.8397
vn 0.5429 -0.7516 0.3746
vn 0.5434 -0.1344 0.8287
vn 0.5437 -0.5406 0.642
vn 0.5437 -0.5406 -0.642
vn 0.544 0.095 -0.8337
vn 0.544 -0.2416 0.8035
vn 0.5446 -0.8122 -0.2093
vn 0.5456 0.829 0.1229
vn 0.5462 -0.1929 -0.8151
vn 0.5463 -0.3504 -0.7608
vn 0.5468 0.2656 -0.794
vn 0.5468 -0.6889 -0.4758
vn 0.547 -0.3382 0.7658
vn 0.5474 -0.2405 -0.8016
vn 0.5476 0.1637 0.8206
vn 0.548 -0.0314 0.8359
vn 0.5481 0.0362 -0.8357
vn 0.5489 -0.2328 -0.8028
vn 0.5495 0.828 0.1118
vn 0.5499 0.0153 -0.8351
vn 0.55 0.0152 0.835
vn 0.5501 0.1188 -0.8266
vn 0.5505 -0.3705 0.7481
vn 0.5506 0.2141 -0.8069
vn 0.5508 -0.2705 -0.7896
vn 0.5512 0.1478 0.8212
vn 0.5513 -0.0444 -0.8331
vn 0.5515 0.2026 -0.8092
vn 0.5519 0.3069 0.7754
vn 0.5521 -0.1563 0.819
vn 0.5534 0.6137 0.5631
vn 0.5535 0.6771 -0.485
vn 0.5538 -0.3149 -0.7708
vn 0.5538 0.2869 -0.7817
vn 0.5541 -0.8324 -0.002
vn 0.5544 -0.8243 -0.1145
vn 0.5548 -0.1457 0.8192
vn 0.5548 -0.4068 -0.7258
vn 0.555 0.8287 -0.072
vn 0.5553 -0.6489 0.5201
vn 0.5564 -0.7523 -0.3529
vn 0.5566 0.0805 -0.8269
vn 0.5569 -0.0016 -0.8306
vn 0.5569 -0.7912 -0.2528
vn 0.5577 -0.8299 0.0172
vn 0.5581 0.5902 0.5833
vn 0.5581 -0.2415 -0.7939
vn 0.5581 -0.4364 -0.7057
vn 0.5583 0.1952 0.8063
vn 0.5583 0.484 0.6738
vn 0.5587 -0.2384 -0.7944
vn 0.5588 0.2626 0.7867
vn 0.559 -0.3067 0.7704
vn 0.5596 -0.7487 -0.3554
vn 0.5597 -0.3728 0.7401
vn 0.5597 -0.828 0.0335
vn 0.5597 -0.828 -0.0335
vn 0.5602 -0.6015 0.5695
vn 0.561 -0.7581 -0.3324
vn 0.5613 0.1021 0.8213
vn 0.5623 0.8242 -0.0674
vn 0.5626 0.3745 -0.7371
vn 0.5631 -0.6984 0.4418
vn 0.5641 0.8046 0.1855
vn 0.5643 0.2831 0.7755
vn 0.5646 0.4951 0.6603
vn 0.5654 0.3245 -0.7583
vn 0.5655 -0.5463 -0.6179
vn 0.5656 -0.2609 0.7823
vn 0.5662 -0.8243 0
vn 0.5666 0.2578 -0.7827
vn 0.5672 0.0167 0.8234
vn 0.5673 -0.1614 -0.8075
vn 0.5674 -0.4463 -0.692
vn 0.5689 -0.674 -0.4713
vn 0.5692 0.1304 -0.8118
vn 0.5693 -0.8219 0.02
vn 0.5694 0.0059 0.822
vn 0.5697 0.0728 -0.8186
vn 0.57 -0.3024 -0.764
vn 0.5703 -0.7929 -0.2146
vn 0.5709 -0.1284 -0.8109
vn 0.572 0.6274 -0.5284
vn 0.5722 0.1034 0.8136
vn 0.5725 -0.0087 0.8199
vn 0.5731 -0.1038 -0.8129
vn 0.5731 0.1467 -0.8062
vn 0.5734 -0.4833 -0.6615
vn 0.574 -0.396 0.7167
vn 0.5742 -0.7894 0.2172
vn 0.5745 0.3592 -0.7355
vn 0.5756 -0.7085 0.4083
vn 0.5756 -0.5056 0.6427
vn 0.5764 0.406 0.7092
vn 0.5765 -0.0804 -0.8131
vn 0.5765 -0.0804 0.8131
vn 0.5767 0.2981 -0.7606
vn 0.577 -0.2133 0.7884
vn 0.577 -0.2133 -0.7884
vn 0.578 -0.6549 -0.4869
vn 0.5783 0.553 -0.5998
vn 0.5791 -0.0648 -0.8127
vn 0.5791 -0.0648 0.8127
vn 0.5795 -0.7908 -0.1971
vn 0.5796 -0.0792 -0.8111
vn 0.5799 0.5698 0.5822
vn 0.58 0.3043 -0.7556
vn 0.5802 0.8144 0.0097
vn 0.5809 -0.8139 -0.0109
vn 0.5812 0.4951 -0.6458
vn 0.5813 0.8079 0.0971
vn 0.5814 -0.5654 -0.585
vn 0.5823 0.1207 0.804
vn 0.5827 -0.1132 0.8048
vn 0.5828 -0.4885 0.6494
vn 0.5836 -0.1329 -0.8011
vn 0.5843 0.3438 0.7351
vn 0.5846 -0.8113 0.0041
vn 0.5848 0.5947 0.5517
vn 0.5848 -0.6412 0.4969
vn 0.5851 -0.612 -0.5321
vn 0.5851 -0.2016 -0.7855
vn 0.5857 0.4719 -0.659
vn 0.5862 -0.0817 0.806
vn 0.5863 0.1105 -0.8026
vn 0.5872 -0.3806 -0.7143
vn 0.5873 -0.3806 0.7143
vn 0.5874 -0.6948 -0.4149
vn 0.5874 -0.264 0.765
vn 0.5876 -0.2955 -0.7533
vn 0.589 0.8065 0.0502
vn 0.5892 -0.0586 -0.8059
vn 0.5892 -0.1959 0.7839
vn 0.5893 -0.3166 -0.7433
vn 0.5897 -0.2065 -0.7808
vn 0.5897 -0.2065 0.7808
vn 0.5897 0.6979 -0.4064
vn 0.5898 0.689 0.4211
vn 0.5899 -0.5032 0.6315
vn 0.5904 0.7232 0.3583
vn 0.5908 0.2758 -0.7582
vn 0.5915 0.6288 0.5047
vn 0.5917 0.492 -0.6386
vn 0.5917 -0.1041 0.7994
vn 0.5921 0.6529 -0.4724
vn 0.5923 0.2756 -0.7571
vn 0.5925 -0.7945 0.1331
vn 0.5928 0.4481 0.6692
vn 0.5934 -0.5757 0.5625
vn 0.5938 -0.673 0.441
vn 0.5942 -0.8042 -0.0129
vn 0.5943 -0.5008 0.6293
vn 0.5943 -0.2327 0.7698
vn 0.5943 -0.2327 -0.7698
vn 0.5943 0.6738 -0.439
vn 0.5945 0.2573 0.7618
vn 0.5947 0.0811 -0.7999
vn 0.5947 -0.7758 0.2109
vn 0.5958 0.65 -0.4717
vn 0.5968 -0.1138 -0.7943
vn 0.5978 0.0725 -0.7983
vn 0.5979 -0.2956 0.7451
vn 0.5987 -0.778 0.1907
vn 0.5987 -0.778 -0.1907
vn 0.6001 -0.0099 0.7999
vn 0.6002 -0.2636 0.7552
vn 0.6012 -0.7659 0.228
vn 0.6015 -0.2502 0.7587
vn 0.6022 -0.692 -0.3981
vn 0.6026 -0.6503 0.4626
vn 0.6027 -0.7225 0.3389
vn 0.6031 0.2714 0.7501
vn 0.6035 -0.1209 -0.7882
vn 0.6039 0.7686 -0.2112
vn 0.604 0.7492 -0.2718
vn 0.6042 -0.5539 -0.5728
vn 0.6044 0.2297 -0.7629
vn 0.6044 0.4907 0.6277
vn 0.6044 -0.462 0.649
vn 0.6045 0.6907 0.3969
vn 0.6046 -0.1075 -0.7892
vn 0.6047 -0.5425 0.5831
vn 0.6058 0.6415 0.4706
vn 0.6062 -0.5791 0.5451
vn 0.6067 -0.7702 0.1968
vn 0.6067 0.3775 0.6996
vn 0.6068 -0.4426 -0.6603
vn 0.6073 -0.2993 0.7359
vn 0.6081 0.5685 0.554
vn 0.6087 -0.6712 0.4231
vn 0.6091 0.2652 -0.7474
vn 0.6102 0.7922 0.0102
vn 0.6106 -0.3539 -0.7084
vn 0.6127 0.7894 0.0375
vn 0.6138 -0.0907 0.7842
vn 0.6143 -0.3224 0.7202
vn 0.6154 -0.5411 -0.5731
vn 0.6155 -0.1655 0.7706
vn 0.6171 -0.6128 -0.4935
vn 0.6179 -0.0396 0.7853
vn 0.6182 -0.2471 0.7462
vn 0.6183 -0.2645 -0.7401
vn 0.62 -0.0793 0.7806
vn 0.6203 -0.7842 -0.0155
vn 0.6204 -0.7791 -0.0903
vn 0.6204 -0.0964 -0.7783
vn 0.621 0.1978 -0.7584
vn 0.6211 -0.0267 0.7833
vn 0.6215 -0.7601 0.1896
vn 0.6221 -0.4375 -0.6493
vn 0.6227 -0.2594 -0.7382
vn 0.6228 0.6479 -0.4385
vn 0.6232 0.4354 0.6496
vn 0.6234 0.6464 0.44
vn 0.624 0.7048 0.3374
vn 0.6241 0.1281 -0.7708
vn 0.6243 0.2052 0.7537
vn 0.6251 -0.6652 -0.4083
vn 0.6253 0.7319 0.2709
vn 0.6259 0.755 0.1955
vn 0.6259 0.168 -0.7616
vn 0.626 0.563 -0.5396
vn 0.6288 -0.7775 -0.008
vn 0.629 0.1552 0.7617
vn 0.6293 0.5132 -0.5837
vn 0.6297 -0.7662 0.1284
vn 0.6301 -0.3648 0.6855
vn 0.6304 -0.6272 -0.4573
vn 0.6307 -0.4991 -0.5943
vn 0.6316 0.6596 0.4075
vn 0.632 0.7162 -0.296
vn 0.632 -0.5416 0.5543
vn 0.6321 -0.0305 0.7743
vn 0.6321 -0.0305 -0.7743
vn 0.6321 0.7743 -0.0301
vn 0.6327 0.6522 0.4176
vn 0.633 -0.1539 0.7587
vn 0.6333 0.6914 -0.3477
vn 0.6334 0.6907 -0.349
vn 0.6336 -0.1418 -0.7606
vn 0.6336 -0.2281 0.7393
vn 0.6341 -0.3025 0.7116
vn 0.6359 0.3232 -0.7008
vn 0.6361 -0.5016 0.5863
vn 0.6361 0.7057 0.312
vn 0.6366 -0.3622 -0.6808
vn 0.6366 -0.3605 0.6818
vn 0.6374 -0.3922 0.6633
vn 0.6382 0.671 0.3774
vn 0.6382 -0.1803 0.7485
vn 0.6385 -0.0573 -0.7675
vn 0.6394 -0.7659 -0.067
vn 0.6399 -0.1871 0.7453
vn 0.6402 -0.3817 0.6666
vn 0.6417 0.0784 0.7629
vn 0.642 0.4533 0.6184
vn 0.6423 -0.1377 0.754
vn 0.6424 -0.4108 -0.647
vn 0.6425 -0.0518 -0.7645
vn 0.6432 -0.1252 -0.7554
vn 0.6434 -0.7655 0.0071
vn 0.6437 0.3217 0.6943
vn 0.644 0.6355 -0.4259
vn 0.6443 0.3585 0.6755
vn 0.6451 0.5512 0.5292
vn 0.6459 -0.3005 0.7018
vn 0.6459 -0.3005 -0.7018
vn 0.6463 0.7179 0.2585
vn 0.6469 -0.0657 0.7598
vn 0.6469 -0.0553 0.7606
vn 0.6471 -0.2488 0.7206
vn 0.6474 -0.4312 0.6285
vn 0.648 0.7528 -0.1157
vn 0.6486 -0.4319 -0.6268
vn 0.6487 -0.2454 -0.7204
vn 0.6488 -0.2453 0.7204
vn 0.6492 -0.1782 -0.7394
vn 0.6495 -0.3523 0.6739
vn 0.6501 -0.4226 -0.6315
vn 0.6513 -0.5343 -0.5387
vn 0.652 -0.2097 -0.7286
vn 0.6529 -0.2641 0.71
vn 0.6529 -0.1762 0.7367
vn 0.6542 -0.0487 -0.7548
vn 0.6544 -0.2935 0.6969
vn 0.6546 -0.6184 -0.4349
vn 0.6546 -0.2455 -0.715
vn 0.6547 0.354 -0.6679
vn 0.6547 0.7547 -0.0424
vn 0.6549 0.1869 -0.7322
vn 0.6553 0.3975 -0.6424
vn 0.6564 -0.164 -0.7364
vn 0.6566 -0.3989 -0.6402
vn 0.6567 0.5143 -0.5516
vn 0.6569 -0.0424 -0.7528
vn 0.6581 -0.2569 0.7078
vn 0.6591 -0.3481 0.6666
vn 0.6598 -0.5047 0.5566
vn 0.6602 0.7511 0.0034
vn 0.6603 0.3382 0.6705
vn 0.6604 -0.12 -0.7413
vn 0.6604 0.0376 -0.75
vn 0.6612 -0.7435 0.1003
vn 0.6614 -0.2032 -0.722
vn 0.6614 -0.0322 0.7493
vn 0.6623 0.462 0.5899
vn 0.6627 0.6465 -0.378
vn 0.6628 -0.1906 0.7242
vn 0.6657 -0.2234 0.7119
vn 0.6658 0.6623 0.3436
vn 0.6658 -0.5159 0.5391
vn 0.666 0.1935 0.7204
vn 0.6662 -0.1139 0.737
vn 0.6665 0.1803 0.7234
vn 0.6665 -0.1189 -0.736
vn 0.6667 -0.1103 0.7372
vn 0.6681 0.6877 -0.284
vn 0.6685 0.1812 -0.7213
vn 0.6697 0.3386 0.661
vn 0.6698 0.1098 -0.7344
vn 0.6702 0.6492 0.3598
vn 0.6704 0.3365 0.6613
vn 0.671 0.289 0.6828
vn 0.6716 0.6691 0.3183
vn 0.6716 0.2349 0.7027
vn 0.672 -0.269 -0.69
vn 0.6722 0.3069 -0.6738
vn 0.6723 0.6177 -0.4081
vn 0.6726 -0.7399 0.0125
vn 0.6729 0.6992 0.2415
vn 0.673 -0.6168 0.4082
vn 0.6736 -0.0819 -0.7346
vn 0.674 0.2899 0.6795
vn 0.6745 0.5804 0.4562
vn 0.6746 0.0837 0.7334
vn 0.6753 0.7287 0.114
vn 0.6754 -0.7235 0.1427
vn 0.6755 -0.5643 0.4747
vn 0.6764 0.7361 0.0268
vn 0.6772 -0.7063 -0.2061
vn 0.6775 0.7346 -0.0369
vn 0.678 0.5048 0.5344
vn 0.678 0.5048 -0.5344
vn 0.6781 0.4844 0.5528
vn 0.6786 -0.0179 -0.7343
vn 0.6786 -0.0179 0.7343
vn 0.6798 -0.4578 -0.573
vn 0.6799 0.0085 0.7333
vn 0.6804 -0.2092 0.7023
vn 0.6804 -0.2091 -0.7024
vn 0.6807 0.4391 0.5864
vn 0.6809 0.3515 -0.6425
vn 0.6811 0.6721 0.2904
vn 0.6817 -0.1522 0.7157
vn 0.6819 -0.7123 0.1662
vn 0.6822 0.0392 0.7301
vn 0.6829 -0.6633 -0.3059
vn 0.6831 -0.6261 0.376
vn 0.6831 0.1621 -0.7121
vn 0.6853 0.5264 -0.5033
vn 0.6865 0.4339 -0.5835
vn 0.6865 0.7269 -0.0181
vn 0.687 -0.0138 -0.7265
vn 0.6873 -0.0812 0.7219
vn 0.6878 0.4325 -0.583
vn 0.6879 -0.5651 -0.4555
vn 0.6881 0.5664 -0.4536
vn 0.6882 -0.0586 -0.7231
vn 0.6883 0.0406 -0.7243
vn 0.6885 -0.6358 -0.349
vn 0.6886 0.7009 -0.1859
vn 0.6889 -0.1557 0.708
vn 0.6889 -0.1557 -0.708
vn 0.6889 -0.2876 -0.6654
vn 0.6893 -0.1903 -0.699
vn 0.6894 -0.0702 -0.721
vn 0.6894 0.3383 -0.6405
vn 0.6901 -0.0962 0.7173
vn 0.6904 -0.6336 0.3491
vn 0.6904 -0.4689 -0.5509
vn 0.6904 0.7234 0.0039
vn 0.6912 0.7227 -0.0062
vn 0.6923 0.1548 0.7048
vn 0.6925 0.2678 -0.6698
vn 0.6927 0.4683 0.5485
vn 0.6927 0.6595 0.292
vn 0.6928 0.1163 0.7117
vn 0.6935 0.6202 -0.3666
vn 0.6937 -0.5736 0.4356
vn 0.6942 -0.468 0.5469
vn 0.6945 0.3734 -0.615
vn 0.6947 0.0609 0.7168
vn 0.6947 0.5982 0.3995
vn 0.695 0.3232 0.6423
vn 0.6954 -0.1327 0.7063
vn 0.6955 -0.1836 -0.6947
vn 0.6959 -0.0286 0.7176
vn 0.6962 -0.7051 0.1346
vn 0.6973 0.4145 0.5848
vn 0.698 -0.713 0.0673
vn 0.6988 -0.6432 0.3131
vn 0.6993 -0.4482 0.5569
vn 0.6998 -0.179 -0.6915
vn 0.7005 -0.6668 -0.2544
vn 0.701 0.6332 0.3281
vn 0.7011 0.4169 0.5785
vn 0.7017 -0.4847 -0.5221
vn 0.7018 -0.6568 -0.2757
vn 0.7022 0.7089 0.0664
vn 0.7022 0.4316 -0.5662
vn 0.7027 -0.3007 -0.6448
vn 0.703 -0.2191 -0.6765
vn 0.7032 0.5763 -0.4164
vn 0.7038 0.7097 -0.0301
vn 0.7044 -0.1779 -0.6871
vn 0.7055 -0.5244 0.4767
vn 0.7055 0.3907 0.5913
vn 0.7063 -0.6847 -0.1799
vn 0.7064 -0.1626 -0.6889
vn 0.7067 -0.3738 -0.6007
vn 0.7068 0.6393 0.3029
vn 0.7072 -0.199 -0.6784
vn 0.7078 -0.0144 -0.7063
vn 0.7082 -0.1957 0.6784
vn 0.7084 -0.4675 -0.5288
vn 0.7088 -0.1472 0.6899
vn 0.7091 -0.112 -0.6962
vn 0.7091 -0.0189 0.7048
vn 0.7093 -0.1095 -0.6963
vn 0.7111 -0.3088 0.6316
vn 0.7117 -0.5003 0.4932
vn 0.7122 0.4043 0.5738
vn 0.7128 0.3261 0.621
vn 0.7129 -0.1771 0.6785
vn 0.7133 -0.1731 -0.6792
vn 0.7135 0.4587 0.5296
vn 0.7137 -0.5163 -0.4733
vn 0.7147 -0.3683 0.5947
vn 0.7155 -0.1119 -0.6896
vn 0.7155 0.4725 0.5145
vn 0.7158 0.6979 0.0242
vn 0.7158 -0.1294 0.6862
vn 0.7162 -0.1807 -0.6741
vn 0.7165 0.1463 -0.6821
vn 0.7165 0.1468 0.682
vn 0.7165 -0.1109 -0.6887
vn 0.7175 -0.4993 -0.4857
vn 0.7177 0.2476 0.6509
vn 0.7177 -0.3136 0.6217
vn 0.7177 -0.3136 -0.6217
vn 0.7178 -0.1044 0.6883
vn 0.7185 0.3914 -0.5749
vn 0.7186 -0.3644 0.5923
vn 0.7187 0.6952 0.0106
vn 0.7193 -0.1023 0.6871
vn 0.7193 -0.1023 -0.6871
vn 0.7198 -0.4703 -0.5106
vn 0.7199 -0.3215 0.6151
vn 0.7204 -0.418 -0.5534
vn 0.7206 0.6135 -0.3231
vn 0.7206 0.6697 -0.1795
vn 0.7208 0.5435 -0.4301
vn 0.7215 0.6352 0.2758
vn 0.7215 -0.4188 -0.5514
vn 0.7224 -0.6104 -0.325
vn 0.7224 -0.0896 -0.6856
vn 0.7231 0.5762 0.3809
vn 0.7231 -0.4012 0.5622
vn 0.7239 0.319 -0.6117
vn 0.7243 0.6836 0.0899
vn 0.7244 -0.6003 0.3388
vn 0.7245 0.3554 -0.5906
vn 0.725 -0.2731 0.6322
vn 0.7253 -0.6449 -0.2408
vn 0.7253 -0.6883 -0.0145
vn 0.7257 -0.6545 -0.212
vn 0.7259 -0.1245 0.6765
vn 0.7259 0.6545 0.2113
vn 0.726 -0.276 -0.6299
vn 0.726 -0.1975 0.6587
vn 0.7267 0.2449 -0.6418
vn 0.7267 0.6286 0.2772
vn 0.7278 0.547 0.4136
vn 0.7281 0.6055 0.3214
vn 0.7282 -0.0503 -0.6835
vn 0.7289 0.5283 -0.4355
vn 0.729 0.5537 -0.4024
vn 0.7291 0.2534 -0.6358
vn 0.7291 0.669 0.1444
vn 0.7294 0.663 -0.1684
vn 0.73 -0.1368 -0.6696
vn 0.7307 -0.2024 0.6521
vn 0.7309 -0.0003 -0.6825
vn 0.7312 0.5553 -0.3963
vn 0.7315 -0.652 -0.1995
vn 0.7322 0.4657 -0.497
vn 0.7322 0.3959 0.5541
vn 0.7325 -0.6724 0.1065
vn 0.7342 -0.5664 0.3743
vn 0.7344 -0.101 0.6711
vn 0.7344 -0.101 -0.6711
vn 0.7345 0.053 0.6765
vn 0.7352 0.6263 0.2591
vn 0.7353 -0.5209 0.4336
vn 0.7358 -0.0351 -0.6763
vn 0.7358 -0.6375 0.2284
vn 0.7359 0.6742 0.0631
vn 0.736 0.4652 -0.4918
vn 0.737 -0.406 -0.5404
vn 0.7378 0.5478 0.3945
vn 0.7381 -0.1097 0.6657
vn 0.7381 -0.1097 -0.6657
vn 0.7382 -0.0407 0.6733
vn 0.7388 -0.2515 0.6252
vn 0.7388 -0.2515 -0.6252
vn 0.7389 -0.6657 -0.1042
vn 0.7395 0.6671 0.0896
vn 0.7399 -0.3124 0.5958
vn 0.7399 -0.3124 -0.5958
vn 0.74 -0.6639 -0.1081
vn 0.7428 0.2311 0.6284
vn 0.743 -0.3477 -0.5718
vn 0.7431 -0.1587 0.6501
vn 0.7434 -0.4763 -0.4696
vn 0.7441 -0.0653 0.6649
vn 0.7441 -0.0653 -0.6649
vn 0.7444 0.4901 0.4536
vn 0.7448 0.5258 -0.4109
vn 0.7449 0.1642 0.6467
vn 0.7451 0.5772 0.3342
vn 0.7452 0.3964 -0.5362
vn 0.7452 -0.0921 -0.6604
vn 0.7458 -0.2303 0.6251
vn 0.7473 -0.2183 0.6275
vn 0.7473 -0.2183 -0.6275
vn 0.7475 0.161 -0.6445
vn 0.7475 0.4461 0.4922
vn 0.7478 0.1661 0.6428
vn 0.7478 0.3714 -0.5503
vn 0.7483 0.4651 0.473
vn 0.7492 0.5754 0.3281
vn 0.7492 0.2355 0.619
vn 0.7494 0.0616 0.6592
vn 0.7494 -0.3586 0.5566
vn 0.7494 -0.3585 -0.5566
vn 0.7495 -0.6619 -0.0121
vn 0.7496 -0.3175 0.5808
vn 0.7496 0.0521 -0.6599
vn 0.7496 0.2226 0.6233
vn 0.7497 0.1193 0.651
vn 0.7497 0.0337 -0.6609
vn 0.7497 0.584 -0.3112
vn 0.75 0.4662 -0.4692
vn 0.7504 0.4232 -0.5078
vn 0.7506 0.6547 -0.0894
vn 0.7508 0.1452 0.6444
vn 0.7513 0.2774 -0.5988
vn 0.7517 0.1452 -0.6433
vn 0.7518 0.657 -0.0571
vn 0.7521 -0.0992 0.6516
vn 0.7529 -0.3873 -0.5321
vn 0.7531 0.0304 0.6572
vn 0.7531 -0.2447 0.6107
vn 0.7532 -0.6343 -0.1739
vn 0.7533 -0.6313 0.1844
vn 0.7533 -0.6313 -0.1844
vn 0.7536 -0.4352 0.4927
vn 0.7536 -0.4222 -0.5039
vn 0.7542 0.4901 0.4371
vn 0.7543 0.1739 0.6331
vn 0.7546 -0.2916 -0.5879
vn 0.7561 -0.6544 -0.0012
vn 0.757 0.0465 0.6518
vn 0.757 -0.1109 0.6439
vn 0.7572 -0.4668 0.4569
vn 0.7573 -0.6522 0.0339
vn 0.7575 -0.6521 -0.0317
vn 0.7579 -0.1003 -0.6446
vn 0.7582 0.3871 -0.5246
vn 0.7584 0.3946 0.5188
vn 0.7587 0.3938 0.519
vn 0.7588 0.6513 -0.002
vn 0.7589 0.5693 -0.3162
vn 0.7593 0.5508 -0.3465
vn 0.7595 -0.2474 -0.6016
vn 0.7598 -0.0183 0.6498
vn 0.76 0.24 -0.604
vn 0.7603 0.5256 -0.3815
vn 0.7604 -0.2722 0.5896
vn 0.7605 0.6245 0.1776
vn 0.7606 -0.6159 0.2054
vn 0.7608 -0.0446 0.6475
vn 0.7609 -0.518 0.3907
vn 0.761 -0.0106 -0.6486
vn 0.7613 0.2042 -0.6154
vn 0.7615 -0.6197 0.1902
vn 0.7628 -0.1932 0.6171
vn 0.7637 -0.4758 -0.4363
vn 0.7639 0.5814 -0.28
vn 0.7645 -0.1734 0.6209
vn 0.7645 0.0464 0.6429
vn 0.7648 -0.3105 0.5645
vn 0.7659 0.0824 -0.6377
vn 0.766 0.1663 0.6209
vn 0.7671 0.1209 -0.6301
vn 0.7674 -0.0963 -0.6339
vn 0.7678 -0.6214 -0.1561
vn 0.7681 0.4909 -0.4113
vn 0.7681 -0.5943 -0.2384
vn 0.7683 -0.0832 0.6346
vn 0.7684 -0.3257 0.5509
vn 0.7688 0.4386 -0.4654
vn 0.7688 0.5192 0.3732
vn 0.7691 0.5458 0.3325
vn 0.7694 -0.2748 -0.5767
vn 0.7694 -0.2959 0.5661
vn 0.7695 0.2072 -0.6042
vn 0.7702 0.44 0.4617
vn 0.7702 0.44 -0.4617
vn 0.7704 -0.2819 0.5719
vn 0.7708 0.3809 0.5106
vn 0.7709 0.4019 -0.4942
vn 0.772 0.5121 -0.3765
vn 0.7724 0.016 0.635
vn 0.7725 -0.1397 -0.6194
vn 0.773 0.5571 0.3036
vn 0.7735 0.6273 0.0904
vn 0.7737 -0.6093 0.1735
vn 0.7742 -0.6306 0.0542
vn 0.7745 -0.061 -0.6296
vn 0.7754 0.528 0.3464
vn 0.7755 -0.5811 -0.2466
vn 0.7758 -0.0471 0.6292
vn 0.7758 -0.3888 0.4969
vn 0.7759 -0.0985 -0.6231
vn 0.776 0.4849 0.4034
vn 0.7763 0.2394 -0.5831
vn 0.7763 0.1705 0.6068
vn 0.7767 0.4838 -0.4033
vn 0.7769 -0.2277 -0.587
vn 0.7772 -0.6279 -0.0412
vn 0.7772 -0.2073 0.5941
vn 0.7772 -0.6153 0.1316
vn 0.7775 -0.1221 0.6169
vn 0.7778 0.2335 0.5835
vn 0.7779 -0.1577 -0.6083
vn 0.7779 0.5264 0.3432
vn 0.7781 -0.051 -0.6261
vn 0.7784 -0.6278 0.0008
vn 0.7793 -0.4697 -0.4149
vn 0.7798 -0.6259 -0.0155
vn 0.7799 -0.6042 -0.1636
vn 0.7801 -0.5545 0.2898
vn 0.7806 0.4965 -0.3797
vn 0.7807 0.0863 0.619
vn 0.7807 -0.6237 0.0396
vn 0.7812 0.6183 -0.0863
vn 0.7814 -0.2378 -0.577
vn 0.7825 -0.0802 -0.6175
vn 0.7827 -0.4683 -0.4099
vn 0.7828 -0.622 -0.0202
vn 0.7829 0.5479 -0.2947
vn 0.7832 -0.1138 0.6112
vn 0.7842 0.5402 -0.3052
vn 0.7842 -0.0887 -0.6141
vn 0.7847 0.5114 -0.3504
vn 0.7848 -0.3226 0.5291
vn 0.7849 0.0881 -0.6134
vn 0.7852 0.591 0.1849
vn 0.7856 -0.5461 0.2908
vn 0.786 -0.5457 -0.2904
vn 0.7866 0.5406 -0.2985
vn 0.7872 -0.2703 -0.5542
vn 0.7874 0.1329 -0.6019
vn 0.7878 0.5602 -0.2562
vn 0.7879 0.5939 0.1626
vn 0.7881 0.593 -0.165
vn 0.7881 0.5922 -0.1678
vn 0.7883 0.6154 0.0006
vn 0.7883 0.5848 0.1914
vn 0.7883 0.2051 -0.5801
vn 0.7885 -0.1166 -0.6039
vn 0.7891 0.3712 0.4895
vn 0.7899 0.613 -0.0189
vn 0.7899 -0.0131 0.6131
vn 0.79 -0.5863 0.1792
vn 0.7907 -0.6017 -0.1133
vn 0.7909 0.0058 -0.612
vn 0.791 0.6098 0.0496
vn 0.7911 -0.5092 -0.339
vn 0.7914 0.1488 0.5929
vn 0.7919 -0.4971 -0.3547
vn 0.7923 -0.0117 -0.6101
vn 0.7923 0.5086 -0.337
vn 0.7932 -0.0739 -0.6045
vn 0.7932 -0.6047 0.0722
vn 0.7932 0.3209 0.5175
vn 0.7934 0.1889 0.5786
vn 0.7941 0.547 -0.265
vn 0.7945 0.2208 -0.5657
vn 0.7949 -0.6014 -0.0799
vn 0.7951 -0.2422 -0.556
vn 0.7959 0.2665 0.5436
vn 0.796 -0.1234 -0.5925
vn 0.7961 -0.2282 -0.5605
vn 0.7967 0.6043 -0.0034
vn 0.7977 -0.5221 -0.3018
vn 0.798 0.4619 -0.3872
vn 0.7982 -0.6008 0.0441
vn 0.7992 0.2637 -0.5402
vn 0.7999 0.2191 -0.5587
vn 0.8 -0.2576 -0.5419
vn 0.8001 0.5275 0.2855
vn 0.8007 0.5967 0.0533
vn 0.8009 0.3192 -0.5067
vn 0.8017 0.5914 0.0868
vn 0.8021 -0.1418 -0.5802
vn 0.8025 -0.5964 0.0161
vn 0.8031 0.3622 0.4732
vn 0.8036 -0.061 0.5921
vn 0.8038 -0.289 0.52
vn 0.8039 -0.5422 -0.2443
vn 0.805 0.4813 -0.347
vn 0.8053 0.5564 0.2047
vn 0.8054 -0.576 0.1395
vn 0.8057 -0.5582 -0.198
vn 0.8061 -0.4204 -0.4165
vn 0.8064 0.5458 0.2277
vn 0.8067 0.5415 -0.2368
vn 0.8078 0.5859 -0.0645
vn 0.8084 -0.572 0.1388
vn 0.8086 0.5153 0.2841
vn 0.8087 0.4447 -0.385
vn 0.8091 0.3851 0.4438
vn 0.8095 0.1439 -0.5692
vn 0.8096 -0.5046 0.2998
vn 0.8097 -0.1375 0.5705
vn 0.8098 -0.5335 0.2442
vn 0.81 0.5614 -0.1695
vn 0.8103 0.4859 -0.3277
vn 0.8103 0.3715 0.4533
vn 0.8105 -0.2273 -0.5398
vn 0.8108 -0.5825 -0.0568
vn 0.8115 0.4802 0.3331
vn 0.8115 -0.541 -0.2209
vn 0.8117 -0.155 -0.5632
vn 0.8117 -0.3103 -0.4947
vn 0.8119 0.0631 -0.5804
vn 0.8119 -0.1045 0.5743
vn 0.8124 0.534 0.2343
vn 0.8126 -0.4259 0.3977
vn 0.8127 -0.0138 -0.5825
vn 0.8131 0.5067 -0.2867
vn 0.8132 0.5042 0.2906
vn 0.8135 -0.1434 0.5637
vn 0.8138 -0.2708 0.5142
vn 0.8144 0.5798 0.0259
vn 0.8146 0.3155 -0.4868
vn 0.8151 0.2276 -0.5328
vn 0.8152 0.0336 0.5783
vn 0.8156 0.5653 0.1235
vn 0.8156 0.5653 -0.1235
vn 0.8157 0.2665 0.5134
vn 0.8158 0.563 0.132
vn 0.8166 -0.445 -0.3676
vn 0.8173 -0.5725 -0.0657
vn 0.8174 -0.573 0.0594
vn 0.8175 -0.5614 -0.1286
vn 0.8181 0.401 -0.4121
vn 0.8187 0.045 -0.5725
vn 0.8188 0.1944 -0.5402
vn 0.8188 0.1339 -0.5582
vn 0.8189 -0.5623 0.1153
vn 0.8192 -0.5608 -0.1203
vn 0.8193 -0.1972 0.5383
vn 0.8197 -0.4956 0.2872
vn 0.8198 -0.1573 -0.5507
vn 0.8201 0.5269 -0.2232
vn 0.8201 0.3132 -0.4789
vn 0.8209 -0.3143 -0.4768
vn 0.8214 -0.3031 0.4831
vn 0.8218 -0.1138 0.5583
vn 0.8219 0.3481 0.4509
vn 0.8219 -0.025 0.569
vn 0.8225 0.2843 -0.4926
vn 0.8225 -0.0248 0.5682
vn 0.8227 -0.4467 0.3517
vn 0.8228 -0.5683 0.0034
vn 0.8229 0.5163 -0.2374
vn 0.8231 0.5679 -0.0051
vn 0.8235 0.07 -0.5629
vn 0.8239 -0.1945 0.5322
vn 0.8241 -0.5246 -0.2137
vn 0.8244 0.5452 -0.1522
vn 0.8245 -0.1268 -0.5514
vn 0.8248 -0.1335 0.5494
vn 0.8252 0.4532 0.3373
vn 0.8254 0.5081 -0.246
vn 0.8255 0.4284 0.3674
vn 0.8266 -0.008 -0.5628
vn 0.8268 0.0315 -0.5616
vn 0.8273 -0.561 0.0307
vn 0.8273 0.0299 0.561
vn 0.8278 0.4641 0.3151
vn 0.8279 0.5554 -0.0786
vn 0.8281 0.4543 -0.3285
vn 0.8281 0.545 0.1312
vn 0.829 0.4715 0.3008
vn 0.829 -0.4634 0.3129
vn 0.8294 0.5325 -0.169
vn 0.8297 -0.323 -0.4554
vn 0.8297 -0.5581 0.0123
vn 0.8297 -0.2285 0.5092
vn 0.8298 -0.2416 -0.5031
vn 0.8301 -0.4831 -0.2784
vn 0.8305 -0.1913 0.5231
vn 0.8306 0.3092 0.4632
vn 0.8307 -0.466 0.3046
vn 0.8311 -0.5238 0.1869
vn 0.8312 -0.2915 0.4734
vn 0.8313 0.5431 -0.1184
vn 0.8315 0.5553 -0.016
vn 0.8317 -0.226 0.5071
vn 0.8323 -0.4391 0.3383
vn 0.8324 0.2315 -0.5035
vn 0.8326 0.0021 -0.5539
vn 0.8326 -0.2209 0.508
vn 0.8326 -0.5536 0.0177
vn 0.8328 -0.0778 0.5481
vn 0.833 -0.4566 -0.3126
vn 0.8331 -0.277 0.4787
vn 0.8333 0.5107 0.2115
vn 0.8333 0.4196 0.3599
vn 0.834 -0.2658 -0.4836
vn 0.8351 0.5258 0.1618
vn 0.8353 -0.3038 0.4583
vn 0.8353 0.4322 -0.3398
vn 0.8357 -0.3106 -0.4529
vn 0.8365 -0.1948 -0.5122
vn 0.8365 0.502 0.2197
vn 0.8367 -0.529 -0.1417
vn 0.8368 -0.3142 0.4483
vn 0.8377 -0.4909 -0.2395
vn 0.838 -0.0519 -0.5433
vn 0.8381 0.4838 -0.2521
vn 0.8383 -0.2845 -0.465
vn 0.8385 -0.2234 -0.4969
vn 0.8386 0.526 -0.1417
vn 0.8386 -0.108 -0.5339
vn 0.8392 -0.0943 -0.5356
vn 0.84 0.2949 -0.4554
vn 0.8404 -0.4935 0.2242
vn 0.8404 0.5189 0.1566
vn 0.8411 0.5264 0.1245
vn 0.8418 -0.0846 0.5332
vn 0.8418 -0.1062 0.5292
vn 0.8423 -0.4481 0.2996
vn 0.8425 0.4478 -0.2995
vn 0.8426 -0.4914 -0.2203
vn 0.8427 -0.1619 -0.5135
vn 0.8428 -0.2712 -0.4649
vn 0.8434 0.4193 0.3361
vn 0.8438 0.2787 -0.4586
vn 0.8438 0.5038 -0.1848
vn 0.844 0.4381 -0.3095
vn 0.8442 -0.379 0.3789
vn 0.8447 -0.53 0.0751
vn 0.8453 0.4924 0.2076
vn 0.8458 0.4021 -0.3506
vn 0.8458 -0.1519 -0.5114
vn 0.8459 -0.019 0.5331
vn 0.846 0.3987 -0.354
vn 0.8462 -0.5207 0.1135
vn 0.8464 0.4243 0.3217
vn 0.8465 -0.1441 -0.5125
vn 0.8465 -0.1441 0.5125
vn 0.8466 0.3248 0.4217
vn 0.8473 0.5311 0.0
vn 0.8478 0.3949 0.3541
vn 0.8482 -0.5236 0.0804
vn 0.8483 0.5103 -0.1413
vn 0.8487 -0.4837 -0.2138
vn 0.8489 -0.1237 -0.514
vn 0.8489 -0.1237 0.514
vn 0.8489 0.428 0.3101
vn 0.8493 -0.167 0.5008
vn 0.8496 0.4154 -0.325
vn 0.8506 0.5123 0.1186
vn 0.8506 0.519 0.0841
vn 0.8509 0.3595 0.3831
vn 0.8512 -0.0989 -0.5154
vn 0.8512 -0.0989 0.5154
vn 0.8513 0.4421 0.2826
vn 0.8519 0.5185 -0.0734
vn 0.8522 0.4985 -0.1588
vn 0.8529 -0.0797 -0.516
vn 0.8534 -0.0597 0.5178
vn 0.8543 -0.2496 -0.4559
vn 0.8545 -0.2411 -0.4601
vn 0.8552 -0.4672 -0.2245
vn 0.8552 -0.432 -0.2865
vn 0.8552 0.4128 -0.3134
vn 0.8554 0.3893 -0.3416
vn 0.8556 0.5052 -0.1127
vn 0.8561 -0.2061 0.4739
vn 0.8564 0.4297 -0.2862
vn 0.8565 -0.1659 -0.4888
vn 0.8566 0.4636 -0.2263
vn 0.857 -0.2286 -0.4619
vn 0.8571 0.5137 -0.0398
vn 0.8571 0.3519 -0.3762
vn 0.8571 0.4682 0.2147
vn 0.8584 0.088 -0.5054
vn 0.8585 -0.3545 -0.3704
vn 0.8587 -0.124 -0.4972
vn 0.8588 -0.0901 0.5044
vn 0.8588 0.5008 0.1079
vn 0.8588 0.1453 0.4912
vn 0.8592 0.3365 0.3855
vn 0.8593 0.4142 -0.3
vn 0.8593 0.448 0.2467
vn 0.8601 0.4763 -0.1823
vn 0.8604 0.2489 0.4448
vn 0.8604 -0.5085 -0.035
vn 0.8604 0.0461 -0.5075
vn 0.8604 -0.1261 0.4937
vn 0.8608 -0.4952 -0.1177
vn 0.8613 0.4876 0.143
vn 0.8614 0.4707 -0.1909
vn 0.8615 -0.0964 -0.4986
vn 0.8618 0.4898 -0.1316
vn 0.8622 -0.5063 0.0154
vn 0.863 -0.4938 0.1065
vn 0.8631 -0.2695 0.4272
vn 0.8635 0.5041 -0.0169
vn 0.8644 0.3203 0.3876
vn 0.8646 0.269 -0.4245
vn 0.865 -0.0802 -0.4953
vn 0.865 0.2774 0.418
vn 0.8651 -0.1788 0.4687
vn 0.8652 0.2534 -0.4326
vn 0.8652 0.2527 -0.433
vn 0.866 0.4919 -0.0894
vn 0.8662 0.0173 0.4994
vn 0.8664 -0.0469 -0.4971
vn 0.8678 0.0677 -0.4923
vn 0.8682 0.2667 -0.4184
vn 0.8685 0.3949 0.2997
vn 0.869 -0.4331 0.2391
vn 0.8691 0.2408 -0.4321
vn 0.8693 0.0822 0.4874
vn 0.8698 0.1733 0.462
vn 0.8703 0.492 0.0227
vn 0.8705 -0.2524 0.4226
vn 0.8706 0.3985 0.2886
vn 0.8706 -0.449 -0.201
vn 0.8711 -0.4782 -0.112
vn 0.8711 -0.4125 -0.2664
vn 0.8712 0.3869 -0.3022
vn 0.8712 -0.2824 -0.4017
vn 0.8713 0.4837 -0.0834
vn 0.872 -0.2919 0.3929
vn 0.8723 0.4865 -0.049
vn 0.8726 0.4822 0.0783
vn 0.8737 0.3601 -0.327
vn 0.8741 0.2093 0.4384
vn 0.8744 -0.4674 -0.13
vn 0.8745 0.4667 -0.1321
vn 0.8752 0.4041 -0.266
vn 0.8753 0.2846 0.391
vn 0.8758 -0.4343 -0.2104
vn 0.8763 -0.028 -0.481
vn 0.8763 0.2926 0.3827
vn 0.8763 0.0662 0.4772
vn 0.8764 0.3835 -0.2914
vn 0.8773 -0.4662 0.114
vn 0.8773 -0.4662 -0.114
vn 0.8775 -0.4362 0.1995
vn 0.8776 0.4779 -0.0374
vn 0.8779 0.1273 -0.4616
vn 0.8779 0.3618 0.3136
vn 0.8779 0.4352 0.1996
vn 0.8784 0.0251 0.4772
vn 0.8792 0.4735 0.0532
vn 0.8803 -0.0836 -0.467
vn 0.8804 -0.2939 -0.3723
vn 0.8804 -0.2939 0.3723
vn 0.8806 -0.3692 -0.297
vn 0.8811 0.155 0.4468
vn 0.8812 -0.0657 0.4682
vn 0.8816 -0.446 -0.1544
vn 0.8816 0.2049 0.4251
vn 0.8822 0.2021 0.4253
vn 0.8826 -0.3012 0.361
vn 0.8828 0.2589 -0.392
vn 0.8833 0.3729 -0.2841
vn 0.8833 -0.0559 0.4654
vn 0.8845 -0.3959 -0.2467
vn 0.8852 -0.1172 0.4503
vn 0.8853 0.2659 -0.3815
vn 0.8856 0.4568 -0.0838
vn 0.8857 0.2574 -0.3863
vn 0.886 -0.4537 0.0958
vn 0.8862 -0.3096 0.3447
vn 0.8866 -0.0426 -0.4607
vn 0.8876 -0.4606 -0.0059
vn 0.8879 0.0115 0.4599
vn 0.8881 0.3765 -0.2637
vn 0.8883 -0.3547 -0.2919
vn 0.8883 -0.0334 0.4581
vn 0.8883 -0.4176 -0.1911
vn 0.8885 0.4523 -0.078
vn 0.8888 -0.1502 0.433
vn 0.8889 -0.106 -0.4458
vn 0.8891 0.3192 -0.328
vn 0.8894 -0.1008 -0.4459
vn 0.8895 0.4547 -0.0447
vn 0.8896 -0.3925 0.2335
vn 0.8899 0.4556 0.0208
vn 0.8902 -0.3302 -0.314
vn 0.8906 -0.0193 -0.4544
vn 0.8908 -0.0197 0.454
vn 0.8911 0.4119 -0.1902
vn 0.8914 0.221 -0.3957
vn 0.8915 0.0522 -0.45
vn 0.8915 0.0394 -0.4512
vn 0.8916 0.0393 0.451
vn 0.8917 0.1275 -0.4344
vn 0.8918 -0.0523 0.4493
vn 0.892 0.2619 -0.3683
vn 0.8923 -0.4118 0.185
vn 0.8929 -0.3594 0.2714
vn 0.8929 0.3253 -0.3112
vn 0.8929 0.4331 -0.1229
vn 0.8934 0.3694 -0.2557
vn 0.8938 0.2539 0.3697
vn 0.8939 -0.135 -0.4275
vn 0.8939 -0.4356 0.1055
vn 0.8941 -0.1461 -0.4233
vn 0.8946 -0.275 0.3522
vn 0.8948 0.2058 0.3963
vn 0.8953 -0.0095 0.4453
vn 0.8954 -0.1628 -0.4144
vn 0.8954 -0.317 0.3127
vn 0.8956 0.2838 -0.3427
vn 0.8957 -0.0369 0.4431
vn 0.8959 -0.0454 -0.4418
vn 0.8965 -0.1404 0.4203
vn 0.8966 0.2398 0.3724
vn 0.8966 0.2398 -0.3724
vn 0.8968 -0.418 0.1448
vn 0.8977 -0.3157 -0.3074
vn 0.8979 0.3318 0.2893
vn 0.8989 -0.0112 -0.438
vn 0.8994 0.3322 0.2842
vn 0.8995 -0.0214 0.4365
vn 0.9007 0.4344 0.012
vn 0.9009 -0.2478 0.3562
vn 0.9009 -0.2478 -0.3562
vn 0.9022 -0.1074 -0.4177
vn 0.904 -0.0374 -0.4259
vn 0.9042 -0.3479 -0.2478
vn 0.9043 -0.1454 0.4014
vn 0.9046 -0.1296 -0.4062
vn 0.9047 -0.2176 -0.3664
vn 0.9052 0.244 0.3479
vn 0.9054 -0.2004 -0.3743
vn 0.9054 0.109 0.4103
vn 0.9055 -0.3977 -0.1478
vn 0.9056 -0.1354 -0.402
vn 0.9072 -0.0767 0.4136
vn 0.9082 -0.3313 -0.2558
vn 0.9082 -0.1453 -0.3924
vn 0.9085 0.2151 -0.3584
vn 0.9086 -0.1693 -0.3818
vn 0.9087 -0.1491 0.3899
vn 0.9091 0.0638 0.4117
vn 0.9092 -0.1886 0.3712
vn 0.91 -0.3316 -0.2489
vn 0.9104 0.119 0.3962
vn 0.9105 -0.1316 -0.392
vn 0.9108 -0.3933 -0.1259
vn 0.9114 0.0897 -0.4017
vn 0.9119 -0.1652 -0.3757
vn 0.912 0.0879 -0.4006
vn 0.9121 -0.1911 -0.3628
vn 0.9122 -0.1684 0.3735
vn 0.9125 -0.1699 0.3721
vn 0.9126 -0.1306 0.3874
vn 0.9126 -0.2829 0.2951
vn 0.9127 -0.3455 0.218
vn 0.9128 0.145 -0.3817
vn 0.9134 -0.2162 0.3448
vn 0.9134 -0.2162 -0.3448
vn 0.9139 -0.1318 0.3839
vn 0.9139 -0.1318 -0.3839
vn 0.9149 -0.3389 0.2192
vn 0.9159 0.3985 -0.049
vn 0.9167 -0.3498 0.1934
vn 0.9173 -0.2331 0.3227
vn 0.9174 -0.3594 0.1709
vn 0.9177 -0.1211 0.3785
vn 0.9185 0.0973 -0.3834
vn 0.9194 -0.1737 0.353
vn 0.9197 -0.0484 -0.3896
vn 0.9201 -0.0318 0.3903
vn 0.9202 0.3583 -0.1574
vn 0.9204 0.229 0.317
vn 0.921 -0.3596 -0.15
vn 0.9211 0.0539 0.3855
vn 0.9214 -0.3638 0.1369
vn 0.9219 0.2147 0.3225
vn 0.922 -0.0879 -0.377
vn 0.9227 -0.0048 -0.3856
vn 0.9239 0.0145 0.3825
vn 0.924 -0.2029 -0.3242
vn 0.9242 -0.3287 -0.1946
vn 0.9243 -0.0351 0.3801
vn 0.9244 -0.3815 -0.0018
vn 0.9245 -0.3803 -0.026
vn 0.925 -0.3788 0.0296
vn 0.9254 0.0737 -0.3718
vn 0.9255 -0.0369 -0.377
vn 0.9264 -0.1853 0.3279
vn 0.9266 -0.2488 0.282
vn 0.9274 -0.1725 -0.3319
vn 0.9283 -0.2019 0.3121
vn 0.9284 -0.1562 -0.3371
vn 0.9289 -0.3163 0.1929
vn 0.9292 -0.2967 -0.2205
vn 0.9308 -0.1181 0.3459
vn 0.931 -0.1238 -0.3434
vn 0.9312 -0.1642 -0.3254
vn 0.9312 -0.1642 0.3254
vn 0.9312 -0.1642 -0.3254
vn 0.9312 -0.1642 0.3254
vn 0.9319 -0.3345 0.1405
vn 0.932 -0.3618 0.0221
vn 0.9323 -0.1097 -0.3446
vn 0.9327 -0.2545 -0.2553
vn 0.9332 0.0684 -0.3527
vn 0.9335 0.0604 0.3535
vn 0.9338 -0.1013 0.3431
vn 0.9346 -0.2754 0.2251
vn 0.9347 -0.2978 -0.1942
vn 0.9348 -0.2559 0.2463
vn 0.9356 -0.0314 0.3516
vn 0.936 -0.1792 0.3029
vn 0.9363 -0.2285 0.2667
vn 0.9364 -0.1868 -0.297
vn 0.9367 -0.1306 0.3249
vn 0.9373 -0.3192 -0.1399
vn 0.9375 -0.058 -0.3431
vn 0.938 -0.3466 0.001
vn 0.9385 -0.0429 0.3427
vn 0.9385 -0.174 0.2984
vn 0.9385 -0.3453 0.001
vn 0.9386 -0.3013 0.1684
vn 0.9387 -0.3118 -0.1472
vn 0.94 -0.1134 0.3219
vn 0.9406 -0.1184 0.3181
vn 0.9411 0.1002 0.323
vn 0.9411 -0.3006 -0.1545
vn 0.9412 -0.2304 -0.247
vn 0.9419 -0.2292 -0.2457
vn 0.9422 -0.323 -0.0894
vn 0.944 0.3248 0.0576
vn 0.9442 -0.3178 0.0866
vn 0.9447 0.2603 -0.1997
vn 0.946 -0.319 -0.0579
vn 0.9479 0.2681 0.1719
vn 0.9487 -0.0052 0.316
vn 0.9489 -0.1576 0.2733
vn 0.9506 0.0295 -0.3092
vn 0.9507 -0.0553 -0.3052
vn 0.9507 -0.3056 -0.0527
vn 0.9511 -0.2697 0.1505
vn 0.9516 -0.042 -0.3046
vn 0.9518 -0.3005 -0.0614
vn 0.952 -0.3012 0.0549
vn 0.9522 -0.2743 -0.1346
vn 0.9525 -0.2587 0.1607
vn 0.9526 -0.1806 -0.2449
vn 0.9527 -0.2655 0.1479
vn 0.9528 -0.3028 0.0215
vn 0.953 -0.0174 0.3024
vn 0.9537 0.1656 -0.2509
vn 0.9541 0.1409 -0.2642
vn 0.9543 0.0594 0.2928
vn 0.9553 -0.0881 -0.2821
vn 0.9556 -0.2909 0.0472
vn 0.9572 -0.2148 0.1939
vn 0.9576 0.2766 0.0809
vn 0.9576 -0.2605 0.123
vn 0.9585 -0.0305 -0.2834
vn 0.9588 -0.0181 -0.2836
vn 0.9594 -0.2816 0.017
vn 0.9595 0.1463 0.2406
vn 0.9597 -0.0312 0.2795
vn 0.9597 0.1522 -0.2364
vn 0.9599 -0.0196 -0.2796
vn 0.9602 -0.1774 0.2159
vn 0.9604 -0.2786 -0.0106
vn 0.9606 -0.2768 0.0263
vn 0.9612 -0.1218 -0.2474
vn 0.9615 0.0121 0.2745
vn 0.9618 -0.2739 0.0034
vn 0.9622 -0.2508 -0.1056
vn 0.9624 0.2551 -0.0936
vn 0.9631 -0.2228 0.151
vn 0.9634 -0.2644 -0.0442
vn 0.9643 0.2618 0.0391
vn 0.965 0.0488 0.2577
vn 0.965 -0.2614 0.0193
vn 0.9651 -0.0006 -0.2617
vn 0.9653 -0.2359 0.1124
vn 0.9656 -0.0785 0.2479
vn 0.9662 0.0172 0.2573
vn 0.9663 -0.2569 0.0133
vn 0.9674 -0.0808 -0.2401
vn 0.9678 -0.0024 0.2517
vn 0.9679 0.0832 -0.237
vn 0.9681 0.0388 -0.2475
vn 0.9695 -0.2119 -0.1231
vn 0.9696 -0.0469 0.2401
vn 0.9704 -0.08 0.2278
vn 0.9719 -0.1649 0.1681
vn 0.9728 0.0829 -0.2162
vn 0.9734 -0.2291 -0.001
vn 0.9744 -0.0706 -0.2135
vn 0.9749 -0.1882 -0.1186
vn 0.9766 -0.018 -0.2144
vn 0.9766 0.207 -0.0584
vn 0.977 0.2127 -0.0126
vn 0.9772 -0.1996 0.072
vn 0.9773 -0.1504 -0.149
vn 0.9777 -0.1551 0.1418
vn 0.9778 -0.0509 -0.2033
vn 0.9792 -0.146 -0.1408
vn 0.9796 -0.1482 0.1359
vn 0.9799 -0.1993 -0.0044
vn 0.98 -0.0887 0.1782
vn 0.9818 -0.1815 -0.0561
vn 0.9818 -0.1539 0.1109
vn 0.9821 -0.1859 0.0307
vn 0.9827 -0.0595 0.1751
vn 0.9829 0.0388 0.1798
vn 0.9832 -0.1812 -0.0211
vn 0.9839 -0.1787 -0.0029
vn 0.9842 0.0126 -0.1769
vn 0.9842 0.0036 -0.1771
vn 0.9847 -0.1726 0.0248
vn 0.9848 0.0353 -0.1702
vn 0.985 0.0053 0.1726
vn 0.9855 0.0488 0.1623
vn 0.9856 -0.1149 0.124
vn 0.9859 -0.1655 -0.0232
vn 0.9875 0.0177 -0.1569
vn 0.9879 -0.041 0.1494
vn 0.9882 -0.0992 -0.1164
vn 0.9888 -0.1492 0.0009
vn 0.9893 0.0657 -0.1306
vn 0.9894 0.0278 0.1426
vn 0.9906 -0.1116 0.0788
vn 0.991 -0.1332 0.0101
vn 0.9911 -0.0783 -0.1079
vn 0.9921 -0.1085 0.063
vn 0.9935 -0.0627 -0.0954
vn 0.9936 -0.1081 -0.0323
vn 0.9936 0.0014 0.1126
vn 0.994 -0.0595 -0.0919
vn 0.9943 -0.0385 0.099
vn 0.9954 0.0812 0.0518
vn 0.9955 0.0941 -0.0116
vn 0.9958 -0.0911 -0.0075
vn 0.9959 0.0868 0.0241
vn 0.9962 0.0773 0.0393
vn 0.9968 -0.0792 -0.0141
vn 0.9971 -0.0004 -0.0764
vn 0.9972 0.0484 -0.0579
vn 0.9976 -0.0537 -0.0436
vn 0.9977 -0.0193 -0.0647
vn 0.9978 0.0081 -0.0664
vn 0.9979 -0.0626 0.0137
vn 0.998 0.0381 0.0509
vn 0.9982 -0.0587 0.0126
vn 0.9982 -0.0442 -0.0397
vn 0.9985 0.0318 -0.0456
vn 0.9985 0.0384 -0.039
vn 0.9987 0.0405 0.031
vn 0.9987 -0.0289 0.0412
vn 0.9989 0.0472 -0.0002
vn 0.9989 -0.0326 0.034
vn 0.9989 -0.0366 -0.029
vn 0.9989 -0.0461 -0.0045
vn 0.999 0.0443 0.0072
vn 0.9991 -0.04 -0.0133
vn 0.9993 0.0342 0.0135
vn 0.9998 -0.0197 -0.0004
vn 0.9998 0.0155 0.0105
# 5819 vertex normals

s off

#usemtl Object

f 251//4983 252//4966 211//4793
f 211//4566 253//4136 251//3917
f 253//4136 211//4793 202//4893
f 202//4893 254//4796 253//4136
f 254//4796 202//4893 255//4941
f 255//4941 256//4946 257//4721
f 257//4721 254//4796 255//4941
f 254//4796 257//4721 258//4015
f 258//4015 253//4136 254//4796
f 253//4136 258//4015 259//3694
f 259//3694 251//3917 253//4136
f 259//3694 258//4015 260//3870
f 260//3870 261//3648 259//3694
f 261//3648 260//3870 262//3733
f 262//3733 263//3901 261//3648
f 263//3901 262//3733 264//3803
f 264//3803 262//3733 265//4171
f 265//4171 266//3600 264//3803
f 266//3600 265//4171 267//4129
f 267//4129 265//4171 268//4497
f 268//4497 265//4171 269//4529
f 269//4529 270//4800 268//4497
f 269//4529 265//4171 262//3733
f 262//3733 260//3870 269//4529
f 260//3870 258//4015 257//4721
f 257//4721 269//4529 260//3870
f 269//4529 257//4721 256//4946
f 256//4946 270//4800 269//4529
f 256//4946 255//4941 271//4869
f 270//4800 272//4834 273//4651
f 273//4651 268//4497 270//4800
f 273//4651 274//4882 275//4692
f 275//4692 268//4497 273//4651
f 274//4882 273//4651 272//4834
f 268//4497 275//4692 276//4407
f 268//4497 276//4407 277//4052
f 277//4052 267//4129 268//4497
f 267//4129 277//4052 278//3343
f 278//3343 266//3600 267//4129
f 266//3600 278//3343 279//3044
f 266//3600 279//3044 280//3718
f 280//3718 264//3803 266//3600
f 264//3803 280//3718 281//4090
f 281//4090 263//3901 264//3803
f 272//4834 282//4938 283//5024
f 283//5024 274//4882 272//4834
f 274//4882 283//5024 284//4954
f 284//4954 275//4692 274//4882
f 275//4692 284//4954 285//4765
f 285//4765 276//4407 275//4692
f 285//5043 286//4346 277//4052
f 277//4052 286//4326 287//3695
f 287//3387 278//3343 277//4052
f 278//3343 287//3137 288//2661
f 288//2582 279//3044 278//3343
f 279//3044 288//2582 289//2811
f 289//3433 280//3718 279//3044
f 280//3718 289//3433 290//3774
f 290//4002 281//4090 280//3718
f 282//5671 16//5676 17//5760
f 17//5760 283//5767 282//5689
f 283//5767 17//5760 18//5638
f 18//5638 284//5639 283//5767
f 284//5639 18//5638 19//5065
f 19//5065 285//5126 284//5639
f 285//5126 19//5065 20//4554
f 20//4554 286//4628 285//5170
f 286//4628 20//4554 21//3548
f 21//3548 287//3555 286//4526
f 287//3186 21//3548 22//2236
f 22//2236 288//2582 287//3186
f 288//2582 22//2236 23//2019
f 23//2019 289//2399 288//2583
f 289//2399 23//2019 24//2256
f 24//2256 290//2695 289//2399
f 291//4892 191//5296 292//4823
f 292//4823 178//4641 291//4892
f 291//4892 178//4641 293//4806
f 293//4806 294//4794 291//4892
f 291//4892 294//4794 192//5104
f 255//4941 202//4893 193//4969
f 193//4969 202//4893 201//5246
f 201//5246 192//5104 193//4969
f 255//4941 294//4794 293//4806
f 293//4806 271//4869 255//4941
f 271//4869 293//4806 272//4834
f 272//4834 293//4806 295//4730
f 295//4730 296//5179 282//5353
f 282//5159 272//4834 295//4730
f 282//5571 296//5349 25//5451
f 25//5451 16//5676 282//5671
f 25//5451 296//5179 180//5128
f 180//5220 12//5347 25//5451
f 272//4834 270//4800 256//4946
f 271//4869 272//4834 256//4946
f 193//4969 192//5104 294//4794
f 255//4941 193//4969 294//4794
f 178//4641 179//4533 295//4730
f 295//4730 293//4806 178//4641
f 295//4730 179//4533 180//4552
f 180//4798 296//4976 295//4730
f 445//2679 548//2552 460//2322
f 548//2552 445//2679 549//2888
f 549//2888 445//2679 429//2936
f 550//2281 460//2322 551//2503
f 551//2503 460//2322 548//2552
f 548//2552 552//2988 551//2503
f 552//2988 548//2552 549//2888
f 549//2888 553//3135 552//2988
f 553//3135 549//2888 429//2936
f 429//2936 554//3284 553//3135
f 554//3284 429//2936 555//2835
f 555//2835 429//2936 556//2077
f 557//2057 550//2281 551//2503
f 551//2503 558//2499 557//2057
f 558//2499 551//2503 552//2988
f 552//2988 559//2998 558//2499
f 559//2998 552//2988 553//3135
f 553//3135 560//3131 559//2998
f 560//3131 553//3135 561//3192
f 561//3192 562//3258 560//3131
f 561//3192 553//3135 554//3284
f 561//3192 554//3284 555//2835
f 555//2835 563//2783 561//3192
f 563//2783 555//2835 556//2077
f 556//2077 564//3531 563//2783
f 564//3531 556//2077 565//2486
f 565//2486 566//3283 564//3531
f 564//3531 566//3283 563//2783
f 563//2783 566//3283 562//3357
f 562//3258 561//3192 563//2783
f 565//1884 556//1575 411//1586
f 411//1432 412//1735 565//1884
f 412//1735 411//1432 567//1525
f 567//1525 568//2060 412//1735
f 568//2060 567//1474 393//1629
f 393//1629 569//1170 570//1233
f 570//1819 568//2060 393//1629
f 568//2060 570//2631 412//1891
f 570//1620 569//1170 571//1086
f 571//1314 572//1581 570//1233
f 569//1170 393//1567 394//1518
f 394//1518 393//1712 573//2015
f 573//2015 393//1629 374//2455
f 374//2468 574//1736 573//2015
f 574//1736 374//2455 375//2579
f 375//2579 374//2455 575//3030
f 575//2932 374//2524 355//3590
f 355//3590 356//3498 575//3030
f 575//3124 356//3622 357//3540
f 357//3540 376//2570 575//3252
f 376//2570 375//2622 575//3252
f 375//2622 376//2570 574//2232
f 574//2232 376//2570 395//1911
f 395//1911 573//2867 574//2232
f 571//1086 569//1170 394//1518
f 572//1786 571//1472 395//1911
f 395//1911 576//1615 572//1786
f 576//1615 577//1691 572//1786
f 572//1995 412//2022 570//2829
f 412//2022 572//1786 578//1880
f 578//1880 579//1325 412//2022
f 412//1891 579//1325 565//1692
f 565//1692 579//1325 580//1561
f 580//1561 579//1325 581//1527
f 581//1527 579//1325 578//1880
f 578//1880 582//1841 581//1527
f 580//2439 581//1527 583//2643
f 583//2911 581//1527 582//1841
f 582//1841 413//1845 583//2911
f 413//1845 582//1841 577//1691
f 413//1845 577//1691 584//1913
f 584//1913 395//1911 376//2570
f 376//2570 377//2561 584//1913
f 377//2561 376//2570 357//3540
f 357//3540 358//3402 377//2561
f 358//3402 357//3540 338//3726
f 338//3732 339//3634 358//3402
f 339//3634 30//3609 32//3272
f 32//3272 358//3402 339//3634
f 358//3402 32//3272 34//2514
f 34//2514 377//2561 358//3402
f 377//2561 34//2514 36//1904
f 36//1904 584//1913 377//2561
f 584//1913 36//1904 38//1922
f 38//1922 413//1845 584//1913
f 413//1845 38//1922 46//2903
f 46//2903 583//2911 413//1845
f 583//2911 46//2903 47//3769
f 47//3769 585//4125 583//3042
f 585//4125 586//3972 580//3494
f 580//3494 583//2911 585//4125
f 580//3494 586//3972 562//3258
f 562//3416 566//2600 580//2439
f 580//2439 566//2600 565//1742
f 587//3119 557//2057 558//2499
f 558//2499 588//2776 587//3119
f 588//2776 558//2499 559//2998
f 559//2998 589//2830 588//2776
f 589//2830 559//2998 560//3131
f 560//3131 590//3237 589//2830
f 590//3237 560//3131 562//3258
f 562//3258 586//3972 590//3237
f 586//3972 585//4125 591//4423
f 591//4423 592//4042 586//3972
f 592//4042 593//3409 590//3237
f 590//3237 586//3972 592//4042
f 590//3237 593//3409 594//2040
f 594//2040 589//2830 590//3237
f 589//2830 594//2040 595//2385
f 595//2385 596//2930 589//2830
f 596//2930 597//3441 598//3195
f 598//3195 589//2830 596//2930
f 589//2830 598//3516 599//3052
f 599//3052 588//2776 589//2830
f 588//2776 599//2403 600//2127
f 600//2239 587//3119 588//2776
f 587//3119 600//2239 601//2130
f 601//2228 602//4146 587//4147
f 604//1354 603//1497 605//1456
f 605//1456 48//1431 604//1354
f 48//1431 605//1456 606//1937
f 606//1937 49//1812 48//1431
f 49//1812 606//1937 607//3117
f 607//3117 50//2588 49//1812
f 50//2642 607//3117 597//3441
f 597//3441 596//2930 50//2588
f 596//2930 595//2385 608//2423
f 608//2423 50//2588 596//2930
f 50//2588 608//2423 609//3102
f 609//3102 51//3363 50//2588
f 51//3363 609//3102 610//4072
f 610//4072 47//3769 51//3363
f 47//3769 610//4072 591//4423
f 591//4423 585//4125 47//3769
f 571//1472 394//2039 395//1911
f 573//2867 395//1911 394//2039
f 612//1137 611//1222 613//926
f 613//926 614//842 612//1137
f 614//842 613//926 615//667
f 615//667 616//669 614//842
f 616//669 615//667 617//466
f 617//466 618//572 616//669
f 618//572 617//466 619//264
f 619//264 620//366 618//572
f 620//350 619//264 621//27
f 621//27 622//257 620//350
f 622//257 621//27 623//28
f 623//28 624//234 622//257
f 624//234 623//28 625//147
f 625//147 626//323 624//234
f 626//323 625//147 627//214
f 627//214 628//409 626//323
f 628//409 627//214 629//88
f 629//88 630//48 628//409
f 630//48 629//88 631//46
f 631//75 629//88 52//13
f 52//13 53//5 631//75
f 52//13 629//88 627//214
f 627//214 54//70 52//13
f 55//63 625//147 623//28
f 623//28 56//15 55//63
f 56//15 623//28 621//27
f 621//27 57//12 56//15
f 57//12 621//27 619//264
f 619//264 58//267 57//12
f 58//267 619//264 617//466
f 617//466 59//546 58//267
f 59//546 617//466 615//667
f 615//667 60//742 59//546
f 60//742 615//667 613//926
f 613//926 61//1025 60//742
f 61//1025 613//926 611//1222
f 611//1222 62//1276 61//1025
f 62//1276 611//1222 604//1354
f 604//1354 48//1431 62//1276
f 54//70 627//214 625//147
f 625//147 55//63 54//70
f 630//83 632//228 628//409
f 628//409 632//270 633//600
f 633//600 626//323 628//409
f 626//323 633//600 634//701
f 634//701 624//234 626//323
f 624//234 634//701 635//658
f 635//751 622//257 624//234
f 622//257 635//751 636//840
f 636//840 620//451 622//257
f 620//368 636//734 637//947
f 637//947 618//858 620//632
f 618//858 637//947 616//860
f 638//789 547//1365 639//1144
f 632//534 638//789 633//600
f 633//600 638//789 639//1144
f 639//1144 634//701 633//600
f 634//701 639//1144 640//1226
f 640//1226 635//751 634//701
f 635//798 640//1226 641//1326
f 641//1326 636//997 635//798
f 636//840 641//1326 637//947
f 641//1326 640//1226 642//1236
f 631//75 53//5 63//87
f 63//87 643//174 631//75
f 643//174 63//87 64//190
f 64//161 644//380 643//174
f 642//1236 640//1226 639//1144
f 639//1144 547//1365 642//1236
f 735//2102 706//1263 700//1374
f 700//2144 736//1930 735//2492
f 733//3480 689//2675 737//2048
f 737//2242 738//2677 733//3480
f 738//5478 737//5461 677//5549
f 677//5549 739//5494 738//5478
f 735//2690 736//2178 740//2446
f 740//2629 741//3716 742//3589
f 742//3589 741//2181 743//2794
f 745//1919 746//2409 747//2922
f 747//2922 748//2200 745//1919
f 748//2200 747//2922 749//3722
f 749//4276 750//3043 748//2295
f 750//3043 749//4276 751//3920
f 751//3920 752//2979 750//2528
f 752//2979 753//1974 754//1663
f 754//1081 750//1821 752//2979
f 750//2528 754//1081 755//1141
f 755//1141 748//2200 750//2528
f 748//2200 755//1141 756//1065
f 756//998 745//1919 748//2070
f 757//4836 749//4379 747//4981
f 747//4981 758//5107 757//4836
f 758//5107 747//4981 746//4678
f 746//4678 759//5013 758//5107
f 759//5013 760//5191 761//5272
f 761//5272 762//5531 759//5013
f 763//755 756//998 755//1141
f 755//1141 764//876 763//755
f 765//725 764//876 755//1141
f 755//1141 754//970 765//605
f 754//970 753//743 765//605
f 766//3013 759//4847 746//4330
f 738//5478 739//5494 761//5272
f 761//5272 760//5191 738//5478
f 733//3480 744//4082 722//4065
f 722//4004 689//2675 733//3480
f 736//2525 700//4256 722//4065
f 722//3057 744//1399 736//1746
f 767//8 740//155 742//99
f 742//99 768//52 767//49
f 768//1471 742//1907 743//1624
f 743//1552 769//1290 768//1471
f 769//159 743//251 763//146
f 763//146 770//118 769//159
f 771//907 765//651 753//1109
f 753//1733 772//2042 771//1462
f 770//118 763//146 764//221
f 764//221 773//176 770//118
f 773//315 764//221 765//552
f 765//651 771//596 773//315
f 774//1887 768//1471 769//1487
f 769//1914 775//2338 774//1887
f 770//196 776//448 775//582
f 775//923 769//818 770//530
f 770//196 773//287 777//514
f 777//514 776//448 770//196
f 777//514 773//401 771//774
f 771//596 778//593 777//514
f 778//1740 771//1197 772//2042
f 772//2042 779//2241 778//1740
f 779//2241 772//2042 780//3230
f 780//3230 781//3515 779//2241
f 767//49 768//52 774//346
f 774//471 782//759 767//149
f 782//759 783//414 784//108
f 784//400 767//242 782//759
f 738//2677 760//3050 766//3415
f 766//3415 733//3480 738//2677
f 732//1805 766//3266 746//3618
f 746//3112 745//1919 732//1805
f 766//3415 732//2857 744//3395
f 744//4082 733//3480 766//3220
f 744//1574 732//2167 785//1568
f 785//1568 736//1822 744//1574
f 785//1259 732//1796 745//1919
f 745//1919 756//998 785//1259
f 743//303 785//882 756//929
f 756//998 763//755 743//607
f 741//1990 785//1711 743//2120
f 740//2446 736//1930 785//1568
f 785//1711 741//1990 740//2116
f 740//155 767//20 735//127
f 762//5412 761//5202 786//4913
f 786//4913 787//5016 762//5407
f 761//5202 739//5396 788//5061
f 788//5061 786//4913 761//5202
f 759//5227 762//5488 789//5553
f 789//5520 758//5107 759//5227
f 749//4379 757//4836 790//4731
f 790//4435 751//3920 749//4276
f 790//4731 757//4836 791//5176
f 791//5176 792//5309 790//4980
f 791//5176 757//4836 758//5107
f 758//5107 789//5520 791//5176
f 792//5309 791//5176 793//5373
f 793//5373 794//5501 792//5309
f 793//5373 791//5176 789//5520
f 789//5498 795//5088 793//5133
f 795//5359 789//5520 762//5536
f 762//5407 787//5016 795//5056
f 774//3120 775//2376 796//3867
f 774//642 796//1254 782//784
f 775//2376 797//2118 798//3712
f 798//4351 796//3867 775//3246
f 797//4675 786//4913 788//5061
f 788//5061 798//4464 797//4675
f 796//3867 798//4351 799//3723
f 799//2203 683//1605 796//2567
f 799//4632 798//4464 788//5061
f 788//5061 800//5089 799//4632
f 775//2147 776//1940 801//1879
f 801//1879 797//2118 775//1873
f 797//4675 801//4691 787//5016
f 787//5016 786//4913 797//4675
f 776//1940 777//1977 802//2673
f 802//2910 801//1879 776//1940
f 801//4691 802//4394 795//4955
f 795//4783 787//5016 801//4691
f 782//784 796//1254 683//1605
f 683//1605 783//1541 782//1235
f 802//2673 777//1977 778//2314
f 779//3339 802//2910 778//2314
f 795//4955 802//4394 793//4438
f 779//3339 781//3994 802//3591
f 794//4258 793//4279 802//3925
f 802//3591 781//3994 794//4258
f 792//4039 794//4386 781//3515
f 781//3515 780//3230 792//3578
f 772//2042 753//2258 752//3557
f 752//3557 780//3125 772//2042
f 557//4885 587//4993 803//5362
f 803//5362 804//4956 557//4885
f 804//4956 803//5362 805//5477
f 805//5080 476//4557 804//4956
f 476//4478 805//4939 806//4007
f 806//4007 492//3255 476//4273
f 492//3255 806//4007 807//2415
f 807//2415 808//1976 492//3255
f 808//1976 807//2415 809//1148
f 809//1148 506//1085 808//1976
f 812//339 813//86 814//148
f 814//148 616//338 812//339
f 616//338 637//273 535//245
f 535//245 812//339 616//338
f 816//3108 815//2043 817//2027
f 817//1896 818//3964 816//3108
f 818//3964 817//1896 819//2342
f 819//2342 820//4138 818//3964
f 820//3331 819//2342 807//2415
f 807//2415 806//4007 820//4138
f 817//1896 821//1422 819//2342
f 819//2342 821//1422 809//1148
f 809//1148 807//2415 819//2342
f 815//2043 822//1151 823//1283
f 823//1283 817//1896 815//2043
f 817//1896 823//1283 824//1124
f 824//1124 821//1422 817//1854
f 821//1422 824//1124 810//1053
f 810//1053 809//1148 821//1422
f 822//1151 825//636 826//726
f 826//1207 823//1283 822//1151
f 823//1283 826//1207 827//1100
f 827//1100 824//1124 823//1283
f 824//1124 827//1100 813//1241
f 813//1241 810//1053 824//1124
f 828//5113 816//5207 818//4759
f 818//4035 829//4779 828//5113
f 829//4779 818//4035 820//4138
f 820//4403 830//4922 829//4779
f 830//4922 820//4403 806//4007
f 806//4007 805//4939 830//4922
f 831//5420 805//5080 803//5362
f 805//5080 831//5420 833//5698
f 833//5698 830//5738 805//5477
f 830//5738 833//5698 834//5756
f 834//5721 829//5746 830//5738
f 829//5746 834//5721 835//5718
f 835//5666 828//5705 829//5746
f 831//5018 832//4612 836//4532
f 836//4532 833//4815 831//5018
f 833//4815 836//4532 834//5161
f 834//4357 836//4532 837//3476
f 837//3476 838//3660 834//4357
f 832//4494 839//3173 837//3476
f 837//3476 836//4532 832//4612
f 839//3173 841//2283 842//2152
f 842//2152 837//3476 839//3173
f 837//3476 842//2152 843//2490
f 843//2490 838//3660 837//3476
f 838//3660 843//2490 844//2138
f 844//2138 845//3561 838//3660
f 614//1442 616//1221 814//1045
f 814//1045 846//1448 614//1442
f 846//1495 841//2283 612//2159
f 612//2159 614//1442 846//1495
f 841//2283 846//1495 847//1908
f 847//1908 842//2152 841//2283
f 842//2152 847//1908 848//1684
f 848//1684 843//2490 842//2152
f 843//2490 848//1684 849//1607
f 849//1607 844//2138 843//2490
f 846//1448 814//1045 850//566
f 850//285 847//484 846//946
f 847//537 850//220 851//1285
f 851//1285 848//1684 847//1375
f 848//1684 851//1285 852//1243
f 852//1243 849//1521 848//1684
f 850//115 827//156 826//300
f 826//357 851//319 850//157
f 851//319 826//357 825//612
f 825//612 852//364 851//319
f 814//148 813//86 827//156
f 827//156 850//141 814//148
f 810//1053 813//1241 812//948
f 812//948 811//1029 810//1053
f 678//5769 684//5368 685//5358
f 685//5358 679//5605 678//5769
f 679//5605 685//5358 686//5369
f 686//5369 680//5739 679//5605
f 680//5739 686//5369 687//5434
f 687//5434 681//5806 680//5739
f 681//5787 687//5434 688//5333
f 688//5584 682//5776 681//5810
f 707//909 701//1452 700//1374
f 700//1374 706//1177 707//909
f 708//1128 702//1621 701//1452
f 701//1452 707//1300 708//1128
f 709//1384 703//1878 702//1621
f 702//1621 708//1128 709//1384
f 710//1327 704//2025 703//1878
f 703//1878 709//1384 710//1327
f 711//1054 705//1717 704//2025
f 704//2025 710//1327 711//1108
f 713//853 708//1128 707//779
f 707//496 712//367 713//390
f 714//777 709//1384 708//1128
f 708//1128 713//853 714//777
f 715//583 710//1327 709//1384
f 709//1384 714//777 715//583
f 716//510 711//1054 710//1327
f 710//1327 715//583 716//702
f 718//475 713//247 712//168
f 712//212 717//551 718//475
f 719//459 714//216 713//247
f 713//247 718//475 719//459
f 720//167 715//504 714//377
f 714//216 719//459 720//167
f 721//290 716//336 715//171
f 715//504 720//167 721//290
f 724//921 718//475 717//591
f 717//591 723//1032 724//921
f 725//945 719//493 718//475
f 718//475 724//921 725//945
f 726//1253 720//941 719//775
f 719//493 725//945 726//1253
f 727//1650 721//1140 720//941
f 720//941 726//1424 727//1650
f 684//5319 678//5769 677//5549
f 677//5549 737//5461 684//5149
f 690//3655 684//4942 737//4740
f 737//2242 689//2675 690//3655
f 693//4309 694//4144 688//4845
f 688//5333 687//5434 693//4361
f 692//4948 693//4361 687//5434
f 687//5434 686//5369 692//4820
f 691//4934 685//5358 684//5149
f 684//4965 690//3655 691//4190
f 691//4233 692//4820 686//5369
f 686//5369 685//5358 691//4934
f 700//1374 701//1452 695//2050
f 695//3156 722//4065 700//4434
f 695//2151 690//3655 689//2675
f 689//2675 722//4065 695//2151
f 704//2025 705//1717 699//3031
f 699//3031 698//2897 704//2025
f 703//1878 704//2025 698//2897
f 698//2897 697//2113 703//1878
f 702//1621 703//1878 697//2113
f 697//2113 696//2266 702//1621
f 701//1452 702//1621 696//2266
f 696//2266 695//2050 701//1452
f 698//2897 699//3031 694//4144
f 694//4144 693//4309 698//2897
f 697//2113 698//2897 693//4309
f 693//3615 692//2437 697//2113
f 696//2266 697//2113 692//2437
f 692//3904 691//3547 696//2266
f 695//2151 696//2266 691//3547
f 691//3216 690//3655 695//2151
f 766//3220 760//3050 759//2969
f 780//3230 752//3557 751//4506
f 790//4745 780//3573 751//4506
f 790//3100 792//3370 780//3125
f 683//1605 723//1032 717//591
f 717//919 783//1541 683//1605
f 730//1975 731//2051 727//1650
f 727//1650 726//1547 730//2059
f 729//2058 730//2059 726//1424
f 726//1424 725//945 729//1797
f 728//1206 729//1797 725//945
f 725//945 724//921 728//1206
f 717//551 712//98 784//108
f 784//108 783//414 717//551
f 739//5396 677//5511 800//5217
f 800//5157 788//5061 739//5396
f 857//4293 799//4632 800//5089
f 800//4964 856//4162 857//4199
f 728//3902 857//4199 856//4162
f 856//4162 853//4350 728//3902
f 857//1225 723//1032 683//1605
f 683//1605 799//2203 857//2382
f 857//1225 728//1206 724//921
f 724//921 723//1032 857//1225
f 678//5777 856//5792 800//5560
f 800//5157 677//5511 678//5766
f 854//2289 734//2683 731//2051
f 731//2051 730//1975 854//2289
f 855//3079 854//2289 730//2059
f 730//2270 729//2058 855//3079
f 681//5725 682//5780 734//5661
f 734//5661 854//5634 681//5789
f 680//5775 681//5810 854//5634
f 854//5634 855//4769 680//5301
f 679//4999 680//5301 855//5119
f 855//4769 853//4350 679//4999
f 678//5163 679//4999 853//4350
f 853//5792 856//5792 678//5777
f 669//5700 661//5682 261//5730
f 261//5730 263//5726 669//5700
f 670//5299 662//5090 661//5682
f 661//5682 669//5700 670//5299
f 671//4307 663//3860 662//5090
f 662//5090 670//5299 671//4307
f 672//2807 664//2465 663//3860
f 663//3860 671//4307 672//2807
f 673//1619 665//1526 664//2465
f 664//2465 672//2807 673//1619
f 674//854 666//972 665//1526
f 665//1526 673//1619 674//854
f 675//528 667//654 666//972
f 666//928 674//854 675//528
f 676//773 668//639 667//610
f 667//610 675//528 676//773
f 661//5682 653//5664 259//5695
f 259//5695 261//5730 661//5682
f 662//5090 654//5261 653//5664
f 653//5664 661//5682 662//5266
f 663//3860 655//4075 654//5177
f 654//5177 662//4998 663//3860
f 664//2465 656//2590 655//4075
f 655//4075 663//3860 664//2465
f 665//1526 657//1924 656//2590
f 656//2590 664//2465 665//1526
f 666//1055 658//1536 657//1924
f 657//1924 665//1526 666//972
f 667//949 659//986 658//1536
f 658//1536 666//972 667//654
f 668//724 660//898 659//895
f 659//549 667//610 668//455
f 682//5776 281//5723 290//5733
f 290//2893 734//2760 682//3053
f 699//3031 705//1717 673//1619
f 673//1619 672//2807 699//3031
f 694//4144 699//3031 672//2807
f 672//2807 671//4307 694//4144
f 688//5192 694//4144 671//4307
f 671//4307 670//5299 688//5333
f 682//5776 688//5417 670//5299
f 670//5299 669//5700 682//5743
f 682//5776 669//5700 263//5726
f 263//5726 281//5723 682//5776
f 259//5695 653//5664 645//5539
f 645//5539 251//5530 259//5695
f 656//2590 657//1924 649//2487
f 649//2487 648//2618 656//2590
f 655//4075 656//2590 648//2618
f 648//2618 647//4204 655//4075
f 654//5177 655//4075 647//4204
f 647//4204 646//4463 654//4537
f 653//5664 654//5261 646//5365
f 646//4653 645//5418 653//5664
f 676//773 675//528 716//460
f 716//231 721//378 676//370
f 652//916 651//870 659//895
f 659//895 660//898 652//916
f 674//854 673//1619 705//1717
f 705//1717 711//1054 674//854
f 675//528 674//854 711//959
f 711//1054 716//702 675//528
f 650//1653 649//2487 657//1924
f 657//1924 658//1536 650//1653
f 651//870 650//1653 658//1536
f 658//1536 659//986 651//870
f 130//1363 143//1453 7//1488
f 7//1454 5//1364 130//1363
f 131//1426 144//1591 143//1453
f 143//1453 130//1363 131//1426
f 132//1645 145//1900 144//1591
f 144//1591 131//1426 132//1645
f 133//1693 146//2132 145//1900
f 145//1900 132//1645 133//1693
f 134//1847 147//2199 146//2132
f 146//2132 133//1693 134//1847
f 135//1960 148//2384 147//2199
f 147//2199 134//1847 135//1960
f 136//2275 149//2691 148//2384
f 148//2384 135//1960 136//2275
f 137//3049 150//3703 149//2691
f 149//2691 136//2275 137//3049
f 138//3737 151//4049 150//3703
f 150//3703 137//3049 138//3737
f 139//4117 152//4218 151//4049
f 151//4049 138//3737 139//4117
f 140//4389 153//4420 152//4218
f 152//4218 139//4117 140//4389
f 141//4360 154//4455 153//4420
f 153//4420 140//4389 141//4360
f 142//4340 155//4484 154//4455
f 154//4455 141//4360 142//4340
f 6//5168 8//5307 155//5286
f 155//5286 142//5175 6//5168
f 1//958 107//994 118//1164
f 118//1164 3//1131 1//958
f 117//4555 2//4446 4//5091
f 4//5091 129//5095 117//4555
f 117//4594 129//4068 128//4103
f 116//3842 117//4409 128//4103
f 128//4103 127//4030 116//3842
f 115//3273 116//3842 127//4030
f 127//4030 126//3747 115//3273
f 114//2339 115//3273 126//3747
f 126//3747 125//2951 114//2339
f 113//2176 114//2339 125//2951
f 125//2951 124//2142 113//2176
f 112//1858 113//2176 124//2142
f 124//2142 123//1770 112//1858
f 111//1769 112//1858 123//1770
f 123//1770 122//1768 111//1769
f 110//1464 111//1769 122//1768
f 122//1768 121//1553 110//1464
f 109//934 110//1403 121//1553
f 121//1553 120//1362 109//934
f 108//936 109//934 120//1362
f 120//1362 119//1231 108//936
f 107//994 108//936 119//1231
f 119//1231 118//1164 107//994
f 12//5347 180//5220 167//5321
f 167//5321 10//5331 12//5347
f 168//2133 11//1944 9//1660
f 9//1714 156//1932 168//2133
f 169//2684 168//2133 156//1932
f 156//1932 157//2350 169//2684
f 170//3342 169//2684 157//2350
f 157//2350 158//2714 170//3342
f 171//3741 170//3342 158//2714
f 158//2714 159//2934 171//3741
f 172//4069 171//3741 159//2934
f 159//2934 160//3309 172//4069
f 173//4590 172//4069 160//3309
f 160//3309 161//3375 173//4590
f 174//4168 173//4590 161//3375
f 161//3375 162//3863 174//4168
f 175//4163 174//4168 162//3863
f 176//4469 175//4163 162//3863
f 162//3863 163//4224 176//4469
f 177//4498 176//4469 163//4224
f 163//4224 164//4229 177//4498
f 178//4641 177//4498 164//4229
f 164//4229 165//4367 178//4641
f 179//4533 178//4641 165//4367
f 165//4367 166//4504 179//4533
f 180//4552 179//4533 166//4504
f 166//4504 167//4599 180//4552
f 3//1131 118//1164 130//1363
f 130//1363 5//1364 3//1131
f 10//5331 167//5321 155//5286
f 155//5286 8//5307 10//5331
f 9//1714 7//1488 143//1453
f 156//1932 9//1714 143//1453
f 143//1453 144//1591 156//1932
f 157//2350 156//1932 144//1591
f 144//1591 145//1900 157//2350
f 158//2714 157//2350 145//1900
f 145//1900 146//2132 158//2714
f 159//2934 158//2714 146//2132
f 146//2132 147//2199 159//2934
f 160//3309 159//2934 147//2199
f 147//2199 148//2384 160//3309
f 161//3375 160//3309 148//2384
f 148//2384 149//2691 161//3375
f 162//3863 161//3375 149//2691
f 149//2691 150//3703 162//3863
f 163//4224 162//3863 150//3703
f 150//3703 151//4049 163//4224
f 164//4229 163//4224 151//4049
f 151//4049 152//4218 164//4229
f 165//4367 164//4229 152//4218
f 152//4218 153//4420 165//4367
f 166//4504 165//4367 153//4420
f 153//4420 154//4455 166//4504
f 167//4599 166//4504 154//4455
f 154//4455 155//4484 167//4599
f 129//5095 4//5091 6//5168
f 6//5168 142//5175 129//5095
f 128//4103 129//4068 142//4340
f 142//4340 141//4360 128//4103
f 127//4030 128//4103 141//4360
f 141//4360 140//4389 127//4030
f 127//4030 140//4389 139//4117
f 126//3747 127//4030 139//4117
f 139//4117 138//3737 126//3747
f 125//2951 126//3747 138//3737
f 138//3737 137//3049 125//2951
f 124//2142 125//2951 137//3049
f 137//3049 136//2275 124//2142
f 123//1770 124//2142 136//2275
f 136//2275 135//1960 123//1770
f 122//1768 123//1770 135//1960
f 135//1960 134//1847 122//1768
f 121//1553 122//1768 134//1847
f 134//1847 133//1693 121//1553
f 120//1362 121//1553 133//1693
f 133//1693 132//1645 120//1362
f 119//1231 120//1362 132//1645
f 132//1645 131//1426 119//1231
f 118//1164 119//1231 131//1426
f 131//1426 130//1363 118//1164
f 178//4641 292//4823 177//4498
f 187//5200 186//4988 173//4590
f 173//4590 174//4168 187//5114
f 188//5122 187//5200 174//4168
f 174//4168 175//4163 188//4428
f 189//5051 188//4888 175//4163
f 175//4163 176//4469 189//4887
f 292//4823 191//5296 190//5366
f 190//5366 176//4469 177//4498
f 177//4498 292//4823 190//5366
f 190//4931 189//5051 176//4469
f 194//4642 203//4662 184//4110
f 201//5246 202//4893 211//4793
f 211//4866 210//4926 201//5246
f 200//5586 201//5246 210//4926
f 210//4926 209//5134 200//5586
f 199//5535 200//5586 209//5134
f 209//5134 208//5265 199//5535
f 198//5589 199//5535 208//5265
f 208//5265 207//5236 198//5589
f 197//5602 198//5589 207//5236
f 207//5236 206//5124 197//5602
f 196//5456 197//5602 206//5124
f 206//5124 205//4871 196//5456
f 195//5050 196//5456 205//4871
f 205//4871 204//4880 195//5050
f 194//4642 195//5050 204//4880
f 204//4880 203//4662 194//4642
f 201//5246 200//5586 191//5426
f 191//5296 192//5104 201//5246
f 194//4642 184//4110 185//4343
f 195//5050 194//4642 185//4343
f 185//4343 186//4988 195//5050
f 196//5456 195//5050 186//4988
f 186//4988 187//5200 196//5456
f 197//5602 196//5456 187//5200
f 187//5290 188//5622 197//5602
f 198//5589 197//5602 188//5267
f 188//5267 189//5097 198//5589
f 199//5535 198//5589 189//5201
f 189//5658 190//5428 199//5535
f 200//5586 199//5535 190//5366
f 190//5428 191//5296 200//5586
f 186//4988 185//4343 172//4069
f 172//4069 173//4590 186//4988
f 181//1881 13//2035 11//1944
f 11//1944 168//2133 181//1881
f 182//2720 181//1881 168//2133
f 168//2133 169//2684 182//2720
f 183//3621 182//2720 169//2684
f 169//2684 170//3342 183//3621
f 184//4110 183//3621 170//3342
f 170//3342 171//3741 184//4110
f 185//4343 184//4110 171//3741
f 171//3741 172//4069 185//4343
f 252//4966 224//4978 223//4716
f 223//4716 211//4866 252//4966
f 212//2723 858//2166 181//1881
f 181//1881 182//2720 212//2723
f 213//3374 212//2723 182//2720
f 182//2720 183//3621 213//3374
f 214//3893 213//3374 183//3621
f 183//3621 184//4110 214//3893
f 215//4092 214//3893 184//4110
f 184//4110 203//4662 215//4092
f 216//3966 215//4092 203//4662
f 203//4662 204//4880 216//3966
f 217//4020 216//3966 204//4880
f 204//4880 205//4871 217//4020
f 218//4200 217//4020 205//4871
f 205//4871 206//5124 218//4200
f 219//4508 218//4200 206//5124
f 206//5124 207//5236 219//4508
f 220//4592 219//4508 207//5236
f 207//5236 208//5265 220//4592
f 221//4398 220//4592 208//5265
f 208//5265 209//5134 221//4398
f 222//4313 221//4398 209//5134
f 209//5134 210//4926 222//4313
f 223//4607 222//4313 210//4926
f 210//4926 211//4866 223//4607
f 252//4966 251//5530 645//5539
f 645//5418 224//5231 252//4966
f 223//4607 224//4712 236//3823
f 222//4313 223//4441 236//3740
f 236//3823 235//3529 222//4313
f 14//2317 858//2166 225//2594
f 225//2594 69//2585 14//2317
f 221//4398 222//4313 235//3529
f 235//3529 234//3362 221//4398
f 220//4592 221//4398 234//3362
f 219//4508 220//4592 234//3362
f 234//3362 233//3162 219//4508
f 218//4200 219//4508 233//3162
f 233//3162 232//2819 218//4200
f 217//4020 218//4200 232//2819
f 232//2819 231//2820 217//4020
f 216//3966 217//4020 231//2820
f 231//2820 230//3189 216//3966
f 215//4092 216//3966 230//3189
f 230//3189 229//3232 215//4092
f 214//3893 215//4092 229//3232
f 229//3232 228//2933 214//3893
f 213//3374 214//3893 228//2933
f 228//2933 227//2592 213//3374
f 212//2723 213//3374 227//2592
f 227//2592 226//2494 212//2723
f 858//2166 212//2723 226//2494
f 226//2494 225//2594 858//2166
f 297//2253 322//2584 29//2522
f 29//2620 26//2220 297//2253
f 298//2109 323//2551 322//2584
f 322//2584 297//2253 298//2109
f 299//2071 324//3032 323//2551
f 323//2551 298//2109 299//2071
f 300//2069 325//3026 324//3032
f 324//3032 299//2071 300//2069
f 301//2260 326//3062 325//3026
f 325//3006 300//2069 301//2260
f 302//2489 327//3005 326//3062
f 326//3062 301//2260 302//2489
f 303//2769 328//3365 327//3005
f 327//3005 302//2489 303//2769
f 304//2894 329//3496 328//3365
f 328//3365 303//2769 304//2894
f 305//2920 330//3683 329//3496
f 329//3496 304//2894 305//2920
f 306//2983 331//3877 330//3683
f 330//3683 305//2920 306//2732
f 307//3450 332//4079 331//3877
f 331//3877 306//2732 307//3080
f 308//3616 333//4172 332//4079
f 332//4079 307//3080 308//3616
f 309//3581 334//4115 333//4172
f 333//4172 308//3616 309//3581
f 310//3448 335//4023 334//4115
f 334//4115 309//3581 310//3448
f 311//3411 336//3854 335//4023
f 335//4023 310//3448 311//3411
f 312//3233 337//3745 336//3854
f 336//3854 311//3411 312//3233
f 313//3103 338//3732 337//3745
f 337//3745 312//3233 313//3103
f 314//2891 339//3634 338//3732
f 338//3732 313//3103 314//2891
f 27//3068 30//3609 339//3634
f 339//3634 314//2891 27//3068
f 340//2617 359//2633 33//2644
f 33//2644 31//2571 340//2617
f 341//2731 360//2770 359//2633
f 359//2633 340//2617 341//2731
f 342//2952 361//3069 360//2770
f 360//2770 341//2731 342//2952
f 343//3306 362//3271 361//3069
f 361//3069 342//2952 343//3306
f 344//2974 363//3096 362//3271
f 362//3271 343//3306 344//2974
f 345//2730 364//3174 363//3096
f 363//3096 344//2974 345//2730
f 346//3022 365//3060 364//3174
f 364//3174 345//2730 346//3022
f 347//3388 366//2653 365//3060
f 365//3060 346//3022 347//3388
f 348//3472 367//2715 366//2653
f 366//2653 347//3388 348//3472
f 349//3681 368//2742 367//2715
f 367//2715 348//3472 349//3681
f 350//3782 369//2797 368//2742
f 368//2742 349//3681 350//3782
f 351//3874 370//2978 369//2797
f 369//2797 350//3782 351//3874
f 352//3846 371//2926 370//2978
f 370//2978 351//3874 352//3846
f 353//3690 372//2749 371//2926
f 371//2926 352//3846 353//3690
f 354//3574 373//2628 372//2749
f 372//2749 353//3690 354//3574
f 355//3590 374//2507 373//2628
f 373//2628 354//3574 355//3590
f 378//2837 396//2931 37//2996
f 37//2996 35//2782 378//2837
f 379//2986 397//2879 396//2931
f 396//2931 378//2837 379//2986
f 380//3098 398//3278 397//2879
f 397//2879 379//2986 380//3098
f 381//3302 399//3850 398//3278
f 398//3278 380//3098 381//3181
f 382//3602 400//4181 399//3809
f 399//3872 381//3132 382//3560
f 383//4153 401//4037 400//4181
f 400//4320 382//3560 383//4153
f 384//3582 402//3316 401//4037
f 401//4037 383//4153 384//3582
f 385//3295 403//2216 402//3316
f 402//3316 384//3582 385//3329
f 386//2170 404//1690 403//2216
f 403//2216 385//3295 386//2170
f 387//2086 405//1537 404//1690
f 404//1690 386//2170 387//2086
f 388//1889 406//1439 405//1537
f 405//1537 387//2086 388//1889
f 389//1707 407//1270 406//1439
f 406//1439 388//1889 389//1707
f 390//1608 408//1135 407//1270
f 407//1270 389//1707 390//1608
f 391//1633 409//1022 408//1135
f 408//1135 390//1608 391//1633
f 392//1609 410//1033 409//1022
f 409//1022 391//1633 392//1609
f 250//2943 249//1856 236//3740
f 237//2212 15//2336 69//2585
f 69//2585 225//2594 237//2212
f 238//2269 237//2212 225//2594
f 225//2594 226//2494 238//2269
f 239//2268 238//2269 226//2494
f 226//2494 227//2592 239//2268
f 240//2230 239//2268 227//2592
f 227//2592 228//2933 240//2230
f 241//2235 240//2230 228//2933
f 228//2933 229//3232 241//2235
f 242//2334 241//2235 229//3232
f 229//3232 230//3189 242//2334
f 243//2476 242//2334 230//3189
f 244//2543 243//2476 230//3189
f 230//3189 231//2820 244//2543
f 245//2332 244//2543 231//2820
f 231//2820 232//2819 245//2332
f 246//2313 245//2332 232//2819
f 232//2819 233//3162 246//2313
f 247//2344 246//2313 233//3162
f 233//3162 234//3362 247//2344
f 248//2206 247//2344 234//3362
f 234//3362 235//3529 248//2206
f 249//1856 248//2215 235//3529
f 235//3529 236//3740 249//1856
f 645//3836 646//3836 647//3836
f 647//4204 236//3823 645//5165
f 224//4894 645//5165 236//3823
f 649//2487 250//2943 236//3740
f 648//2618 649//2487 236//3244
f 647//4204 648//2618 236//3740
f 70//2326 731//2566 734//2760
f 734//2760 24//2256 70//2326
f 320//1427 319//1731 676//847
f 676//847 721//935 320//1427
f 321//1771 320//1299 721//930
f 721//1685 727//2205 321//1853
f 734//2760 290//2695 24//2256
f 70//2326 28//2351 321//1853
f 321//1853 727//2205 70//2326
f 70//2326 727//2205 731//2566
f 319//1731 318//1718 668//749
f 668//749 676//847 319//1731
f 316//2016 315//1722 652//916
f 317//1773 316//2016 652//1074
f 652//916 660//898 317//1773
f 318//1718 317//1773 660//898
f 660//898 668//1080 318//1718
f 250//2943 649//2487 650//1653
f 249//1856 250//2943 650//1653
f 650//1653 651//870 249//1856
f 315//1463 248//2206 249//1856
f 315//1463 249//1856 651//870
f 15//2336 237//2212 26//2279
f 321//2110 28//2351 27//3068
f 27//3068 314//2891 321//1853
f 320//1455 321//1853 314//2891
f 314//2891 313//3103 320//1665
f 319//1731 320//1675 313//3103
f 313//3103 312//3233 319//1731
f 318//1718 319//1731 312//3233
f 312//3233 311//3411 318//1718
f 317//1773 318//1718 311//3411
f 311//3411 310//3448 317//1773
f 316//2016 317//1773 310//3448
f 310//3448 309//3581 316//2016
f 315//1828 316//2016 309//3581
f 309//3581 308//3616 315//1828
f 315//1828 308//3616 307//3080
f 248//2705 315//2431 307//2980
f 307//2980 306//2671 248//2215
f 247//2344 248//2206 306//2732
f 306//2732 305//2920 247//2344
f 246//2313 247//2344 305//2920
f 305//2920 304//2894 246//2313
f 245//2332 246//2313 304//2894
f 304//2894 303//2769 245//2332
f 244//2543 245//2332 303//2769
f 303//2769 302//2489 244//2543
f 243//2476 244//2543 302//2489
f 302//2489 301//2260 243//2476
f 242//2334 243//2476 301//2260
f 301//2260 300//2069 242//2334
f 242//2334 300//2069 299//2071
f 241//2235 242//2334 299//2071
f 299//2071 298//2109 241//2235
f 240//2230 241//2235 298//2109
f 298//2109 297//2253 240//2230
f 239//2268 240//2230 297//2253
f 238//2269 239//2268 297//2253
f 297//2253 26//2220 238//2269
f 237//2212 238//2269 26//2223
f 322//2584 340//2617 31//2571
f 31//2571 29//2522 322//2584
f 323//2551 341//2731 340//2617
f 340//2617 322//2584 323//2551
f 324//3032 342//2952 341//2731
f 341//2731 323//2551 324//3032
f 325//3067 343//3306 342//2952
f 342//2952 324//3032 325//3026
f 326//3062 344//2974 343//3306
f 343//3306 325//3026 326//3062
f 327//3005 345//2730 344//2974
f 344//2974 326//3062 327//3005
f 328//3365 346//3022 345//2730
f 345//2730 327//3005 328//3365
f 329//3496 347//3388 346//3022
f 346//3022 328//3365 329//3496
f 330//3683 348//3472 347//3388
f 347//3388 329//3496 330//3683
f 331//3877 349//3681 348//3472
f 348//3472 330//3683 331//3877
f 332//4079 350//3782 349//3681
f 349//3681 331//3877 332//4079
f 333//4172 351//3874 350//3782
f 350//3782 332//4079 333//4172
f 334//4115 352//3846 351//3874
f 351//3874 333//4172 334//4115
f 335//4023 353//3690 352//3846
f 352//3846 334//4115 335//4023
f 336//3854 354//3574 353//3690
f 353//3690 335//4023 336//3854
f 337//3745 355//3590 354//3574
f 354//3574 336//3854 337//3745
f 338//3719 356//3622 355//3590
f 355//3590 337//3745 338//3732
f 338//3732 357//3540 356//3742
f 359//2633 378//2837 35//2782
f 35//2782 33//2644 359//2633
f 360//2770 379//2986 378//2837
f 378//2837 359//2633 360//2770
f 361//3069 380//3098 379//2986
f 379//2986 360//2770 361//3069
f 362//3271 381//3181 380//3098
f 380//3098 361//3069 362//3271
f 363//3096 382//3560 381//3094
f 381//3132 362//3271 363//3096
f 364//3174 383//4153 382//3560
f 382//3439 363//3096 364//3174
f 365//3060 384//3582 383//4153
f 383//4153 364//3174 365//3060
f 366//2653 385//3295 384//3582
f 384//3582 365//3060 366//2653
f 367//2715 386//2170 385//3295
f 385//3167 366//2653 367//2715
f 368//2742 387//2086 386//2170
f 386//2170 367//2715 368//2742
f 369//2797 388//1889 387//2086
f 387//2086 368//2742 369//2797
f 370//2978 389//1707 388//1889
f 388//1889 369//2797 370//2978
f 371//2926 390//1608 389//1707
f 389//1707 370//2978 371//2926
f 372//2749 391//1633 390//1608
f 390//1608 371//2926 372//2749
f 373//2628 392//1609 391//1633
f 391//1633 372//2749 373//2628
f 374//2393 393//1697 392//1609
f 392//1609 373//2628 374//2507
f 192//5104 191//5223 291//4892
f 277//4052 276//4407 285//4765
f 315//1079 651//870 652//819
f 396//2931 414//2764 39//2848
f 39//2848 37//2996 396//2931
f 397//2879 415//2790 414//2764
f 414//2764 396//2931 397//2879
f 398//3278 416//3229 415//2790
f 415//2790 397//2879 398//3278
f 399//3850 417//3289 416//3229
f 416//3229 398//3278 399//3850
f 400//4193 418//3222 417//3289
f 417//3289 399//3809 400//4193
f 401//4037 419//2603 418//3460
f 418//3810 400//4181 401//4037
f 402//3316 420//2262 419//2603
f 419//2603 401//4037 402//3316
f 403//2216 421//1760 420//2262
f 420//2262 402//3316 403//2216
f 404//1690 422//1671 421//1760
f 421//1760 403//2216 404//1690
f 405//1537 423//1713 422//1671
f 422//1671 404//1690 405//1537
f 406//1439 424//1732 423//1713
f 423//1713 405//1537 406//1439
f 407//1270 425//1595 424//1732
f 424//1732 406//1439 407//1270
f 408//1135 426//1451 425//1595
f 425//1565 407//1270 408//1135
f 409//1022 427//1251 426//1451
f 426//1451 408//1135 409//1022
f 410//1033 428//1296 427//1251
f 427//1003 409//1022 410//1033
f 414//2764 430//2722 40//2734
f 40//2734 39//2848 414//2764
f 415//2790 431//2877 430//2722
f 430//2722 414//2764 415//2790
f 416//3229 432//2824 431//2877
f 431//2877 415//2790 416//3229
f 417//3289 433//2329 432//2824
f 432//2824 416//3229 417//3289
f 418//2750 434//2136 433//2329
f 433//2329 417//3289 418//2512
f 419//2603 435//2273 434//2136
f 434//2136 418//3222 419//2603
f 420//2262 436//2416 435//2273
f 435//2273 419//2603 420//2262
f 421//1760 437//2632 436//2416
f 436//2416 420//2262 421//1760
f 422//1671 438//2754 437//2632
f 437//2632 421//1760 422//1671
f 423//1713 439//2668 438//2754
f 438//2754 422//1671 423//1713
f 424//1732 440//2792 439//2668
f 439//2668 423//1713 424//1732
f 425//1595 441//2597 440//2792
f 440//2792 424//1732 425//1649
f 426//1451 442//2941 441//2597
f 441//2597 425//1595 426//1451
f 427//1251 443//2904 442//2941
f 442//2941 426//1451 427//1310
f 428//1296 444//1511 443//2555
f 443//2904 427//1310 428//1296
f 429//1278 445//1435 444//1511
f 444//1511 428//1296 429//1278
f 567//1474 410//1033 392//1609
f 392//1609 393//1576 567//1474
f 556//1121 429//1278 428//1296
f 428//1296 410//1033 556//1121
f 411//1261 556//1031 410//1033
f 567//1387 411//1110 410//1033
f 430//2722 446//2942 41//2874
f 41//2874 40//2734 430//2722
f 431//2877 447//2914 446//2942
f 446//2942 430//2722 431//2877
f 432//2824 448//2821 447//2914
f 447//2914 431//2877 432//2824
f 433//2329 449//2462 448//2821
f 448//2821 432//2824 433//2329
f 434//2136 450//2209 449//2462
f 449//2462 433//2329 434//2136
f 435//2273 451//2418 450//2150
f 450//2150 434//2136 435//2273
f 436//2416 452//3224 451//2418
f 451//2418 435//2273 436//2416
f 437//2632 453//3445 452//3224
f 452//3224 436//2416 437//2632
f 438//2754 454//3347 453//3445
f 453//3445 437//2632 438//2754
f 439//2668 455//3018 454//3347
f 454//3347 438//2754 439//2668
f 440//2792 456//2937 455//3018
f 455//3018 439//2668 440//2792
f 441//2597 457//2390 456//2937
f 456//2937 440//2792 441//2597
f 442//2941 458//2435 457//2390
f 457//3288 441//2597 442//2941
f 443//2904 459//3807 458//3992
f 458//3912 442//2941 443//2904
f 444//4197 859//4373 459//3807
f 459//3807 443//3239 444//4197
f 445//4263 460//4631 859//4373
f 859//4373 444//4197 445//4263
f 446//2942 461//3175 42//3143
f 42//3143 41//2874 446//2942
f 447//2914 462//2858 461//3175
f 461//3175 446//2942 447//2914
f 448//2821 463//2733 462//2858
f 462//2858 447//2914 448//2821
f 449//2462 464//2727 463//2733
f 463//2733 448//2821 449//2462
f 450//2337 465//2747 464//2727
f 464//2727 449//2462 450//2209
f 451//2418 466//2227 465//2657
f 465//2361 450//2150 451//2418
f 452//3224 467//2368 466//2227
f 466//2227 451//2418 452//3224
f 453//3445 468//2328 467//2368
f 467//2368 452//3224 453//3445
f 454//3347 469//2126 468//2328
f 468//2328 453//3445 454//3347
f 455//3018 470//1978 469//2126
f 469//2126 454//3347 455//3018
f 456//2937 471//1837 470//1978
f 470//1978 455//3018 456//2937
f 457//2390 472//2029 471//1837
f 471//1837 456//2937 457//2390
f 458//4237 473//5012 472//5070
f 472//2029 457//2095 458//1705
f 459//3807 474//3824 473//4624
f 473//2014 458//1705 459//2844
f 859//4373 475//4108 474//3824
f 474//3824 459//3735 859//4373
f 461//3175 477//3190 43//3213
f 43//3213 42//3143 461//3175
f 462//2858 478//2473 477//3190
f 477//3190 461//3175 462//2858
f 463//2733 479//2319 478//2546
f 478//2546 462//2858 463//2733
f 464//2727 480//2053 479//2319
f 479//2319 463//2733 464//2727
f 465//2747 481//1801 480//2053
f 480//2053 464//2727 465//2657
f 466//2227 482//1699 481//1801
f 481//1801 465//2657 466//2227
f 467//2368 483//2037 482//1699
f 482//1699 466//2227 467//2368
f 468//2328 484//1490 483//1578
f 483//1578 467//2368 468//2328
f 469//2126 485//1533 484//1490
f 484//1490 468//2328 469//2126
f 470//1978 486//1577 485//1533
f 485//1533 469//2126 470//1978
f 471//1837 487//1544 486//1577
f 486//1577 470//1978 471//1837
f 472//2029 488//1700 487//1544
f 487//1544 471//1837 472//2029
f 473//2014 489//2091 488//1700
f 488//1700 472//2029 473//2014
f 474//3824 490//2641 489//2091
f 489//2091 473//2222 474//3824
f 475//3936 491//2469 490//2641
f 490//2641 474//3824 475//3758
f 476//4478 492//3255 491//2469
f 491//2469 475//3990 476//3710
f 493//1459 507//976 45//1101
f 45//1101 44//1040 493//1459
f 494//828 508//833 507//976
f 507//976 493//1459 494//978
f 495//1116 509//826 508//833
f 508//833 494//983 495//1116
f 496//1090 510//812 509//826
f 509//826 495//1116 496//1090
f 497//1002 511//867 510//812
f 510//812 496//1090 497//1002
f 498//1066 512//932 511//867
f 511//867 497//1002 498//1066
f 499//1166 513//1027 512//932
f 512//932 498//1066 499//1166
f 500//1309 514//996 513//1027
f 513//1027 499//1166 500//1309
f 501//1377 515//1005 514//996
f 514//996 500//1309 501//1377
f 502//1382 516//914 515//1005
f 515//1005 501//1377 502//1382
f 503//1394 517//855 516//914
f 516//914 502//1382 503//1394
f 504//1437 518//807 517//855
f 517//855 503//1394 504//1437
f 505//1308 519//861 518//807
f 518//807 504//1437 505//1308
f 506//1085 520//927 519//861
f 519//861 505//1215 506//1085
f 507//976 522//1289 521//1180
f 521//1180 45//1101 507//976
f 508//833 523//865 522//1051
f 522//1115 507//976 508//833
f 509//826 524//835 523//865
f 523//865 508//833 509//826
f 510//812 525//830 524//835
f 524//835 509//826 510//812
f 511//867 526//822 525//830
f 525//830 510//812 511//867
f 512//932 527//486 526//822
f 526//822 511//867 512//932
f 513//1027 528//971 527//793
f 527//486 512//932 513//1027
f 514//996 529//629 528//971
f 528//971 513//1027 514//996
f 515//1005 530//602 529//629
f 529//629 514//996 515//1005
f 516//914 531//588 530//602
f 530//602 515//1005 516//914
f 517//855 532//595 531//588
f 531//588 516//914 517//855
f 518//807 533//804 532//595
f 532//595 517//855 518//807
f 519//861 534//954 533//804
f 533//804 518//807 519//861
f 520//927 535//1106 534//954
f 534//954 519//861 520//927
f 522//18 537//202 536//200
f 536//23 521//14 522//18
f 523//67 538//74 537//138
f 537//202 522//18 523//67
f 524//61 539//54 538//74
f 538//74 523//67 524//61
f 525//109 540//45 539//54
f 539//54 524//61 525//109
f 526//106 541//128 540//45
f 540//45 525//109 526//106
f 527//399 542//153 541//128
f 541//128 526//106 527//172
f 528//235 543//103 542//78
f 542//153 527//399 528//235
f 529//576 544//163 543//103
f 543//103 528//235 529//279
f 530//602 545//218 544//163
f 544//163 529//576 530//602
f 531//588 546//241 545//218
f 545//218 530//602 531//588
f 532//547 547//253 546//241
f 546//241 531//588 532//547
f 490//2641 491//2469 505//1308
f 505//1406 504//1437 490//2641
f 489//2091 490//2641 504//1437
f 504//1437 503//1394 489//2091
f 488//1700 489//2091 503//1394
f 503//1394 502//1382 488//1700
f 487//1544 488//1700 502//1382
f 502//1382 501//1377 487//1544
f 486//1577 487//1544 501//1377
f 501//1377 500//1309 486//1577
f 485//1533 486//1577 500//1309
f 500//1309 499//1166 485//1533
f 484//1490 485//1533 499//1166
f 499//1166 498//1066 484//1490
f 483//1161 484//1490 498//1066
f 498//1066 497//1002 483//1161
f 482//1699 483//1578 497//1002
f 497//1002 496//1090 482//1699
f 481//1801 482//1699 496//1090
f 496//1090 495//1116 481//1801
f 480//2053 481//1801 495//1116
f 495//1116 494//1429 480//2053
f 479//2319 480//2053 494//1332
f 494//1519 493//1459 479//2319
f 476//4706 475//4748 804//4956
f 475//4470 859//4373 460//4631
f 460//4631 550//4695 475//4189
f 475//4108 550//4695 557//4885
f 557//4885 804//4956 475//4748
f 853//4350 855//4145 729//2058
f 729//3279 728//3902 853//4350
f 858//2166 14//2317 13//2035
f 13//2035 181//1881 858//2166
f 808//1976 491//2469 492//3255
f 809//1148 810//1053 520//927
f 520//927 506//1085 809//1148
f 808//1976 506//1085 505//1308
f 505//1308 491//2469 808//1976
f 811//1029 812//948 535//1106
f 535//1106 520//927 811//1029
f 810//1053 811//1029 520//927
f 831//5443 587//5206 602//5025
f 602//4920 832//4701 831//5018
f 831//5420 803//5362 587//4993
f 834//4357 838//3660 845//3561
f 845//3561 835//4490 834//4357
f 863//2111 862//1273 861//1378
f 861//2502 860//1987 863//2475
f 867//3412 866//2672 865//2155
f 865//2155 864//2669 867//3412
f 864//5406 865//5466 869//5460
f 869//5460 868//5421 864//5406
f 863//2667 860//2219 870//2484
f 870//2650 872//3647 871//3488
f 871//3488 872//2202 873//2726
f 877//1971 876//2419 875//2869
f 875//2869 874//2218 877//1971
f 874//2218 875//2869 879//3654
f 879//4180 878//3010 874//2308
f 878//3010 879//4180 881//3848
f 881//3848 880//2971 878//2518
f 880//2971 883//1562 882//1361
f 882//1136 878//1874 880//2971
f 878//2518 882//1136 884//1223
f 884//1223 874//2218 878//2518
f 874//2218 884//1223 885//1063
f 885//1063 877//1971 874//2103
f 887//4750 879//4267 875//4886
f 875//4886 886//5006 887//4750
f 886//5006 875//4886 876//4551
f 876//4551 888//4932 886//5006
f 888//4932 891//5102 890//5183
f 890//5183 889//5480 888//4932
f 893//800 885//1063 884//1223
f 884//1223 892//938 893//800
f 894//765 892//938 884//1223
f 884//1223 882//1041 894//655
f 882//1136 883//1562 894//655
f 895//2935 888//4782 876//4220
f 864//5406 868//5421 890//5183
f 890//5183 891//5102 864//5406
f 867//3412 897//3987 896//3907
f 896//3700 866//2672 867//3412
f 860//2523 861//4029 896//3907
f 896//2460 897//1449 860//1787
f 899//24 870//181 871//116
f 871//116 898//57 899//56
f 898//1534 871//1958 873//1664
f 873//1601 900//1370 898//1534
f 900//183 873//277 893//175
f 893//175 901//137 900//183
f 903//950 894//691 883//1758
f 883//1758 902//2081 903//1500
f 901//137 893//175 892//246
f 892//246 904//268 901//140
f 904//268 892//246 894//604
f 894//691 903//643 904//340
f 906//1916 898//1534 900//1558
f 900//1983 905//2348 906//1916
f 901//305 907//501 905//621
f 905//942 900//883 901//578
f 901//305 904//555 908//561
f 908//561 907//501 901//305
f 908//561 904//511 903//813
f 903//643 909//637 908//561
f 909//1778 903//1256 902//2081
f 902//2081 910//2272 909//1778
f 910//2272 902//2081 912//3172
f 912//3172 911//3457 910//2272
f 899//56 898//57 906//376
f 906//518 913//799 899//274
f 913//799 915//384 914//92
f 914//490 899//274 913//799
f 864//2669 891//3000 895//3344
f 895//3344 867//3412 864//2669
f 916//1833 895//3191 876//3556
f 876//3087 877//1971 916//1833
f 895//3344 916//2866 897//3304
f 897//3987 867//3412 895//3134
f 897//1652 916//2210 917//1638
f 917//1351 860//1869 897//1652
f 917//1330 916//1831 877//1971
f 877//1971 885//1063 917//1330
f 873//332 917//992 885//1063
f 885//1063 893//800 873//660
f 872//2033 917//1759 873//2122
f 870//2484 860//1987 917//1638
f 917//1759 872//2033 870//2174
f 870//181 899//24 863//151
f 914//19 862//165 863//151
f 863//151 899//24 914//19
f 889//5327 890//5099 919//4819
f 919//4819 918//4925 889//5326
f 890//5099 868//5302 920//4967
f 920//4967 919//4819 890//5099
f 888//5127 889//5425 921//5487
f 921//5462 886//5006 888//5127
f 879//4267 887//4750 922//4674
f 922//4334 881//3848 879//4180
f 922//4674 887//4750 924//5074
f 924//5074 923//5225 922//4890
f 924//5074 887//4750 886//5006
f 886//5006 921//5462 924//5074
f 923//5225 924//5074 926//5283
f 926//5283 925//5431 923//5225
f 926//5283 924//5074 921//5462
f 921//5429 927//5002 926//5049
f 927//5269 921//5462 889//5482
f 889//5326 918//4925 927//4959
f 906//3064 905//2417 928//2806
f 906//685 928//1631 913//841
f 905//2417 930//2973 929//3628
f 929//4228 928//3763 905//3199
f 930//3973 919//4819 920//4967
f 920//4967 929//4363 930//4571
f 928//2564 929//4228 932//3538
f 932//2477 931//1803 928//2564
f 932//4479 929//4363 920//4967
f 920//4967 933//5075 932//4479
f 905//2196 907//1988 934//1934
f 934//1934 930//2135 905//1917
f 930//4571 934//4584 918//4925
f 918//4925 919//4819 930//4571
f 907//1988 908//2018 935//2868
f 935//2868 934//1934 907//1988
f 934//4584 935//4071 927//4705
f 927//4705 918//4925 934//4584
f 913//841 928//1832 931//1803
f 931//1803 915//1679 913//1331
f 935//2868 908//2018 909//2298
f 910//3262 935//3467 909//2298
f 927//4863 935//4280 926//4332
f 910//3262 911//3921 935//3535
f 925//4151 926//4169 935//3535
f 935//3535 911//3921 925//4151
f 923//3958 925//4261 911//3457
f 911//3457 912//3172 923//3507
f 902//2081 883//1758 880//3495
f 880//3495 912//3172 902//2081
f 895//3134 891//3000 888//2917
f 912//3172 880//3495 881//4399
f 922//4666 912//3178 881//4399
f 922//3038 923//3311 912//3071
f 868//5302 869//5508 933//5075
f 933//5075 920//4967 868//5302
f 865//2155 866//2672 815//2043
f 815//2043 816//3108 865//2155
f 862//165 914//19 852//364
f 852//364 825//612 862//441
f 861//1378 862//1349 825//952
f 825//636 822//1151 861//1378
f 896//3907 861//4029 822//4255
f 822//1151 815//2043 896//2959
f 866//2672 896//3784 815//2043
f 816//5207 828//5113 869//5460
f 869//5460 865//5466 816//5207
f 849//1607 852//1243 914//526
f 914//47 915//384 849//1047
f 844//2138 849//1607 915//1679
f 915//1679 931//1803 844//2138
f 845//3561 844//2138 931//1803
f 931//1803 932//2477 845//3561
f 835//4490 845//3561 932//3538
f 932//4479 933//5075 835//5152
f 828//5705 835//5666 933//5075
f 933//5075 869//5508 828//5705
f 641//145 534//143 535//245
f 535//245 637//273 641//145
f 642//60 547//253 532//547
f 532//249 533//42 642//60
f 641//145 642//60 533//42
f 533//42 534//143 641//145
f 638//195 546//241 547//253
f 643//499 644//704 541//244
f 541//133 542//186 643//197
f 631//93 643//197 542//153
f 542//153 543//103 631//75
f 630//29 631//75 543//103
f 543//103 544//163 630//48
f 632//129 630//48 544//163
f 544//163 545//218 632//180
f 638//195 632//180 545//218
f 545//218 546//241 638//195
f 65//205 541//128 644//380
f 644//380 64//190 65//64
f 68//597 536//515 537//276
f 68//375 537//202 538//74
f 67//17 68//39 538//74
f 538//74 539//54 67//11
f 66//4 67//11 539//54
f 539//54 540//45 66//4
f 65//37 66//4 540//45
f 540//45 541//133 65//64
f 937//3 942//393 941//416
f 941//416 936//21 937//3
f 938//201 943//453 942//393
f 942//393 937//3 938//201
f 939//645 944//754 943//453
f 943//453 938//201 939//645
f 940//1288 945//1391 944//754
f 944//754 939//645 940//1288
f 71//2343 946//2466 945//1391
f 945//1391 940//1288 71//2343
f 942//393 948//984 947//1015
f 947//1015 941//416 942//393
f 943//453 949//974 948//984
f 948//984 942//393 943//453
f 944//754 950//1216 949//974
f 949//974 943//453 944//754
f 945//1391 951//1666 950//1216
f 950//1216 944//754 945//1391
f 946//2466 952//2398 951//1666
f 951//1666 945//1391 946//2466
f 948//984 954//2434 953//2496
f 953//2496 947//1015 948//984
f 949//974 955//2303 954//2434
f 954//2434 948//984 949//974
f 950//1216 956//2304 955//2303
f 955//2303 949//974 950//1216
f 951//1666 957//2204 956//2304
f 956//2141 950//1216 951//1666
f 952//1843 957//2204 951//1666
f 954//2434 959//4517 958//4539
f 958//4539 953//2496 954//2434
f 955//2303 960//4380 959//4517
f 959//4517 954//2434 955//2303
f 956//2304 961//3892 960//4380
f 960//4380 955//2303 956//2304
f 957//2257 962//3520 961//3937
f 961//3937 956//2627 957//2257
f 959//4517 964//5540 963//5545
f 963//5545 958//4539 959//4517
f 960//4380 965//5357 964//5540
f 964//5540 959//4517 960//4380
f 961//3937 966//4718 965//5357
f 965//5357 960//4380 961//3937
f 962//3520 967//3960 966//4349
f 966//4647 961//4014 962//3520
f 964//5540 969//5818 968//5811
f 968//5811 963//5545 964//5540
f 965//5357 970//5673 969//5818
f 969//5818 964//5540 965//5357
f 966//4688 45//4742 970//5673
f 970//5673 965//5357 966//4688
f 967//3960 971//4066 45//4723
f 45//4742 966//4578 967//3960
f 952//2398 478//2640 957//1928
f 946//2466 71//2343 43//3213
f 43//3213 477//3190 946//2466
f 952//2413 946//2466 477//3190
f 952//2413 477//3190 478//2473
f 478//2546 493//1459 957//2251
f 478//2546 479//2319 493//1459
f 591//5394 972//5402 973//4975
f 973//4975 592//5031 591//5394
f 592//5031 973//4975 974//4614
f 974//4614 593//4621 592//5031
f 593//1176 974//1187 975//903
f 975//903 594//899 593//1176
f 594//899 975//903 976//678
f 976//678 595//683 594//899
f 595//294 976//261 977//260
f 977//260 608//296 595//294
f 608//1205 977//1061 978//1087
f 978//1087 609//1203 608//1205
f 609//3818 978//3817 979//4500
f 979//4500 610//4646 609//3818
f 610//4646 979//4672 972//5033
f 972//5033 591//5063 610//4646
f 597//5505 980//5613 981//5578
f 981//5578 598//5505 597//5505
f 598//3505 981//4019 982//3092
f 982//3092 599//3027 598//3505
f 599//2771 982//3092 983//1584
f 983//1584 600//1703 599//2771
f 600//1603 983//1584 984//1311
f 984//1311 601//1329 600//1603
f 601//207 984//125 985//35
f 985//35 603//91 601//207
f 603//91 985//35 986//542
f 986//542 605//624 603//91
f 605//624 986//656 987//1059
f 987//1059 606//1036 605//624
f 606//3462 987//3499 988//4430
f 988//4430 607//4487 606//3462
f 607//4487 988//4655 980//5053
f 980//5053 597//5037 607//4487
f 978//3817 990//3772 989//4210
f 989//4210 979//4289 978//3817
f 977//719 991//647 990//991
f 990//991 978//1087 977//719
f 976//261 992//299 991//647
f 991//647 977//478 976//261
f 975//903 993//816 992//672
f 992//672 976//678 975//903
f 974//1187 994//1218 993//816
f 993//816 975//903 974//1187
f 973//4975 995//4786 994//4412
f 994//4412 974//4614 973//4975
f 972//5402 996//5410 995//5020
f 995//5020 973//4975 972//5402
f 979//4500 989//4210 996//4865
f 996//4865 972//5033 979//4500
f 988//4430 998//4283 997//5044
f 997//5044 980//5053 988//4430
f 987//3499 999//3527 998//4283
f 998//4283 988//4176 987//3499
f 986//756 1000//722 999//1098
f 999//1098 987//1059 986//756
f 985//35 1001//188 1000//722
f 1000//722 986//656 985//35
f 984//125 1002//66 1001//188
f 1001//188 985//35 984//125
f 983//1584 1003//1647 1002//1409
f 1002//1409 984//1311 983//1584
f 982//3092 1004//2966 1003//1647
f 1003//1647 983//1584 982//3092
f 981//4019 1005//3781 1004//2966
f 1004//2966 982//3092 981//4019
f 980//5613 997//5654 1005//5652
f 1005//5652 981//5578 980//5613
f 995//4329 996//4683 1006//3981
f 994//4060 995//4523 1006//3767
f 993//1814 994//3394 1006//3249
f 992//1353 993//1814 1006//1642
f 991//1275 992//1353 1006//1343
f 990//2825 991//2168 1006//2882
f 989//4299 990//2825 1006//3436
f 996//4683 989//4299 1006//4231
f 1005//3814 997//4265 1007//3686
f 1004//2966 1005//3945 1007//3029
f 1003//1647 1004//2966 1007//2573
f 1002//1301 1003//1647 1007//2062
f 1001//1092 1002//1401 1007//1467
f 1000//1184 1001//1092 1007//1167
f 999//1792 1000//1184 1007//1766
f 998//3728 999//1792 1007//2738
f 997//4265 998//3728 1007//3798
f 1008//3070 1009//4054 1010//4054
f 1011//5067 1008//3583 1010//4903
f 1012//4507 1008//3594 1011//5076
f 1012//3721 1013//2950 1008//2909
f 1014//5521 1015//5580 1011//5444
f 1011//5230 1010//4903 1014//5310
f 1011//5573 1015//5566 1016//5379
f 1016//5379 1012//4944 1011//5457
f 1012//4206 1016//5221 1017//3965
f 1013//2950 1012//3721 1017//3965
f 1017//3965 1018//2737 1013//2950
f 1008//2706 1013//2950 1018//2737
f 1018//2737 1019//2562 1008//2550
f 1008//3269 1019//2562 1020//4081
f 1021//4710 1014//5214 1010//4903
f 1010//4903 1009//3932 1021//4660
f 1022//3330 1019//2562 1018//2746
f 1018//3328 1023//3843 1022//3205
f 1020//4081 1024//4252 1025//4696
f 1025//4260 1021//4626 1020//4081
f 1026//4915 1015//5504 1014//5010
f 1017//4474 1028//4735 1023//3750
f 1023//3843 1018//3389 1017//4474
f 1017//4318 1016//5379 1029//5579
f 1029//5320 1028//4735 1017//4474
f 1023//3322 1028//4735 1030//4027
f 1030//4027 1031//2796 1023//2864
f 1028//4735 1029//5579 1032//4811
f 1032//4635 1030//4027 1028//4735
f 1029//5583 1033//5636 1032//5528
f 1029//5583 1027//5524 1033//5636
f 1034//4620 1035//5005 1026//5194
f 1026//5194 1025//4602 1034//4359
f 1035//4979 1036//5281 1026//5194
f 1026//4915 1036//4851 1027//4985
f 1024//3674 1037//4408 1038//3827
f 1038//3704 1025//4270 1024//3674
f 1037//676 1024//676 1022//676
f 1022//4142 1039//4803 1037//4598
f 1040//4562 1041//4524 1037//4475
f 1037//4475 1039//4803 1040//4562
f 1041//4524 1042//4201 1038//3896
f 1038//3943 1037//4475 1041//4524
f 1042//4201 1043//4616 1034//4342
f 1034//4342 1038//3896 1042//4201
f 1043//4616 1044//4846 1035//4541
f 1035//4762 1034//4473 1043//4616
f 1044//4846 1045//4963 1036//4851
f 1036//4851 1035//4541 1044//4846
f 1045//4509 1046//3858 1027//4226
f 1027//4985 1036//4851 1045//4963
f 1046//3858 1047//4679 1027//4605
f 1027//5154 1047//4778 1048//4821
f 1048//4821 1033//4726 1027//4895
f 1033//4726 1048//4821 1049//4544
f 1049//5028 1032//5486 1033//5636
f 1030//4027 1032//4635 1049//4544
f 1049//4544 1050//3261 1030//4027
f 1031//2796 1030//4027 1050//3261
f 1050//3261 1051//2616 1031//2796
f 1022//3330 1031//2796 1051//2616
f 1046//5632 1052//5706 1053//5647
f 1046//5632 1053//5647 1054//5291
f 1054//4814 1047//4679 1046//3858
f 1047//5254 1054//5291 1055//4839
f 1055//4839 1048//4821 1047//4778
f 1048//4821 1055//4839 1056//4321
f 1056//4321 1049//4649 1048//4821
f 1050//3261 1049//4544 1056//4321
f 1056//4321 1057//3606 1050//3261
f 1051//2616 1050//3261 1057//3606
f 1057//3606 1058//2140 1051//2616
f 1022//3330 1051//2616 1058//2140
f 1058//2140 1059//1625 1022//2312
f 1044//4846 1060//5072 1061//5484
f 1061//5515 1045//5055 1044//4846
f 1062//4758 1060//5317 1044//4846
f 1044//4846 1043//4616 1062//4758
f 1063//3952 1062//4758 1043//4616
f 1043//4616 1042//4201 1063//4062
f 1063//4062 1042//4201 1041//4347
f 1041//1113 1064//2426 1063//3802
f 1064//2104 1041//1039 1040//960
f 1040//960 1065//1421 1064//2104
f 1066//1411 1065//1201 1040//802
f 1040//4562 1022//3559 1066//3702
f 1066//3702 1022//3608 1059//3675
f 1067//2192 1064//2599 1065//1818
f 1065//1529 1068//1784 1067//2192
f 1067//2192 1069//3629 1063//3775
f 1063//3802 1064//2599 1067//2192
f 1069//3629 1070//4402 1062//4758
f 1062//4758 1063//3888 1069//3629
f 1070//4402 1071//4960 1060//5317
f 1060//5249 1062//4758 1070//4402
f 1071//4960 1072//5454 1061//5515
f 1061//5527 1060//5249 1071//4960
f 1072//5454 1073//5728 1052//5706
f 1052//5706 1061//5515 1072//5454
f 1052//5706 1073//5728 1074//5604
f 1074//5604 1053//5647 1052//5706
f 1053//5647 1074//5604 1054//5291
f 1075//1728 1066//2703 1059//2630
f 1069//3629 1076//3792 1077//4447
f 1077//4447 1070//4402 1069//3629
f 1077//4447 1078//4855 1071//4960
f 1071//4960 1070//4402 1077//4447
f 1078//4855 1079//5276 1072//5454
f 1072//5454 1071//4960 1078//4855
f 1079//5276 1080//5448 1073//5728
f 1073//5728 1072//5454 1079//5276
f 1080//5448 1081//5304 1074//5604
f 1074//5604 1073//5728 1080//5542
f 1074//5604 1081//5304 1082//5156
f 1082//5156 1054//5187 1074//5604
f 1054//5291 1082//5156 1083//4837
f 1083//4837 1055//4839 1054//5291
f 1055//4839 1083//4837 1084//4085
f 1084//4085 1056//4321 1055//4839
f 1057//3606 1056//4321 1084//4085
f 1084//4085 1085//3895 1057//3606
f 1057//3606 1085//3895 1086//3525
f 1058//2140 1057//3606 1086//3525
f 1086//3525 1087//2851 1058//2140
f 1059//1625 1058//2140 1087//2851
f 1087//2851 1088//2654 1059//2630
f 1075//1864 1059//3675 1088//2833
f 1088//2586 1089//2009 1075//1632
f 1090//2197 1068//1784 1075//1728
f 1075//1728 1089//2977 1090//2440
f 1091//2020 1068//1784 1090//2440
f 1092//2354 1067//2192 1068//1784
f 1068//1784 1093//1982 1092//2786
f 1093//1982 1068//1784 1091//2020
f 72//4818 73//4881 1079//5276
f 1079//5276 1078//4855 72//4818
f 73//4881 1094//5009 1080//5383
f 1080//5448 1079//5276 73//4881
f 1094//5009 1095//4813 1081//5304
f 1081//5304 1080//5448 1094//5009
f 1095//4813 1096//4610 1082//5156
f 1082//5156 1081//5304 1095//4929
f 1082//5156 1096//4610 1097//4530
f 1082//5156 1097//4530 1083//4837
f 1088//2654 1087//2851 1098//3451
f 1098//3451 1099//3563 1088//2654
f 1088//2654 1099//3563 1100//3371
f 1089//2977 1088//2654 1100//3371
f 1100//3371 1101//3423 1089//2977
f 1090//2559 1089//3640 1101//3423
f 1101//3423 1102//2923 1090//2440
f 1103//3210 1091//2020 1090//2440
f 1090//2440 1102//2923 1103//3210
f 1104//2114 1093//1982 1091//2020
f 1091//2020 1103//3210 1104//2114
f 1105//4558 74//4627 1077//4447
f 1077//4447 1076//3792 1105//4558
f 1106//4452 1105//4558 1076//3792
f 1076//3792 1092//2982 1106//4452
f 1107//3826 1106//4452 1092//2982
f 1107//2656 1092//2786 1093//1982
f 1093//1982 1108//1772 1107//1980
f 1108//1772 1093//1982 1104//2114
f 1083//4837 1097//4530 1109//4322
f 1109//4322 1084//4085 1083//4837
f 1084//4085 1109//4322 1110//4245
f 1110//4245 1085//3895 1084//4085
f 1085//3895 1110//4245 1111//4050
f 1111//4050 1086//3525 1085//3895
f 1086//3525 1111//4050 1112//3692
f 1112//3692 1087//2851 1086//3525
f 1087//2851 1112//3692 1098//3451
f 75//4808 1113//4656 1095//4741
f 1095//4879 1094//5009 75//4808
f 75//4808 76//4901 1113//4656
f 76//4901 77//4900 1114//4664
f 1114//4664 1113//4656 76//4901
f 1095//4813 1113//4656 1114//4664
f 1114//4664 1115//4156 1095//4813
f 1095//4744 1115//4156 1116//3899
f 1116//3899 1096//4610 1095//4744
f 1096//4610 1116//3899 1117//3844
f 1117//3844 1097//4530 1096//4610
f 1097//4530 1117//3844 1118//3715
f 1118//3715 1109//4322 1097//4530
f 1109//4322 1118//3715 1119//3890
f 1119//3890 1110//4245 1109//4322
f 1110//4245 1119//4128 1120//3923
f 1110//4245 1120//3927 1121//3882
f 1121//3882 1111//4050 1110//4245
f 1112//3692 1111//4050 1121//3882
f 1121//3882 1122//3752 1112//3692
f 1098//3451 1112//3692 1122//3752
f 1122//3752 1123//3765 1098//3451
f 1099//3563 1098//3451 1123//3765
f 1123//3765 1124//3383 1099//3563
f 1100//3371 1099//3563 1124//3383
f 1124//3383 1125//3377 1100//3371
f 1101//3423 1100//3371 1125//3377
f 1125//3377 1126//3511 1101//3423
f 1127//3159 1102//2923 1101//3423
f 1101//3423 1126//3511 1127//3159
f 1128//2318 1103//3210 1102//2923
f 1102//2923 1127//3159 1128//2318
f 77//4900 78//4711 1129//4442
f 1129//4442 1114//4664 77//4900
f 1114//4664 1129//4442 1130//3939
f 1130//3939 1115//4156 1114//4664
f 1115//4156 1130//3939 1131//3553
f 1131//3553 1116//3899 1115//4156
f 1116//3899 1131//3553 1132//3180
f 1132//3180 1117//3844 1116//3899
f 1117//3844 1132//3180 1133//3208
f 1133//3208 1118//3715 1117//3844
f 1118//3715 1133//3208 1134//2598
f 1134//2598 1119//3493 1118//3715
f 1119//3890 1134//2598 1135//2623
f 1135//2697 1120//3923 1119//3890
f 1136//4301 1137//4032 1138//3351
f 1138//3351 1139//3214 1136//4301
f 1141//3072 1142//2458 1140//2927
f 1142//2425 1141//3072 1143//2795
f 1143//2795 1144//2547 1142//2425
f 1144//2547 1143//2795 1145//2781
f 1145//2990 1146//2580 1144//2547
f 79//4353 1136//4301 1129//4442
f 1129//4442 78//4711 79//4353
f 1129//4442 1136//4301 1139//3214
f 1139//3214 1130//3939 1129//4442
f 1139//3214 1140//2927 1131//3553
f 1131//3553 1130//3939 1139//3214
f 1131//3553 1140//2927 1142//2425
f 1142//2425 1132//3180 1131//3553
f 1132//3180 1142//2443 1144//2547
f 1144//2547 1133//3208 1132//3180
f 1133//3208 1144//2547 1146//2580
f 1146//2580 1134//2598 1133//3208
f 1134//2598 1146//2580 1147//2034
f 1147//2034 1135//2623 1134//2598
f 1148//4157 1149//4693 1150//4513
f 1150//4513 1151//3983 1148//4157
f 80//4858 81//5686 1152//5341
f 1152//5341 1149//4693 80//4858
f 1149//4693 1152//5325 1153//5141
f 1153//5141 1150//4513 1149//4693
f 82//4113 83//4314 1148//4157
f 1148//4157 1137//4032 82//4113
f 1137//4032 1148//4157 1151//3983
f 1151//3983 1138//3351 1137//4032
f 1138//3351 1151//3983 1154//3786
f 1154//3786 1141//3072 1138//3351
f 1151//3983 1150//4451 1155//4629
f 1155//4629 1154//3786 1151//3983
f 1150//4354 1153//3459 1156//4581
f 1156//5000 1155//4629 1150//4451
f 1152//5229 1157//5624 1153//5141
f 81//5712 84//5786 1157//5761
f 1157//5761 1152//5436 81//5712
f 1153//5141 1157//5624 1156//5219
f 1157//5761 84//5763 85//5559
f 85//5559 1158//5648 1157//5745
f 85//5559 86//5343 1159//5371
f 1159//5371 1158//5648 85//5559
f 86//5392 87//5292 1160//5250
f 1160//5250 1159//5371 86//5392
f 1159//5371 1160//5250 1161//4923
f 1161//4937 1162//5035 1159//5371
f 1158//5648 1159//5371 1162//5293
f 1162//5293 1163//5507 1158//5648
f 1164//4269 1165//4812 1166//4587
f 1167//3840 1164//4269 1166//4587
f 1167//3840 1168//4101 1164//4305
f 1169//4930 1170//5603 1163//5507
f 1163//5507 1165//4812 1169//4930
f 1165//4812 1163//5507 1162//5171
f 1162//5190 1166//4777 1165//4812
f 1162//4859 1161//4927 1171//4056
f 1171//3598 1166//3871 1162//4670
f 1167//3840 1166//4194 1171//3598
f 1171//3598 1172//3007 1167//3840
f 1164//4269 1173//4094 1169//4930
f 1169//4930 1165//4812 1164//4269
f 1145//2990 1174//3649 1173//4094
f 1173//4094 1164//4269 1145//2990
f 1143//2795 1175//3607 1174//3649
f 1174//3649 1145//2990 1143//2795
f 1141//3072 1154//3786 1175//3607
f 1175//3607 1143//2795 1141//3072
f 1176//3414 1170//2863 1169//3997
f 1177//4105 1176//3414 1169//3997
f 1169//3997 1173//4826 1177//4105
f 1178//5430 1179//5439 1174//5388
f 1174//5388 1175//5660 1178//5430
f 1178//5430 1175//5660 1154//5615
f 1178//1967 1154//2248 1155//2066
f 1178//1967 1155//2066 1156//2028
f 1156//2028 1179//1743 1178//1967
f 1179//1743 1156//2028 1177//1999
f 1156//4131 1157//4573 1176//3756
f 1176//3756 1177//1999 1156//3238
f 1180//3202 1167//3840 1172//3007
f 1172//3007 1181//3083 1180//3202
f 1182//3386 1180//3211 1181//3083
f 1182//3386 1181//4073 1183//3961
f 1184//3184 1168//4123 1185//3369
f 1145//2990 1164//4208 1168//3956
f 1168//4058 1184//3865 1145//3276
f 1146//2580 1145//2990 1184//3714
f 1184//3865 1186//2480 1146//2580
f 1146//2580 1186//2445 1147//2034
f 1147//2034 1186//2708 1187//1850
f 1186//2689 1184//3184 1185//3369
f 1185//3369 1188//2701 1186//2689
f 1188//2701 1185//3369 1180//3431
f 1180//3335 1182//2735 1188//2701
f 1188//2701 1187//1850 1186//2481
f 1188//2701 1182//2735 1183//2756
f 1183//2756 1187//1850 1188//2701
f 1135//2623 1147//2034 1187//1850
f 1187//1850 1189//1866 1135//2532
f 1189//1866 1187//1850 1190//1973
f 1187//1850 1183//2756 1190//2017
f 1183//2756 1191//2549 1190//2017
f 1135//2623 1189//1866 1192//3321
f 1192//3321 1189//1866 1190//2164
f 1190//2164 1193//3179 1192//3321
f 1190//1849 1191//2549 1194//2615
f 1193//2780 1190//2012 1194//2615
f 1181//3456 1172//3320 1195//3242
f 1195//3298 1196//3550 1181//3456
f 1172//3320 1171//4185 1197//3924
f 1197//3924 1195//3242 1172//3320
f 1191//2549 1196//3777 1198//2509
f 1198//2509 1194//2615 1191//2549
f 1196//3241 1195//3207 1199//2699
f 1199//2699 1198//2509 1196//3241
f 1195//3207 1197//4043 1200//3662
f 1200//3662 1199//2699 1195//3207
f 1120//3927 1135//2623 1192//3321
f 1192//3321 1201//3580 1120//3927
f 1201//3580 1192//3321 1193//3197
f 1193//2992 1202//3379 1201//3580
f 1193//2780 1194//2615 1203//3081
f 1202//3379 1193//3037 1203//3081
f 1203//3081 1204//3372 1202//3379
f 1161//4889 1205//4747 1197//4043
f 1197//4043 1171//4223 1161//4471
f 87//5452 88//5237 1160//5250
f 1160//5250 88//5237 1205//5244
f 1205//5014 1161//4923 1160//5250
f 88//5237 89//4637 1206//4589
f 1206//4589 1205//5148 88//5237
f 1205//4876 1206//4495 1200//3612
f 1200//3662 1197//4248 1205//4747
f 1206//4495 89//4637 90//3406
f 1206//4111 90//3406 1207//2521
f 1207//2521 1200//3364 1206//4495
f 90//3406 91//2449 1207//2521
f 1200//3612 1207//2521 1208//2271
f 1208//2271 1199//2699 1200//3612
f 1209//2972 92//3095 93//3200
f 93//3200 1210//3299 1209//2972
f 1199//2699 1208//2271 1211//2526
f 1211//2526 1198//2509 1199//2699
f 1198//2509 1211//2526 1212//3177
f 1212//3033 1194//2615 1198//2509
f 94//2243 92//3095 1209//2972
f 1207//2521 91//2449 95//2191
f 95//2191 1208//2271 1207//2521
f 1208//2271 95//2191 94//2243
f 94//2243 1209//2972 1208//2271
f 1211//2526 1208//2271 1209//2972
f 1211//2526 1209//2972 1212//3177
f 1203//3081 1194//2615 1212//3177
f 1204//3372 1203//3081 1212//3177
f 1212//3177 1213//3631 1204//3372
f 1212//3201 1209//2972 1210//3299
f 1210//3299 1213//3552 1212//3201
f 1210//3299 93//3200 96//3290
f 96//3290 1214//3260 1210//3299
f 1213//3552 1210//3299 1214//3260
f 1214//3260 1215//3196 1213//3552
f 1216//3215 1215//3196 1214//3260
f 1214//3260 1217//3240 1216//3215
f 1214//3260 96//3290 97//3324
f 97//3324 1217//3240 1214//3260
f 1218//3523 1204//3372 1213//3631
f 1213//3776 1215//3785 1218//3523
f 1219//3040 1218//3523 1215//3785
f 1215//3785 1216//2954 1219//3040
f 1220//3806 1201//3580 1202//3379
f 1202//3379 1221//3542 1220//3806
f 1202//3379 1204//3372 1218//3523
f 1218//3523 1221//3542 1202//3379
f 1122//3752 1121//3882 1220//3806
f 1220//3806 1222//3585 1122//3752
f 1222//3585 1220//3806 1221//3542
f 1221//3542 1223//3155 1222//3585
f 1223//3155 1221//3542 1218//3523
f 1218//3523 1219//3040 1223//3155
f 1123//3765 1122//3752 1222//3585
f 1222//3585 1224//2847 1123//3765
f 1224//2847 1222//3585 1223//3155
f 1223//3155 1225//2349 1224//2847
f 1225//2349 1223//3155 1219//3040
f 1219//3040 1226//2375 1225//2349
f 1227//2106 1226//2375 1228//2536
f 1228//2536 1229//2412 1227//2106
f 1217//3240 97//3324 98//3429
f 98//3429 1230//3350 1217//3240
f 1216//3215 1217//3240 1230//3350
f 1230//3350 1231//3163 1216//3123
f 1228//2536 1216//2947 1231//3163
f 1228//2536 1231//3163 1232//2889
f 1232//2889 1229//2412 1228//2536
f 1228//2536 1226//2375 1219//3040
f 1219//3040 1216//2954 1228//2536
f 1233//2501 1224//2847 1225//2349
f 1225//2349 1234//2245 1233//2501
f 1235//2080 1229//2412 1232//2889
f 1235//2080 1236//1564 1227//2106
f 1227//2106 1229//2412 1235//2080
f 1237//1599 1238//1133 1236//1564
f 1236//1564 1235//2080 1237//1599
f 1227//2106 1225//2349 1226//2375
f 1236//1564 1234//1868 1225//2349
f 1225//2349 1227//2106 1236//1564
f 1238//1133 1239//1604 1234//1868
f 1234//1509 1236//1564 1238//1133
f 1239//1604 1240//2156 1233//2501
f 1233//2501 1234//1868 1239//1604
f 1240//2156 1125//3377 1124//3383
f 1124//3383 1233//2501 1240//2156
f 1241//3643 1126//3511 1125//3377
f 1125//3377 1240//2156 1241//2065
f 1242//3646 1127//3159 1126//3511
f 1126//3511 1241//3643 1242//3646
f 1243//1468 1128//2318 1127//3159
f 1127//3159 1242//3646 1243//1915
f 1244//1469 1242//1149 1241//1379
f 1241//1379 1245//1555 1244//1469
f 1245//1555 1241//1379 1240//2156
f 1240//2156 1239//1604 1245//1555
f 1246//1145 1245//1555 1239//1604
f 1239//1604 1238//1133 1246//1145
f 1247//1252 1246//1145 1238//1133
f 1238//1133 1237//1599 1247//1252
f 1248//1701 1244//1469 1245//1555
f 1245//1555 1246//1145 1248//1701
f 1249//1271 1248//1465 1246//1145
f 1246//1145 1247//1200 1249//1271
f 74//4627 72//4818 1078//4855
f 1078//4855 1077//4447 74//4627
f 73//4881 75//4808 1094//5009
f 79//4353 82//4113 1137//4032
f 1137//4032 1136//4301 79//4353
f 83//4314 80//4858 1149//4693
f 1149//4693 1148//4157 83//4314
f 1250//3689 99//3641 100//4505
f 100//4505 1251//4580 1250//3689
f 1252//3665 1250//3689 1251//4580
f 1251//4580 1253//4694 1252//3724
f 1254//4067 1252//3724 1253//4694
f 1253//4694 1255//4757 1254//4400
f 1256//2208 101//2175 99//3641
f 99//3641 1250//3689 1256//2208
f 1257//1996 1256//2208 1250//3689
f 1250//3689 1252//3665 1257//1996
f 1258//1901 1257//1996 1252//3025
f 1252//3665 1254//3873 1258//1901
f 1259//2154 1258//1901 1254//4067
f 1254//4067 1260//4259 1259//3489
f 1260//4259 1254//4400 1255//4757
f 1255//4757 1261//4933 1260//4259
f 1262//3127 1259//2154 1260//4259
f 1260//4259 1263//4317 1262//3127
f 1263//4317 1260//4259 1261//4933
f 1261//4933 1264//5195 1263//4317
f 1265//2878 1262//3127 1263//4317
f 1263//4317 1266//4387 1265//2878
f 1266//4387 1263//4317 1264//5195
f 1264//5195 1267//5060 1266//4387
f 1268//2827 1265//2878 1266//4387
f 1266//4387 1269//3746 1268//2827
f 1269//3875 1266//4387 1267//5046
f 1267//4657 1270//4009 1269//3746
f 1271//2386 1268//2827 1269//3746
f 1269//3636 1272//3209 1271//2386
f 1269//3746 1270//4009 1273//3829
f 1273//3829 1272//3209 1269//3746
f 1274//2307 1271//2386 1272//3126
f 1272//3209 1275//2905 1274//2307
f 1272//3382 1273//3829 1276//3501
f 1276//3333 1275//2905 1272//3209
f 102//4713 74//4627 1105//4558
f 1251//4580 100//4505 102//4713
f 1105//4558 1251//4580 102//4713
f 1105//4558 1106//4452 1251//4580
f 1253//4694 1251//4580 1106//4452
f 1255//4757 1253//4694 1106//4452
f 1277//5213 1261//4933 1255//4757
f 1264//5195 1261//4933 1277//5308
f 1277//5213 1278//5752 1264//5195
f 1267//5352 1264//5195 1278//5752
f 1278//5752 1279//5708 1267//5500
f 1270//5303 1267//5492 1279//5708
f 1279//5708 1280//5532 1270//5303
f 1273//4914 1270//5303 1280//5532
f 1280//5532 1281//4756 1273//4914
f 1276//3938 1273//4914 1281//4756
f 1281//4633 1282//3713 1276//3650
f 1283//3154 1276//3650 1282//3713
f 1282//3713 1284//3170 1283//3154
f 1285//2789 1275//2905 1276//3501
f 1276//3501 1283//3099 1285//2789
f 1286//2306 1274//2307 1275//2905
f 1275//2905 1285//2789 1286//2306
f 1287//2184 1283//3154 1284//3170
f 1284//3170 1288//2428 1287//2184
f 1289//2254 1285//2789 1283//3099
f 1283//3041 1287//2001 1289//2254
f 1290//2491 1286//2306 1285//2789
f 1285//2789 1289//2254 1290//2510
f 1291//1953 1287//2041 1288//2428
f 1288//2428 1292//1942 1291//1953
f 1293//1883 1289//2254 1287//2004
f 1287//2101 1291//1953 1293//1883
f 1290//2510 1289//2254 1293//1883
f 1293//1883 1294//2231 1290//2491
f 1295//1961 1294//2231 1293//1883
f 1295//1946 1293//1883 1291//1953
f 1295//2031 1291//1953 1292//1942
f 1277//5103 1255//4757 1106//4452
f 1277//5158 1106//4452 1107//5047
f 1296//5781 1278//5752 1277//5377
f 1277//5213 1107//5564 1296//5781
f 1297//5791 1279//5708 1278//5752
f 1278//5752 1296//5781 1297//5791
f 1280//5532 1279//5708 1297//5791
f 1297//5791 1298//5663 1280//5532
f 1297//3669 1296//3464 1299//2989
f 1299//3346 1300//2467 1297//3669
f 1299//3346 1296//3464 1107//3905
f 1107//4160 1301//4421 1299//3862
f 1298//4093 1297//3669 1300//2467
f 1300//3800 1302//4121 1298//4093
f 1281//5294 1280//5532 1298//5663
f 1298//4148 1303//4031 1281//4633
f 1303//3971 1298//4093 1302//4121
f 1302//4121 1304//4132 1303//3971
f 1282//3713 1281//4633 1303//4031
f 1303//4031 1305//3676 1282//3713
f 1305//3754 1303//3971 1304//4132
f 1304//4132 1306//3417 1305//3754
f 1284//3170 1282//3713 1305//3676
f 1305//3676 1307//3543 1284//3170
f 1307//3613 1305//3754 1306//3417
f 1306//3417 1308//3688 1307//3613
f 1309//3397 1307//3613 1308//3688
f 1308//3688 1310//3558 1309//3397
f 1311//3916 1309//3397 1310//3558
f 1310//3558 1312//4063 1311//3916
f 1288//2428 1284//3170 1307//3543
f 1307//3543 1309//2846 1288//2428
f 1292//2505 1288//2428 1309//2846
f 1309//2846 1311//3063 1292//3113
f 1313//3530 1308//3688 1306//3417
f 1306//3417 1314//2602 1313//3530
f 1308//3688 1313//3530 1315//3709
f 1315//3709 1310//3558 1308//3688
f 1316//4311 1312//4063 1310//3558
f 1310//3558 1315//3709 1316//4316
f 1306//3274 1304//2687 1317//1635
f 1317//1870 1314//2602 1306//3417
f 1317//1949 1304//2687 1302//1634
f 1302//1634 1318//1610 1317//1808
f 1318//1610 1302//1634 1300//2282
f 1300//2282 1319//1220 1318//1610
f 1319//1502 1300//2282 1299//2459
f 1299//2989 1320//2093 1319//1804
f 1321//1816 1320//2093 1299//2459
f 1299//2079 1301//1710 1321//1174
f 1316//4316 1295//4575 1312//4063
f 1315//3536 1322//3468 1323//4051
f 1323//4051 1316//4251 1315//3536
f 1313//3146 1324//2710 1322//3468
f 1322//3468 1315//3536 1313//3146
f 1314//1945 1325//1499 1324//2710
f 1324//2710 1313//3146 1314//1945
f 1317//1245 1326//1057 1325//1499
f 1325//1499 1314//1945 1317//1381
f 1318//670 1327//680 1326//1057
f 1326//1057 1317//1096 1318//670
f 1319//791 1328//477 1327//680
f 1327//680 1318//670 1319//640
f 1316//4325 1323//4051 1295//4618
f 1329//398 1328//477 1319//877
f 1319//640 1320//641 1329//369
f 1329//369 1320//641 1321//796
f 1321//748 1330//341 1329//369
f 1327//680 1331//665 1332//1178
f 1332//1178 1326//1057 1327//680
f 1326//1057 1332//1178 1333//1444
f 1333//1444 1325//1499 1326//1057
f 1325//1499 1333//1444 1334//2638
f 1334//2638 1324//2710 1325//1499
f 1328//477 1335//385 1331//665
f 1331//665 1327//680 1328//477
f 1336//185 1335//385 1328//477
f 1328//477 1329//369 1336//185
f 1337//210 1336//185 1329//369
f 1329//360 1330//341 1337//327
f 1338//418 1337//327 1330//341
f 1330//341 1339//564 1338//418
f 1340//500 1338//418 1339//564
f 1339//564 1341//317 1340//500
f 1334//2638 1342//3584 1322//3468
f 1322//3468 1324//2710 1334//2638
f 1322//3468 1342//3584 1343//4222
f 1343//4222 1323//4051 1322//3468
f 1256//2208 1344//1317 103//1169
f 103//1169 101//2175 1256//2208
f 1257//1996 1345//1380 1344//1317
f 1344//1317 1256//2208 1257//1996
f 1258//1901 1346//913 1345//1173
f 1345//1192 1257//1996 1258//1901
f 1259//2023 1347//891 1346//913
f 1346//913 1258//1901 1259//2023
f 1262//1102 1348//863 1347//891
f 1347//891 1259//2023 1262//1824
f 1286//2306 1349//2187 1350//1744
f 1350//1799 1274//2307 1286//2306
f 1274//2307 1350//1744 1351//1830
f 1351//2163 1271//2386 1274//2307
f 1271//2386 1351//2163 1352//2149
f 1352//2149 1268//2827 1271//2386
f 1348//863 1262//1102 1265//1643
f 1265//2680 1353//1508 1348//917
f 1341//1255 1354//1335 1355//995
f 1355//652 1340//609 1341//519
f 104//760 1355//440 1354//425
f 1354//925 105//875 104//760
f 104//760 103//1169 1344//1317
f 1344//1317 1355//613 104//760
f 1355//894 1344//1317 1345//1173
f 1345//1165 1340//710 1355//894
f 1340//609 1345//1020 1346//913
f 1346//913 1338//418 1340//609
f 1338//418 1346//913 1347//891
f 1347//891 1337//410 1338//418
f 1337//410 1347//891 1348//803
f 1348//863 1336//662 1337//659
f 1353//1508 1265//2680 1268//2827
f 1268//2827 1352//2149 1353//1762
f 1336//662 1348//863 1353//868
f 1353//589 1335//389 1336//258
f 1335//389 1353//589 1352//805
f 1352//805 1331//811 1335//563
f 1331//811 1352//805 1351//1156
f 1351//1156 1332//1234 1331//811
f 1332//1234 1351//1272 1350//1715
f 1350//1725 1333//1616 1332//1234
f 1286//2306 1290//2493 1356//2538
f 1356//2538 1349//2401 1286//2306
f 1294//2231 1357//2233 1356//2436
f 1356//2538 1290//2493 1294//2231
f 1357//2233 1294//2231 1295//2075
f 1350//1505 1349//1899 1334//2238
f 1334//2238 1333//1616 1350//1725
f 1349//1899 1356//2785 1342//2929
f 1342//2929 1334//2238 1349//2044
f 1343//3454 1342//2929 1356//2785
f 1356//2693 1357//3427 1343//3454
f 1343//3454 1357//3427 1295//3576
f 106//1069 105//924 1354//1306
f 1354//1306 1358//1009 106//1069
f 1354//1306 1361//1286 1359//872
f 1359//872 1358//1009 1354//1306
f 1354//4333 1341//4333 1339//4333
f 1339//564 1362//1060 1354//1117
f 1354//1306 1362//1060 1361//1286
f 1361//1286 1362//1060 1363//1450
f 1363//1938 1364//1366 1361//1286
f 1359//872 1361//1286 1364//1366
f 1364//1366 1365//688 1359//872
f 1359//872 1365//688 1366//498
f 1366//498 1360//567 1359//872
f 1339//564 1330//341 1321//748
f 1339//564 1321//761 1363//897
f 1363//897 1362//1060 1339//564
f 1363//1938 1367//1985 1368//1510
f 1368//1510 1364//1366 1363//1938
f 1364//1366 1368//1510 1369//717
f 1369//717 1365//688 1364//1366
f 1365//688 1369//717 1370//522
f 1370//522 1366//498 1365//688
f 1367//1985 1371//1589 1372//1669
f 1372//1669 1368//1510 1367//1985
f 1369//741 1368//1510 1372//1073
f 1372//696 1373//634 1369//717
f 1369//717 1373//634 1374//505
f 1374//447 1370//436 1369//671
f 1321//3975 1301//4462 1375//3942
f 1363//862 1321//748 1375//1120
f 1375//3182 1367//1985 1363//1938
f 1375//4468 1376//4219 1371//4503
f 1371//1589 1367//1985 1375//3182
f 1376//4219 1377//4011 1378//2045
f 1378//1434 1371//1589 1376//3148
f 1371//1589 1378//1434 1379//981
f 1379//1250 1372//1669 1371//1589
f 1372//696 1379//638 1380//468
f 1380//468 1373//634 1372//696
f 1377//3569 1381//2068 1382//1528
f 1382//1528 1378//1470 1377//3569
f 1378//1434 1382//1528 1383//738
f 1383//738 1379//981 1378//1434
f 1379//445 1383//423 1384//395
f 1384//395 1380//468 1379//445
f 1385//275 1386//529 1387//718
f 1387//718 1388//462 1385//275
f 1383//956 1382//1528 1389//1408
f 1389//810 1386//529 1383//679
f 1386//529 1389//810 1387//718
f 1382//1528 1381//2068 1390//1753
f 1382//1528 1390//1753 1391//2453
f 1391//2453 1389//2244 1382//1528
f 1389//1859 1391//2453 1392//1397
f 1392//1397 1387//718 1389//962
f 1387//718 1392//1397 1393//733
f 1393//733 1388//462 1387//718
f 1388//462 1393//733 1394//412
f 1394//412 1395//112 1388//462
f 1395//112 1394//412 1396//72
f 1384//395 1383//627 1386//529
f 1386//529 1397//407 1384//395
f 1397//407 1386//529 1385//275
f 1374//570 1373//634 1380//468
f 1380//468 1398//322 1374//447
f 1398//322 1380//468 1384//395
f 1384//395 1399//164 1398//371
f 1399//164 1384//395 1397//407
f 1397//407 1400//97 1399//164
f 1400//97 1397//407 1385//275
f 1385//275 1388//462 1395//112
f 1408//304 1400//97 1385//275
f 1385//275 1409//265 1408//10
f 1409//50 1385//275 1395//44
f 1395//44 1396//72 1407//117
f 1406//335 1409//269 1395//51
f 1395//44 1407//117 1406//335
f 1409//406 1406//335 1405//461
f 1405//461 1408//354 1409//406
f 1410//321 1408//354 1405//461
f 1405//461 1404//397 1410//321
f 1410//321 1399//164 1400//97
f 1400//97 1408//304 1410//321
f 1411//714 1360//465 1366//539
f 1366//539 1412//763 1411//714
f 1412//763 1366//539 1370//541
f 1370//541 1413//695 1412//763
f 1411//714 1412//763 1402//728
f 1402//728 1401//762 1411//714
f 1412//763 1413//695 1402//728
f 1398//322 1399//164 1410//321
f 1410//321 1414//404 1398//342
f 1414//489 1374//472 1398//342
f 1413//695 1370//464 1374//473
f 1374//473 1414//489 1413//695
f 1413//695 1414//594 1402//728
f 1414//489 1403//650 1402//728
f 1414//489 1410//321 1404//397
f 1404//397 1403//650 1414//489
f 1301//4570 1107//4381 1108//4519
f 1415//5212 1108//4519 1442//4753
f 1415//5004 1442//4753 1443//5125
f 1415//5004 1301//4606 1108//4235
f 1442//2407 1108//2517 1104//2114
f 1443//1857 1442//2407 1104//2114
f 1396//3955 1394//4440 1423//4416
f 1423//4033 1424//4472 1396//3955
f 1434//5592 1444//5334 1445//5659
f 1445//5659 1435//5465 1434//5592
f 1444//5334 1446//5490 1445//5659
f 1394//4440 1393//5288 1422//5514
f 1422//5252 1423//4445 1394//4440
f 1423//5562 1422//5543 1433//5645
f 1433//5645 1434//5592 1423//5562
f 1433//5635 1447//5517 1444//5334
f 1444//5334 1434//5594 1433//5645
f 1448//5552 1301//5554 1415//5464
f 1415//5212 1416//5380 1448//5694
f 1418//5336 1448//5140 1416//5150
f 1416//5437 1417//5625 1418//5336
f 1375//4468 1301//5185 1376//4219
f 1376//4076 1301//4462 1377//4011
f 1377//4291 1301//5196 1448//5364
f 1381//5137 1377//4861 1448//5140
f 1381//5137 1448//5140 1390//5243
f 1416//5380 1415//5212 1443//5683
f 1390//5243 1448//5140 1418//5336
f 1418//5336 1419//5188 1390//5243
f 1420//5441 1391//5384 1390//5243
f 1390//5243 1419//5188 1420//5441
f 1421//5391 1392//5173 1391//5384
f 1391//5384 1420//5441 1421//5391
f 1421//5391 1422//5514 1393//5288
f 1393//5288 1392//5173 1421//5391
f 1433//5645 1422//5543 1421//5391
f 1421//4476 1432//4563 1433//5419
f 1432//4563 1421//4476 1420//4640
f 1420//4640 1431//4619 1432//5211
f 1420//4640 1419//4306 1430//4214
f 1430//4214 1431//4619 1420//4640
f 1419//4306 1418//3947 1429//3438
f 1429//3438 1430//4214 1419//4306
f 1447//5581 1433//5645 1432//5556
f 1447//5598 1432//5556 1431//4799
f 1431//4531 1449//4560 1447//5312
f 1417//5381 1416//5003 1443//4849
f 1443//5727 1450//5557 1417//5625
f 1429//3438 1418//3947 1417//2870
f 1417//2870 1428//2400 1429//3438
f 1449//4356 1431//4531 1430//4214
f 1430//4214 1451//4383 1449//4139
f 1451//4383 1430//4214 1429//3438
f 1429//3438 1452//2881 1451//3791
f 1452//2881 1429//3438 1428//2400
f 1428//2400 1453//2945 1452//2881
f 1454//5588 1452//5245 1453//5496
f 1455//5510 1451//4737 1452//5245
f 1452//5245 1454//5588 1455//5510
f 1456//5628 1449//5591 1451//5264
f 1451//4737 1455//5510 1456//5628
f 1457//5649 1447//5517 1449//4984
f 1449//5241 1456//5628 1457//5649
f 1446//5490 1444//5334 1447//5475
f 1447//5517 1457//5649 1446//5490
f 1458//5779 1454//5588 1453//5496
f 1459//5813 1455//5510 1454//5588
f 1454//5588 1458//5779 1459//5813
f 1460//5788 1456//5628 1455//5510
f 1455//5510 1459//5813 1460//5788
f 1461//5758 1457//5649 1456//5628
f 1456//5628 1460//5788 1461//5758
f 1461//5758 1446//5490 1457//5649
f 1437//5807 1459//5813 1458//5779
f 1458//5714 1436//5747 1437//5807
f 1438//5793 1460//5788 1459//5813
f 1459//5813 1437//5807 1438//5793
f 1439//5770 1461//5758 1460//5788
f 1460//5788 1438//5793 1439//5770
f 1440//5724 1446//5490 1461//5758
f 1461//5758 1439//5770 1440//5724
f 1441//5684 1445//5659 1446//5490
f 1446//5490 1440//5724 1441//5684
f 1441//5684 1435//5465 1445//5659
f 1450//1011 1243//1385 1462//1336
f 1244//1469 1462//1336 1243//1385
f 1243//1385 1242//1149 1244//1469
f 1243//1385 1450//1011 1443//1857
f 1443//1857 1128//2318 1243//1468
f 1128//2318 1443//1857 1104//2114
f 1104//2114 1103//3210 1128//2318
f 1248//2387 1402//3751 1462//3097
f 1462//1639 1244//1469 1248//1701
f 1428//2400 1417//2870 1427//2840
f 1417//2870 1425//3562 1427//2840
f 1427//2840 1425//3188 1426//3158
f 1453//2945 1428//2400 1427//2840
f 1458//3544 1453//3544 1427//3544
f 1427//4809 1436//5469 1458//5278
f 1425//5568 1417//5629 1450//5703
f 1425//5399 1450//5522 1462//5399
f 1462//3617 1426//4600 1425//3626
f 1436//5601 1427//5085 1426//4600
f 1157//2676 1170//2863 1176//3414
f 1157//5814 1158//5648 1163//5507
f 1163//5507 1170//5603 1157//5801
f 1180//3431 1185//3369 1168//4123
f 1168//4101 1167//3840 1180//3307
f 1173//4907 1174//5388 1179//5439
f 1179//5439 1177//5688 1173//5242
f 1183//3961 1181//4805 1196//4088
f 1196//3777 1191//2549 1183//3282
f 1140//2927 1139//3214 1138//3351
f 1138//3351 1141//3072 1140//2927
f 1120//3927 1201//3580 1220//3806
f 1220//3806 1121//3882 1120//3793
f 1224//2847 1233//2501 1124//3383
f 1124//3383 1123//3765 1224//2847
f 1075//1632 1068//1784 1065//1445
f 1065//1445 1066//1411 1075//1632
f 1024//4252 1020//4081 1019//2562
f 1019//2562 1022//3330 1024//4252
f 1008//3594 1020//4081 1021//4626
f 1021//4397 1009//3932 1008//3594
f 1022//3265 1023//2743 1031//2796
f 1021//4660 1025//4884 1026//5344
f 1026//4915 1014//4962 1021//5136
f 1040//4562 1039//4803 1022//3663
f 1016//5449 1015//5566 1027//5491
f 1027//5491 1029//5579 1016//5449
f 1026//4915 1027//5154 1015//5566
f 1038//3704 1034//4359 1025//4270
f 1092//2982 1076//3792 1069//3629
f 1069//3629 1067//2192 1092//2786
f 1045//5055 1061//5515 1052//5706
f 1052//5706 1046//5632 1045//5055
f 1407//4496 1396//3955 1424//4404
f 1407//5533 1424//4595 1435//5465
f 1435//5558 1441//5684 1407//5651
f 1436//4771 1426//4600 1402//3886
f 1402//5765 1403//5803 1436//5799
f 1437//5807 1436//5802 1403//5803
f 1403//5803 1404//5816 1437//5807
f 1438//5793 1437//5807 1404//5816
f 1404//5816 1405//5804 1438//5793
f 1439//5770 1438//5793 1405//5804
f 1405//5804 1406//5715 1439//5770
f 1440//5724 1439//5770 1406//5715
f 1406//5715 1407//5651 1440//5724
f 1441//5684 1440//5724 1407//5651
f 1323//4051 1343//4222 1295//4618
f 1401//762 1402//728 1248//502
f 1248//1465 1249//1271 1401//1496
f 2//4446 117//4395 1230//3350
f 1230//3350 98//3429 2//4446
f 111//1769 1401//1862 1249//1271
f 112//1858 111//1769 1249//1271
f 1249//1271 1247//1252 112//1858
f 113//2176 112//1858 1247//1252
f 1247//1404 1237//1599 113//2176
f 114//2339 113//2176 1237//1599
f 1237//1599 1235//2080 114//2339
f 115//3273 114//2339 1235//2080
f 1235//2080 1232//2889 115//3273
f 116//3842 115//3273 1232//2889
f 1232//2889 1231//3163 116//3842
f 117//4024 116//3842 1231//3163
f 1231//3163 1230//3350 117//4395
f 108//936 1358//1009 1359//872
f 1359//872 109//934 108//936
f 107//994 1//958 106//1069
f 106//1069 1358//1009 107//994
f 108//936 107//994 1358//1009
f 1411//1695 1401//2189 111//1769
f 1411//1695 111//1769 110//1403
f 1360//732 1411//1695 110//1403
f 1360//548 110//1333 109//934
f 1359//872 1360//630 109//934
f 1292//3113 1311//3063 1295//3566
f 1311//3916 1312//4063 1295//4575
f 1426//4600 1462//3617 1402//3886
f 712//189 707//694 706//449
f 706//173 784//71 712//168
f 706//173 735//127 767//20
f 767//8 784//71 706//173
f 584//1913 577//1691 576//1615
f 576//1615 395//1911 584//1913
f 582//1841 578//1880 572//1995
f 572//1786 577//1691 582//1841
f 612//1137 840//1340 604//1354
f 604//1354 611//1222 612//1137
f 840//1340 603//1497 604//1354
f 840//1340 602//1678 601//1867
f 601//2130 603//1497 840//1340
f 44//309 957//326 493//326
f 971//5397 962//5397 957//5397
f 957//2625 44//2625 971//2625
f 1434//5600 1435//5432 1424//4878
f 1424//5271 1423//5562 1434//5592
f 602//3518 840//2719 839//3173
f 839//3173 832//4612 602//4048
f 840//2719 612//2159 841//2283
f 841//2283 839//3173 840//2719
f 1609//4149 1567//4715 1608//4010
f 1608//4010 1607//3795 1609//4149
f 1610//4802 1558//4949 1567//4715
f 1567//4746 1609//4149 1610//4802
f 1611//4943 1558//4949 1610//4802
f 1610//4802 1613//4687 1612//4970
f 1612//4970 1611//4943 1610//4802
f 1609//4149 1614//3950 1613//4687
f 1613//4687 1610//4802 1609//4149
f 1607//3795 1615//3706 1614//3950
f 1614//3950 1609//4149 1607//3795
f 1617//3625 1616//3790 1614//3950
f 1614//3950 1615//3706 1617//3625
f 1619//3880 1618//3697 1616//3790
f 1616//3790 1617//3625 1619//3880
f 1620//3604 1618//3697 1619//3880
f 1622//3597 1621//4249 1618//3697
f 1618//3697 1620//3604 1622//3597
f 1623//4127 1621//4249 1622//3597
f 1624//4525 1621//4249 1623//4127
f 1626//4828 1625//4542 1621//4249
f 1621//4249 1624//4525 1626//4828
f 1616//3790 1618//3697 1621//4249
f 1621//4249 1625//4542 1616//3790
f 1625//4542 1613//4687 1614//3950
f 1614//3950 1616//3790 1625//4542
f 1626//4828 1612//4970 1613//4687
f 1613//4687 1625//4542 1626//4828
f 1627//4868 1611//4943 1612//4970
f 1629//4717 1628//4832 1626//4828
f 1626//4828 1624//4525 1629//4717
f 1624//4525 1631//4643 1630//4824
f 1630//4824 1629//4717 1624//4525
f 1628//4832 1629//4717 1630//4824
f 1632//4426 1631//4643 1624//4525
f 1623//4127 1633//4057 1632//4426
f 1632//4426 1624//4525 1623//4127
f 1622//3597 1634//3400 1633//4057
f 1633//4057 1623//4127 1622//3597
f 1635//2976 1634//3400 1622//3597
f 1620//3604 1636//3651 1635//2976
f 1635//2976 1622//3597 1620//3604
f 1619//3880 1637//4174 1636//3651
f 1636//3651 1620//3604 1619//3880
f 1630//4824 1639//5348 1638//5405
f 1638//4945 1628//4832 1630//4824
f 1631//4643 1640//4953 1639//5348
f 1639//5348 1630//4824 1631//4643
f 1632//4426 1641//4766 1640//4953
f 1640//4953 1631//4643 1632//4426
f 1633//4057 1642//4639 1641//5112
f 1634//3400 1643//3482 1642//4308
f 1642//4287 1633//4057 1634//3400
f 1635//2976 1644//2563 1643//3203
f 1643//3203 1634//3400 1635//2976
f 1636//3651 1645//3287 1644//2563
f 1644//2563 1635//2976 1636//3651
f 1637//4174 1646//4099 1645//3539
f 1645//3539 1636//3651 1637//4174
f 1639//5764 17//5760 16//5676
f 16//5676 1638//5696 1639//5621
f 1640//5640 18//5638 17//5760
f 17//5760 1639//5764 1640//5640
f 1641//5147 19//5065 18//5638
f 18//5638 1640//5640 1641//5147
f 1642//4564 20//4554 19//5065
f 19//5065 1641//5147 1642//4686
f 1643//3407 21//3548 20//4554
f 20//4554 1642//4488 1643//3407
f 1644//2563 22//2236 21//3548
f 21//3548 1643//3245 1644//2563
f 1645//2363 23//2019 22//2236
f 22//2236 1644//2563 1645//2624
f 1646//2557 24//2256 23//2019
f 23//2019 1645//2363 1646//2557
f 1648//4827 1547//5315 1647//4891
f 1647//4891 1534//4652 1648//4827
f 1649//4790 1534//4652 1647//4891
f 1647//4891 1650//4795 1649//4790
f 1548//5139 1650//4795 1647//4891
f 1549//4968 1558//4949 1611//4943
f 1557//5270 1558//4949 1549//4968
f 1549//4968 1548//5139 1557//5270
f 1627//4868 1649//4790 1650//4795
f 1650//4795 1611//4943 1627//4868
f 1628//4832 1649//4790 1627//4868
f 1651//4801 1649//4790 1628//4832
f 1628//4832 1638//4945 1652//4972
f 1652//5153 1651//4801 1628//4832
f 16//5676 25//5451 1652//5306
f 1652//5328 1638//5699 16//5676
f 12//5347 1536//5228 1652//5386
f 1652//5306 25//5451 12//5347
f 1612//4970 1626//4828 1628//4832
f 1612//4970 1628//4832 1627//4868
f 1650//4795 1548//5139 1549//4968
f 1650//4795 1549//4968 1611//4943
f 1649//4790 1651//4801 1535//4588
f 1535//4588 1534//4652 1649//4790
f 1652//4761 1536//4275 1535//4588
f 1535//4588 1651//4801 1652//5153
f 1816//2420 1902//2542 1801//2678
f 1903//2853 1801//2678 1902//2542
f 1785//2949 1801//2678 1903//2853
f 1905//2540 1816//2420 1904//2276
f 1906//2953 1902//2542 1816//2420
f 1816//2420 1905//2540 1906//2953
f 1907//3128 1903//2853 1902//2542
f 1902//2542 1906//2953 1907//3128
f 1908//3221 1785//2949 1903//2853
f 1903//2853 1907//3128 1908//3221
f 1909//3136 1785//2949 1908//3221
f 1910//2024 1785//2949 1909//3136
f 1912//2369 1905//2540 1904//2276
f 1904//2276 1911//2213 1912//2369
f 1913//3002 1906//2953 1905//2540
f 1905//2540 1912//2369 1913//3002
f 1914//3334 1907//3128 1906//2953
f 1906//2953 1913//3002 1914//3334
f 1916//2872 1915//2422 1907//3128
f 1907//3128 1914//3334 1916//2928
f 1908//3221 1907//3128 1915//2422
f 1917//3327 1909//3136 1908//3221
f 1908//3221 1915//2422 1917//3327
f 1918//3308 1910//2024 1909//3136
f 1909//3136 1917//3327 1918//3308
f 1919//2587 1910//2024 1918//3308
f 1918//3308 1920//3434 1919//2587
f 1917//3327 1920//3434 1918//3308
f 1915//2422 1916//2872 1920//3138
f 1920//3434 1917//3327 1915//2422
f 1768//1738 1767//1264 1910//1458
f 1910//2024 1919//1939 1768//1738
f 1922//1745 1921//1473 1767//1264
f 1767//1506 1768//1738 1922//1745
f 1749//1627 1921//1473 1922//1745
f 1922//1745 1924//1630 1923//1147
f 1923//1147 1749//1627 1922//1745
f 1768//1892 1924//1829 1922//1745
f 1926//1388 1925//968 1923//1147
f 1923//1147 1924//1829 1926//1826
f 1750//1517 1749//1563 1923//1147
f 1927//1886 1749//1720 1750//1517
f 1928//2052 1730//2498 1749//1681
f 1749//1627 1927//1886 1928//2052
f 1731//2578 1730//2498 1928//2052
f 1929//2964 1730//2498 1731//2578
f 1712//3345 1711//3491 1730//2498
f 1730//2498 1929//2964 1712//3419
f 1732//2663 1713//3384 1712//3522
f 1712//3526 1929//3421 1732//2663
f 1929//3421 1731//2621 1732//2663
f 1928//2371 1732//2663 1731//2621
f 1927//2378 1751//1989 1732//2663
f 1732//2663 1928//2371 1927//2378
f 1750//1517 1923//1147 1925//968
f 1930//1550 1751//1989 1925//1628
f 1925//1214 1926//1826 1930//1550
f 1926//1826 1931//1855 1930//1550
f 1924//2108 1768//2021 1926//1893
f 1932//1781 1926//1893 1768//2021
f 1768//2021 1933//1334 1932//1781
f 1919//1726 1933//1334 1768//1892
f 1934//1560 1933//1334 1919//1726
f 1935//1569 1933//1334 1934//1560
f 1936//1661 1932//1781 1933//1334
f 1933//1334 1935//1569 1936//1661
f 1937//3078 1935//1569 1934//2447
f 1769//1785 1936//1661 1935//1569
f 1935//1569 1937//3078 1769//1785
f 1931//1855 1936//1661 1769//1785
f 1938//1890 1931//1855 1769//1785
f 1733//2574 1732//2663 1751//1989
f 1751//1989 1938//1890 1733//2574
f 1714//3337 1713//3384 1732//2663
f 1732//2663 1733//2574 1714//3337
f 1695//3707 1694//3761 1713//3384
f 1713//3384 1714//3337 1695//3707
f 1714//3337 32//3272 30//3609
f 30//3609 1695//3707 1714//3337
f 1733//2574 34//2514 32//3272
f 32//3272 1714//3337 1733//2574
f 1938//1890 36//1904 34//2514
f 34//2514 1733//2574 1938//1890
f 1769//1785 38//1922 36//1904
f 36//1904 1938//1890 1769//1785
f 1937//3078 46//2903 38//1922
f 38//1922 1769//1785 1937//3078
f 1939//4161 47//3769 46//2903
f 46//2903 1937//3078 1939//4161
f 1937//3078 1934//3504 1940//3928
f 1940//3928 1939//4161 1937//3078
f 1916//2872 1940//3928 1934//3504
f 1934//2447 1920//2527 1916//2801
f 1919//1741 1920//2527 1934//2447
f 1942//2718 1912//2369 1911//2213
f 1911//3853 1941//3492 1942//2718
f 1943//2805 1913//3002 1912//2369
f 1912//2369 1942//2718 1943//2805
f 1944//3319 1914//3334 1913//3002
f 1913//3002 1943//2805 1944//3319
f 1940//3928 1916//2872 1914//3334
f 1914//3334 1944//3319 1940//3928
f 1946//3984 1945//4244 1939//4161
f 1939//4161 1940//3928 1946//3984
f 1940//3928 1944//3319 1947//3349
f 1947//3349 1946//3984 1940//3928
f 1943//2805 1948//2609 1947//3349
f 1947//3349 1944//3319 1943//2805
f 1950//2946 1949//2211 1948//2609
f 1948//2609 1943//2805 1950//2946
f 1943//2805 1952//3219 1951//3378
f 1951//3378 1950//2946 1943//2805
f 1942//2718 1953//3228 1952//3533
f 1952//3533 1943//2805 1942//2718
f 1941//3492 1954//2658 1953//2800
f 1953//3228 1942//2718 1941//3492
f 1956//2483 1955//2707 1954//2658
f 1954//2658 1941//4192 1956//3624
f 48//1431 1959//1389 1957//1398
f 1957//1522 1958//1369 48//1431
f 49//1812 1960//1941 1959//1389
f 1959//1389 48//1431 49//1812
f 50//2588 1961//2895 1960//1941
f 1960//1941 49//1812 50//2588
f 1950//2946 1951//3378 1961//2895
f 1961//2895 50//2588 1950//2946
f 50//2553 1962//1704 1949//2211
f 1949//2211 1950//2946 50//2588
f 51//3363 1963//3259 1962//1704
f 1962//1704 50//2588 51//3363
f 47//3769 1964//3929 1963//3259
f 1963//3259 51//3363 47//3769
f 1939//4161 1945//4244 1964//3929
f 1964//3929 47//3769 1939//4161
f 1751//1989 1750//2038 1925//1628
f 1750//2038 1751//1989 1927//2378
f 1968//824 1967//922 1965//1182
f 1965//1182 1966//1077 1968//824
f 1970//698 1969//692 1967//922
f 1967//922 1968//824 1970//698
f 1972//575 1971//469 1969//692
f 1969//692 1970//698 1972//575
f 1974//337 1973//271 1971//469
f 1971//469 1972//575 1974//337
f 1976//236 1975//31 1973//271
f 1973//271 1974//337 1976//236
f 1978//232 1977//41 1975//31
f 1975//31 1976//236 1978//232
f 1980//318 1979//150 1977//41
f 1977//41 1978//232 1980//318
f 1982//402 1981//204 1979//150
f 1979//150 1980//318 1982//402
f 1984//80 1983//79 1981//204
f 1981//204 1982//402 1984//80
f 1985//26 1983//79 1984//80
f 53//5 52//13 1983//79
f 1983//79 1985//26 53//5
f 54//70 1981//204 1983//79
f 1983//79 52//13 54//70
f 56//15 1977//41 1979//150
f 1979//150 55//63 56//15
f 57//12 1975//31 1977//41
f 1977//41 56//15 57//12
f 58//267 1973//271 1975//31
f 1975//31 57//12 58//267
f 59//546 1971//469 1973//271
f 1973//271 58//267 59//546
f 60//742 1969//692 1971//469
f 1971//469 59//546 60//742
f 61//1025 1967//922 1969//692
f 1969//692 60//742 61//1025
f 62//1276 1965//1182 1967//922
f 1967//922 61//1025 62//1276
f 48//1431 1958//1369 1965//1182
f 1965//1182 62//1276 48//1431
f 55//63 1979//150 1981//204
f 1981//204 54//70 55//63
f 1982//402 1986//227 1984//80
f 1980//318 1987//581 1986//227
f 1986//227 1982//402 1980//318
f 1978//232 1988//686 1987//581
f 1987//581 1980//318 1978//232
f 1976//236 1989//766 1988//686
f 1988//686 1978//232 1976//236
f 1974//337 1990//896 1989//766
f 1989//766 1976//236 1974//337
f 1972//587 1991//1010 1990//896
f 1990//896 1974//337 1972//587
f 1970//859 1991//1010 1972//745
f 1993//1213 1901//1337 1992//821
f 1987//581 1992//821 1986//513
f 1988//686 1993//1213 1992//821
f 1992//821 1987//581 1988//686
f 1989//766 1994//1265 1993//1213
f 1993//1213 1988//686 1989//766
f 1990//896 1995//1341 1994//1265
f 1994//1265 1989//766 1990//896
f 1991//1010 1995//1341 1990//896
f 1996//1190 1994//1265 1995//1341
f 1997//182 63//87 53//5
f 53//5 1985//26 1997//182
f 1998//432 64//190 63//87
f 63//87 1997//182 1998//408
f 1901//1337 1993//1213 1994//1265
f 1994//1265 1996//1190 1901//1337
f 2090//1794 2054//1281 2060//1368
f 2060//1368 2089//2619 2090//1794
f 2092//2479 2091//1885 2043//2832
f 2043//2832 2087//3620 2092//2479
f 2093//5467 2031//5585 2091//5555
f 2091//5555 2092//5474 2093//5467
f 2094//2823 2090//1794 2089//2619
f 2096//3588 2095//2666 2094//2823
f 2097//2793 2095//2696 2096//3588
f 2102//2073 2101//3837 2100//3841
f 2100//2865 2099//1876 2102//2073
f 2104//3183 2103//4565 2101//4295
f 2101//3353 2102//2073 2104//2674
f 2106//3115 2105//3336 2103//3857
f 2103//4565 2104//3832 2106//3679
f 2104//1809 2108//1089 2107//1438
f 2107//1438 2106//2612 2104//1809
f 2102//2073 2109//1160 2108//1269
f 2108//1089 2104//2119 2102//2073
f 2099//1876 2110//1018 2109//1160
f 2109//1160 2102//2073 2099//1876
f 2112//5132 2101//4784 2103//4638
f 2103//4638 2111//4940 2112//5132
f 2113//4986 2100//4384 2101//4569
f 2101//4784 2112//5132 2113//4986
f 2116//5447 2115//5351 2114//5232
f 2114//5232 2113//4986 2116//5447
f 2118//783 2109//1160 2110//1018
f 2110//1018 2117//586 2118//574
f 2108//1089 2109//1160 2118//783
f 2118//532 2119//711 2108//1089
f 2119//711 2107//1438 2108//1050
f 2100//4250 2113//4986 2120//3004
f 2114//5232 2115//5351 2093//5467
f 2093//5467 2092//5474 2114//5232
f 2043//2961 2076//3887 2098//3399
f 2098//4230 2087//3620 2043//3223
f 2098//4230 2076//3887 2054//4134
f 2054//1281 2090//1794 2098//1587
f 2122//110 2096//84 2094//85
f 2094//85 2121//76 2122//32
f 2123//1530 2097//2121 2096//1702
f 2096//1702 2122//1593 2123//1597
f 2124//198 2117//169 2097//266
f 2097//266 2123//203 2124//198
f 2126//1927 2107//1680 2119//739
f 2119//1163 2125//1637 2126//1927
f 2127//293 2118//331 2117//413
f 2117//169 2124//198 2127//293
f 2125//503 2119//633 2118//284
f 2118//310 2127//351 2125//503
f 2129//1952 2123//1504 2122//1593
f 2122//1593 2128//2182 2129//1952
f 2123//569 2129//1112 2130//746
f 2130//512 2124//198 2123//255
f 2130//512 2131//516 2127//302
f 2127//302 2124//198 2130//512
f 2132//631 2125//684 2127//293
f 2127//293 2131//516 2132//631
f 2133//2217 2126//1927 2125//1196
f 2125//1637 2132//1782 2133//2217
f 2135//3579 2134//3234 2126//1927
f 2126//1927 2133//2217 2135//3579
f 2136//396 2128//291 2122//110
f 2122//256 2121//226 2136//768
f 2121//53 2138//81 2137//437
f 2137//507 2136//768 2121//431
f 2087//3620 2120//3139 2114//2962
f 2114//2962 2092//2479 2087//3620
f 2099//1876 2100//3373 2120//3251
f 2120//3251 2086//2190 2099//1876
f 2087//3620 2098//4230 2086//3933
f 2086//2464 2120//3139 2087//3620
f 2090//1794 2139//1436 2086//1918
f 2086//1918 2098//1501 2090//1794
f 2110//1018 2099//1876 2086//1763
f 2086//2072 2139//1229 2110//1018
f 2117//586 2110//1018 2139//1229
f 2139//1038 2097//266 2117//413
f 2097//2607 2139//1542 2095//2078
f 2095//1817 2139//1244 2090//1794
f 2090//1794 2094//2823 2095//2267
f 2089//124 2121//76 2094//85
f 2141//5058 2140//4896 2115//5131
f 2115//5423 2116//5576 2141//5058
f 2140//4896 2142//5106 2093//5370
f 2093//5370 2115//5131 2140//4896
f 2112//5132 2143//5538 2116//5576
f 2116//5447 2113//4986 2112//5132
f 2105//3670 2144//3418 2111//4924
f 2111//4940 2103//4638 2105//4053
f 2146//5198 2145//5235 2111//4940
f 2111//5001 2144//5026 2146//5198
f 2143//5483 2112//5132 2111//4940
f 2111//4940 2145//5235 2143//5483
f 2148//5450 2147//5413 2145//5235
f 2145//5235 2146//5198 2148//5450
f 2149//5356 2143//5538 2145//5235
f 2145//5235 2147//5413 2149//5400
f 2141//5058 2116//5626 2143//5617
f 2143//5538 2149//5356 2141//5098
f 2150//2613 2129//2263 2128//3121
f 2136//827 2150//1292 2128//1172
f 2150//3297 2152//4236 2151//3930
f 2151//3672 2129//2263 2150//2613
f 2152//4302 2142//5106 2140//4896
f 2140//4896 2151//4272 2152//4302
f 2037//1823 2153//2107 2152//3568
f 2152//4236 2150//2613 2037//1823
f 2154//5193 2142//5106 2152//4302
f 2152//4302 2153//4680 2154//5193
f 2151//2759 2155//1905 2130//1651
f 2130//1651 2129//1606 2151//2759
f 2140//4896 2141//5058 2155//4665
f 2155//4665 2151//4547 2140//4896
f 2155//1905 2156//2925 2131//1994
f 2131//1994 2130//2000 2155//1905
f 2141//5058 2149//5073 2156//4437
f 2156//4216 2155//4665 2141//4991
f 2137//1430 2037//1823 2150//2367
f 2150//2013 2136//827 2137//906
f 2132//2315 2131//1994 2156//2366
f 2132//2315 2156//3367 2133//3340
f 2147//4212 2156//4437 2149//4586
f 2156//3596 2135//4047 2133//3340
f 2135//4047 2156//3755 2147//4212
f 2147//4212 2148//3969 2135//4047
f 2134//3234 2135//3579 2148//4045
f 2148//4045 2146//3884 2134//3234
f 2134//3234 2106//3405 2107//1680
f 2107//1680 2126//1927 2134//3234
f 2158//4908 2157//5376 1941//4898
f 1941//4294 1911//4559 2158//4908
f 1832//5023 2159//5186 2157//5376
f 2157//5376 2158//4908 1832//4449
f 1848//3225 2160//4006 2159//5130
f 2159//4648 1832//4352 1848//3225
f 2162//1926 2161//2457 2160//4006
f 2160//4006 1848//3225 2162//1926
f 1862//1114 2163//1224 2161//2457
f 2161//2457 2162//1926 1862//1114
f 1970//345 2168//134 2167//96
f 2167//96 2166//347 1970//345
f 2166//347 1890//237 1991//263
f 1991//263 1970//345 2166//347
f 2172//3977 2171//1957 2169//2221
f 2169//2221 2170//3185 2172//3977
f 2174//3358 2173//2355 2171//1957
f 2171//1957 2172//4078 2174//4122
f 2160//4006 2161//2457 2173//2355
f 2173//2355 2174//3358 2160//4006
f 2173//2355 2175//1457 2171//1957
f 2161//2457 2163//1224 2175//1457
f 2175//1457 2173//2355 2161//2457
f 2171//1957 2177//1248 2176//1142
f 2176//1142 2169//2112 2171//1957
f 2175//1457 2178//1070 2177//1248
f 2177//1248 2171//1957 2175//1457
f 2163//1224 2164//1023 2178//1070
f 2178//1070 2175//1457 2163//1224
f 2177//1248 2180//1139 2179//661
f 2179//661 2176//1142 2177//1248
f 2178//1070 2181//999 2180//792
f 2180//1139 2177//1248 2178//1070
f 2164//1023 2167//1210 2181//1095
f 2181//999 2178//1070 2164//1023
f 2183//4788 2172//4078 2170//4310
f 2170//5081 2182//5204 2183//5079
f 2184//5300 2174//4760 2172//4331
f 2172//4078 2183//4788 2184//5082
f 2159//5130 2160//4006 2174//4122
f 2174//4760 2184//5300 2159//5130
f 2157//5376 2159//5186 2185//5551
f 2184//5513 2187//5685 2185//5525
f 2185//5551 2159//5186 2184//5481
f 2183//5750 2188//5702 2187//5433
f 2187//5685 2184//5687 2183//5762
f 2182//5720 2189//5697 2188//5702
f 2188//5702 2183//5750 2182//5751
f 2187//5041 2190//4477 2186//4593
f 2186//4729 2185//5226 2187//5433
f 2188//5224 2190//4477 2187//5041
f 2192//3677 2191//3443 2190//4477
f 2190//4477 2188//4341 2192//3677
f 2190//4477 2191//3443 2193//3314
f 2193//3314 2186//4415 2190//4477
f 2191//3443 2196//2171 2195//2249
f 2195//2249 2193//3314 2191//3443
f 2192//3677 2197//2463 2196//2171
f 2196//2171 2191//3443 2192//3677
f 2199//3671 2198//2161 2197//2463
f 2197//2463 2192//3677 2199//3671
f 2200//1512 2168//969 1970//1208
f 1970//1208 1968//1523 2200//1512
f 1968//1523 1966//1951 2195//2249
f 2195//2249 2200//1512 1968//1523
f 2196//2171 2201//1689 2200//1512
f 2200//1512 2195//2249 2196//2171
f 2197//2463 2202//1687 2201//1689
f 2201//1689 2196//2171 2197//2463
f 2198//2161 2203//1543 2202//1687
f 2202//1687 2197//2463 2198//2161
f 2201//616 2204//248 2168//608
f 2168//969 2200//1512 2201//988
f 2202//1598 2205//1316 2204//628
f 2204//538 2201//616 2202//1212
f 2203//1543 2206//1068 2205//1316
f 2205//1316 2202//1598 2203//1543
f 2205//301 2180//450 2181//508
f 2181//166 2204//111 2205//301
f 2206//373 2179//620 2180//727
f 2180//355 2205//301 2206//373
f 2204//111 2181//166 2167//96
f 2167//96 2168//95 2204//219
f 2165//1153 2166//1107 2167//1210
f 2167//1210 2164//1023 2165//1153
f 2033//5643 2039//5335 2038//5129
f 2038//5129 2032//5778 2033//5643
f 2034//5662 2040//5375 2039//5335
f 2039//5335 2033//5643 2034//5662
f 2035//5805 2041//5435 2040//5375
f 2040//5375 2034//5662 2035//5805
f 2036//5771 2042//5711 2041//5509
f 2041//5435 2035//5805 2036//5754
f 2060//1368 2054//1281 2055//1443
f 2055//1443 2061//776 2060//1368
f 2061//1355 2055//1443 2056//1566
f 2056//1566 2062//1158 2061//1355
f 2062//1158 2056//1566 2057//1820
f 2057//1820 2063//1402 2062//1158
f 2063//1402 2057//1820 2058//2085
f 2058//2085 2064//1295 2063//1402
f 2064//1295 2058//2085 2059//1806
f 2059//1806 2065//1044 2064//1295
f 2066//495 2061//649 2062//852
f 2062//1129 2067//890 2066//495
f 2067//890 2062//1129 2063//1402
f 2063//1402 2068//888 2067//890
f 2068//888 2063//1402 2064//1295
f 2064//1295 2069//559 2068//888
f 2069//559 2064//1295 2065//1044
f 2065//1044 2070//391 2069//559
f 2071//525 2066//307 2067//278
f 2067//278 2072//497 2071//525
f 2072//497 2067//278 2068//178
f 2068//178 2073//427 2072//497
f 2073//427 2068//178 2069//238
f 2069//523 2074//223 2073//170
f 2074//223 2069//523 2070//391
f 2070//324 2075//239 2074//223
f 2077//1034 2071//525 2072//497
f 2072//497 2078//933 2077//1034
f 2078//933 2072//497 2073//481
f 2073//481 2079//1007 2078//933
f 2079//1007 2073//481 2074//910
f 2074//910 2080//1371 2079//1007
f 2080//1433 2074//910 2075//1150
f 2075//1150 2081//1520 2080//1433
f 2091//5555 2031//5585 2032//5778
f 2032//5778 2038//5674 2091//5555
f 2043//2741 2091//1885 2038//1970
f 2038//4873 2044//3831 2043//3736
f 2041//5374 2042//4804 2048//4344
f 2048//4344 2047//4439 2041//5435
f 2040//5375 2041//5435 2047//4439
f 2047//4439 2046//4835 2040//5375
f 2044//3831 2038//4873 2039//5335
f 2039//5335 2045//5052 2044//4521
f 2039//5335 2040//5375 2046//4835
f 2046//4835 2045//5052 2039//5335
f 2076//3247 2049//2047 2055//1443
f 2055//4458 2054//4134 2076//3887
f 2076//3828 2043//2961 2044//3831
f 2044//3725 2049//2047 2076//3828
f 2052//2712 2053//3003 2059//1806
f 2059//1806 2058//2085 2052//2712
f 2051//2115 2052//2712 2058//2085
f 2058//2085 2057//1820 2051//2115
f 2050//2294 2051//2115 2057//1820
f 2057//1820 2056//1566 2050//2294
f 2049//2047 2050//2294 2056//1566
f 2056//1566 2055//1443 2049//2047
f 2047//4439 2048//4344 2053//3003
f 2053//3003 2052//2712 2047//4439
f 2046//4022 2047//4439 2052//2712
f 2052//2712 2051//2115 2046//2606
f 2045//2876 2046//2606 2051//2115
f 2051//2115 2050//2294 2045//2876
f 2044//3725 2045//2876 2050//2294
f 2050//2294 2049//2047 2044//3725
f 2113//2968 2114//2962 2120//3139
f 2146//5424 2144//5424 2105//5424
f 2106//3405 2146//3884 2105//4443
f 2106//3405 2134//3234 2146//3884
f 2137//794 2071//525 2077//1034
f 2077//1034 2037//1823 2137//1430
f 2080//1433 2081//1520 2085//2471
f 2085//2471 2084//2394 2080//1570
f 2079//1007 2080//1433 2084//2316
f 2084//2036 2083//1840 2079//1007
f 2078//933 2079//1007 2083//1840
f 2083//1840 2082//1440 2078//933
f 2137//507 2138//81 2066//307
f 2066//307 2071//525 2137//437
f 2142//5106 2154//5193 2031//5611
f 2031//5611 2093//5370 2142//5106
f 2210//4546 2154//5193 2153//4680
f 2153//3551 2211//4152 2210//4459
f 2207//4601 2210//4546 2211//4152
f 2211//4152 2082//3739 2207//4601
f 2153//2107 2037//1823 2077//1034
f 2077//1034 2211//1155 2153//1827
f 2077//1034 2078//933 2082//1440
f 2082//1440 2211//1155 2077//1034
f 2031//5611 2154//5193 2210//5415
f 2210//5785 2032//5778 2031//5753
f 2084//2394 2085//2471 2088//2180
f 2088//2180 2208//2379 2084//2316
f 2083//1840 2084//2316 2208//2379
f 2208//2379 2209//3485 2083//1840
f 2208//5672 2088//5641 2036//5768
f 2036//5771 2035//5800 2208//5672
f 2209//5314 2208//5672 2035//5800
f 2035//5642 2034//5178 2209//5144
f 2207//4601 2209//5144 2034//5178
f 2034//5178 2033//5184 2207//4601
f 2210//4958 2207//4601 2033//5184
f 2033//5755 2032//5778 2210//5749
f 1619//5716 1617//5710 2015//5677
f 2015//5677 2023//5713 1619//5716
f 2023//5713 2015//5677 2016//5066
f 2016//5339 2024//5350 2023//5713
f 2024//4681 2016//4977 2017//3834
f 2017//3834 2025//4335 2024//5240
f 2025//4335 2017//3834 2018//2568
f 2018//2568 2026//2939 2025//4335
f 2026//2939 2018//2568 2019//1618
f 2019//1618 2027//1623 2026//2939
f 2027//1623 2019//1618 2020//1076
f 2020//1076 2028//915 2027//1623
f 2028//915 2020//1076 2021//617
f 2021//617 2029//433 2028//915
f 2029//433 2021//617 2022//668
f 2022//668 2030//851 2029//433
f 1617//5710 1615//5704 2007//5610
f 2007//5610 2015//5677 1617//5710
f 2015//5677 2007//5610 2008//5135
f 2008//5135 2016//5066 2015//5677
f 2016//5066 2008//5135 2009//3959
f 2009//3959 2017//3834 2016//5066
f 2017//3834 2009//3959 2010//2531
f 2010//2531 2018//2568 2017//3834
f 2018//2568 2010//2531 2011//1877
f 2011//1877 2019//1618 2018//2568
f 2019//1618 2011//1877 2012//1498
f 2012//1498 2020//1076 2019//1618
f 2020//1076 2012//1498 2013//849
f 2013//849 2021//617 2020//1076
f 2021//617 2013//849 2014//814
f 2014//788 2022//668 2021//617
f 2088//4209 1646//4099 1637//4174
f 1637//5476 2036//5657 2088//4995
f 2026//2939 2027//1623 2059//1806
f 2059//1806 2053//3003 2026//2939
f 2025//4335 2026//2939 2053//3003
f 2053//3003 2048//4344 2025//4335
f 2024//5240 2025//4335 2048//4344
f 2048//4344 2042//4804 2024//5240
f 2023//5713 2024//5350 2042//5275
f 2042//5711 2036//5748 2023//5713
f 1637//5476 1619//5716 2023//5713
f 2023//5713 2036//5748 1637//5476
f 1607//5656 1999//5665 2007//5610
f 2007//5610 1615//5704 1607//5656
f 2002//2634 2003//2452 2011//1877
f 2011//1877 2010//2531 2002//2634
f 2001//3881 2002//2634 2010//2531
f 2010//2531 2009//3959 2001//3881
f 2000//4947 2001//3881 2009//3959
f 2009//3959 2008//5135 2000//4947
f 1999//5595 2000//4947 2008//5135
f 2008//5135 2007//5610 1999//5595
f 2075//239 2070//391 2029//433
f 2029//433 2030//851 2075//403
f 2014//814 2013//849 2005//836
f 2005//836 2006//937 2014//814
f 2065//1044 2059//1806 2027//1623
f 2027//1623 2028//915 2065//1044
f 2070//480 2065//1044 2028//915
f 2028//915 2029//433 2070//391
f 2012//1498 2011//1877 2003//2452
f 2003//2452 2004//2074 2012//1498
f 2013//849 2012//1498 2004//1683
f 2004//1683 2005//881 2013//849
f 5//1364 7//1546 1499//1489
f 1499//1489 1486//1358 5//1364
f 1486//1358 1499//1489 1500//1571
f 1500//1571 1487//1416 1486//1358
f 1487//1416 1500//1571 1501//1906
f 1501//1906 1488//1579 1487//1416
f 1488//1579 1501//1906 1502//2131
f 1502//2131 1489//1723 1488//1579
f 1489//1723 1502//2131 1503//2124
f 1503//2124 1490//1835 1489//1723
f 1490//1835 1503//2124 1504//2372
f 1504//2372 1491//1993 1490//1835
f 1491//1993 1504//2372 1505//2611
f 1505//2611 1492//2392 1491//1993
f 1492//2392 1505//2611 1506//3461
f 1506//3461 1493//3360 1492//2392
f 1493//3360 1506//3461 1507//4036
f 1507//4036 1494//3903 1493//3360
f 1494//3903 1507//4036 1508//4243
f 1508//4243 1495//4137 1494//3903
f 1495//4137 1508//4243 1509//4281
f 1509//4281 1496//4376 1495//4137
f 1496//4376 1509//4281 1510//4424
f 1510//4424 1497//4413 1496//4376
f 1497//4413 1510//4424 1511//4489
f 1511//4489 1498//4338 1497//4413
f 1498//5160 1511//5285 8//5307
f 8//5307 6//5168 1498//5160
f 3//1131 1474//1154 1463//1004
f 1463//1004 1//958 3//1131
f 1485//5096 4//5091 2//4446
f 2//4446 1473//4257 1485//5096
f 1484//4213 1485//4097 1473//4240
f 1483//4118 1484//4213 1473//3996
f 1473//4288 1472//3778 1483//4120
f 1482//3605 1483//4118 1472//3778
f 1472//3778 1471//3318 1482//3605
f 1481//2836 1482//3605 1471//3318
f 1471//3318 1470//2408 1481//2836
f 1480//2128 1481//2836 1470//2408
f 1470//2408 1469//2225 1480//2128
f 1479//1834 1480//2128 1469//2225
f 1469//2225 1468//1838 1479//1834
f 1478//1724 1479//1834 1468//1838
f 1468//1838 1467//1765 1478//1724
f 1477//1548 1478//1724 1467//1765
f 1467//1765 1466//1475 1477//1548
f 1476//1386 1477//1548 1466//1412
f 1466//1412 1465//963 1476//1386
f 1475//1228 1476//1386 1465//963
f 1465//963 1464//979 1475//1228
f 1474//1154 1475//1228 1464//979
f 1464//979 1463//1004 1474//1154
f 10//5331 1523//5262 1536//5228
f 1536//5228 12//5347 10//5331
f 1512//1844 9//1673 11//1944
f 11//1944 1524//2125 1512//1844
f 1513//2285 1512//1844 1524//2125
f 1524//2125 1525//2560 1513//2285
f 1514//2670 1513//2285 1525//2560
f 1525//2560 1526//3277 1514//2670
f 1515//2898 1514//2670 1526//3277
f 1526//3277 1527//3717 1515//2898
f 1516//3227 1515//2898 1527//3717
f 1527//3717 1528//4041 1516//3227
f 1517//3465 1516//3227 1528//4041
f 1528//4041 1529//4548 1517//3465
f 1518//3911 1517//3465 1529//4548
f 1529//4548 1530//4370 1518//3911
f 1518//3911 1530//4370 1531//4202
f 1519//4215 1518//3911 1531//4202
f 1531//4202 1532//4465 1519//4215
f 1520//4284 1519//4215 1532//4465
f 1532//4465 1533//4499 1520//4284
f 1521//4337 1520//4284 1533//4499
f 1533//4499 1534//4652 1521//4337
f 1522//4493 1521//4337 1534//4652
f 1534//4652 1535//4588 1522//4493
f 1523//4572 1522//4493 1535//4588
f 1535//4588 1536//4275 1523//4572
f 5//1364 1486//1358 1474//1154
f 1474//1154 3//1131 5//1364
f 8//5307 1511//5285 1523//5262
f 1523//5262 10//5331 8//5307
f 1499//1489 7//1546 9//1686
f 1500//1571 1499//1489 9//1673
f 9//1673 1512//1844 1500//1571
f 1501//1906 1500//1571 1512//1844
f 1512//1844 1513//2285 1501//1906
f 1502//2131 1501//1906 1513//2285
f 1513//2285 1514//2670 1502//2131
f 1503//2124 1502//2131 1514//2670
f 1514//2670 1515//2898 1503//2124
f 1504//2372 1503//2124 1515//2898
f 1515//2898 1516//3227 1504//2372
f 1505//2611 1504//2372 1516//3227
f 1516//3227 1517//3465 1505//2611
f 1506//3461 1505//2611 1517//3465
f 1517//3465 1518//3911 1506//3461
f 1507//4036 1506//3461 1518//3911
f 1518//3911 1519//4215 1507//4036
f 1508//4243 1507//4036 1519//4215
f 1519//4215 1520//4284 1508//4243
f 1509//4281 1508//4243 1520//4284
f 1520//4284 1521//4337 1509//4281
f 1510//4424 1509//4281 1521//4337
f 1521//4337 1522//4493 1510//4424
f 1511//4489 1510//4424 1522//4493
f 1522//4493 1523//4572 1511//4489
f 1498//5160 6//5168 4//5091
f 4//5091 1485//5096 1498//5160
f 1497//4413 1498//4338 1485//4097
f 1485//4097 1484//4213 1497//4413
f 1496//4376 1497//4413 1484//4213
f 1484//4213 1483//4118 1496//4376
f 1495//4137 1496//4376 1483//4118
f 1494//3903 1495//4137 1483//4114
f 1483//4118 1482//3605 1494//3903
f 1493//3360 1494//3903 1482//3605
f 1482//3605 1481//2836 1493//3360
f 1492//2392 1493//3360 1481//2836
f 1481//2836 1480//2128 1492//2392
f 1491//1993 1492//2392 1480//2128
f 1480//2128 1479//1834 1491//1993
f 1490//1835 1491//1993 1479//1834
f 1479//1834 1478//1724 1490//1835
f 1489//1723 1490//1835 1478//1724
f 1478//1724 1477//1548 1489//1723
f 1488//1579 1489//1723 1477//1548
f 1477//1548 1476//1386 1488//1579
f 1487//1416 1488//1579 1476//1386
f 1476//1386 1475//1228 1487//1416
f 1486//1358 1487//1416 1475//1228
f 1475//1228 1474//1154 1486//1358
f 1533//4499 1648//4827 1534//4652
f 1530//4370 1529//4548 1542//4842
f 1542//4842 1543//5068 1530//4370
f 1531//4202 1530//4370 1543//5068
f 1543//4534 1544//4378 1531//4202
f 1532//4465 1531//4202 1544//4875
f 1544//4378 1545//4722 1532//4465
f 1546//5342 1547//5315 1648//4827
f 1648//4827 1533//4499 1532//4465
f 1532//4465 1546//5342 1648//4827
f 1532//4465 1545//5093 1546//5342
f 1540//4119 1559//4697 1550//4667
f 1566//4817 1567//4767 1558//4949
f 1558//4949 1557//5270 1566//4817
f 1565//5108 1566//4817 1557//5270
f 1557//5270 1556//5606 1565//5108
f 1564//5274 1565//5108 1556//5606
f 1556//5606 1555//5608 1564//5274
f 1563//5182 1564//5274 1555//5608
f 1555//5608 1554//5582 1563//5182
f 1562//5069 1563//5182 1554//5582
f 1554//5582 1553//5587 1562//5069
f 1561//4841 1562//5069 1553//5587
f 1553//5587 1552//5458 1561//4841
f 1560//4870 1561//4841 1552//5458
f 1552//5458 1551//5100 1560//4870
f 1559//4697 1560//4870 1551//5100
f 1551//5100 1550//4667 1559//4697
f 1548//5139 1547//5315 1556//5606
f 1556//5606 1557//5270 1548//5139
f 1541//4414 1540//4084 1550//4667
f 1542//4842 1541//4414 1550//4667
f 1550//4667 1551//5100 1542//4842
f 1543//5068 1542//4842 1551//5100
f 1551//5100 1552//5458 1543//5164
f 1544//5681 1543//5164 1552//5458
f 1552//5458 1553//5587 1544//5681
f 1545//5256 1544//5470 1553//5587
f 1553//5587 1554//5582 1545//5093
f 1546//5342 1545//5256 1554//5582
f 1554//5582 1555//5608 1546//5342
f 1547//5315 1546//5342 1555//5608
f 1555//5608 1556//5606 1547//5315
f 1529//4548 1528//4041 1541//4414
f 1541//4414 1542//4842 1529//4548
f 1524//2125 11//1944 13//2035
f 13//2035 1537//2002 1524//2125
f 1525//2560 1524//2125 1537//2002
f 1537//2002 1538//2755 1525//2560
f 1526//3277 1525//2560 1538//2681
f 1538//2755 1539//2993 1526//3277
f 1527//3717 1526//3277 1539//2993
f 1539//2993 1540//4084 1527//3717
f 1528//4041 1527//3717 1540//4084
f 1540//4084 1541//4414 1528//4041
f 1567//4830 1579//4791 1580//4950
f 1580//4950 1608//4990 1567//4857
f 1538//2755 1537//2002 2212//2347
f 2212//2347 1568//2744 1538//2768
f 1539//2993 1538//2755 1568//2744
f 1568//2744 1569//3165 1539//2993
f 1540//4038 1539//2993 1569//3020
f 1569//3204 1570//3804 1540//4119
f 1559//4697 1540//4084 1570//3804
f 1570//3804 1571//4083 1559//4697
f 1560//4870 1559//4697 1571//4083
f 1571//4083 1572//4008 1560//4870
f 1561//4841 1560//4870 1572//4008
f 1572//4008 1573//4046 1561//4841
f 1562//5069 1561//4841 1573//4046
f 1573//4046 1574//4221 1562//5069
f 1563//5182 1562//5069 1574//4221
f 1574//4221 1575//4515 1563//5182
f 1564//5274 1563//5182 1575//4515
f 1575//4515 1576//4556 1564//5274
f 1565//5108 1564//5274 1576//4556
f 1576//4556 1577//4203 1565//5108
f 1566//4817 1565//5108 1577//4203
f 1577//4203 1578//4467 1566//4817
f 1567//4767 1566//4817 1578//4467
f 1578//4608 1579//5086 1567//4767
f 1580//5295 1999//5675 1607//5656
f 1607//5656 1608//4990 1580//4957
f 1592//3664 1580//4773 1579//4432
f 1591//3667 1592//3577 1579//4432
f 1579//4791 1578//4467 1591//3667
f 69//2585 1581//2637 2212//2347
f 2212//2347 14//2317 69//2585
f 1590//3294 1591//3667 1578//4467
f 1578//4285 1577//4203 1590//3294
f 1590//3294 1577//4203 1576//4556
f 1589//3104 1590//3294 1576//4556
f 1576//4556 1575//4515 1589//3104
f 1588//2970 1589//3104 1575//4515
f 1575//4515 1574//4221 1588//2970
f 1587//3024 1588//2970 1574//4221
f 1574//4221 1573//4046 1587//3024
f 1586//3151 1587//3024 1573//4046
f 1573//4046 1572//4008 1586//3151
f 1585//3153 1586//3151 1572//4008
f 1572//4008 1571//4083 1585//3153
f 1584//3055 1585//3153 1571//4083
f 1571//4083 1570//3804 1584//3055
f 1583//2912 1584//3055 1570//3804
f 1570//3804 1569//3165 1583//2912
f 1582//2591 1583//2912 1569//3204
f 1569//3165 1568//2744 1582//2591
f 1581//2637 1582//2591 1568//2744
f 1568//2744 2212//2347 1581//2637
f 26//2325 29//2533 1678//2504
f 1678//2504 1653//2330 26//2325
f 1653//2330 1678//2504 1679//2576
f 1679//2576 1654//2297 1653//2330
f 1654//2297 1679//2576 1680//2686
f 1680//2686 1655//2357 1654//2297
f 1655//2357 1680//2686 1681//2860
f 1681//2860 1656//2358 1655//2357
f 1656//2358 1681//2860 1682//2907
f 1682//2907 1657//2554 1656//2358
f 1657//2554 1682//2907 1683//3054
f 1683//3054 1658//2803 1657//2554
f 1658//2803 1683//3054 1684//3325
f 1684//3325 1659//2960 1658//2803
f 1659//2960 1684//3325 1685//3537
f 1685//3537 1660//2985 1659//2960
f 1660//2985 1685//3537 1686//3653
f 1686//3653 1661//3017 1660//2985
f 1661//3017 1686//3653 1687//3730
f 1687//3730 1662//3045 1661//3017
f 1662//3149 1687//3730 1688//3951
f 1688//3951 1663//3444 1662//3045
f 1663//3444 1688//3951 1689//4096
f 1689//4096 1664//3657 1663//3444
f 1664//3657 1689//4096 1690//4077
f 1690//4077 1665//3564 1664//3657
f 1665//3564 1690//4077 1691//3982
f 1691//3982 1666//3408 1665//3564
f 1666//3408 1691//3982 1692//3879
f 1692//3879 1667//3293 1666//3408
f 1667//3293 1692//3879 1693//3788
f 1693//3788 1668//3152 1667//3293
f 1668//3152 1693//3788 1694//3761
f 1694//3761 1669//3023 1668//3152
f 1669//3023 1694//3761 1695//3707
f 1695//3707 1670//2918 1669//3023
f 1670//2918 1695//3707 30//3609
f 30//3609 27//3068 1670//2918
f 31//2571 33//2644 1715//2745
f 1715//2745 1696//2596 31//2571
f 1696//2596 1715//2745 1716//2845
f 1716//2845 1697//2704 1696//2596
f 1697//2704 1716//2845 1717//3066
f 1717//3066 1698//2887 1697//2704
f 1698//2887 1717//3066 1718//3292
f 1718//3292 1699//3047 1698//2887
f 1699//3047 1718//3317 1719//3270
f 1719//3270 1700//2899 1699//3047
f 1700//2899 1719//3270 1720//3381
f 1720//3381 1701//2822 1700//2899
f 1701//2822 1720//3009 1721//3021
f 1721//3021 1702//3142 1701//2822
f 1702//3142 1721//3021 1722//2761
f 1722//2761 1703//3403 1702//3142
f 1703//3403 1722//2761 1723//2709
f 1723//2709 1704//3599 1703//3403
f 1704//3599 1723//2709 1724//2919
f 1724//2919 1705//3698 1704//3599
f 1705//3698 1724//2919 1725//2940
f 1725//2940 1706//3759 1705//3698
f 1706//3759 1725//2940 1726//3014
f 1726//3014 1707//3906 1706//3759
f 1707//3906 1726//3014 1727//3034
f 1727//3034 1708//3885 1707//3906
f 1708//3885 1727//3034 1728//2775
f 1728//2775 1709//3749 1708//3885
f 1709//3749 1728//2775 1729//2595
f 1729//2595 1710//3586 1709//3749
f 1710//3586 1729//2595 1730//2498
f 1730//2498 1711//3491 1710//3586
f 35//2782 37//2996 1752//2890
f 1752//2890 1734//2777 35//2782
f 1734//2777 1752//2890 1753//2901
f 1753//2901 1735//2896 1734//2777
f 1735//2896 1753//2901 1754//3254
f 1754//3254 1736//3226 1735//2896
f 1736//3226 1754//3254 1755//3642
f 1755//3642 1737//3466 1736//3226
f 1737//3466 1755//3642 1756//4000
f 1756//4086 1738//3770 1737//3757
f 1738//3770 1756//4026 1757//3913
f 1757//3913 1739//3957 1738//3770
f 1739//3957 1757//3913 1758//3656
f 1758//3711 1740//3361 1739//3957
f 1740//3361 1758//3396 1759//2335
f 1759//2335 1741//2757 1740//3361
f 1741//2757 1759//2335 1760//1754
f 1760//1754 1742//2105 1741//2757
f 1742//2105 1760//1754 1761//1532
f 1761//1532 1743//1979 1742//2105
f 1743//1979 1761//1532 1762//1478
f 1762//1478 1744//1815 1743//1979
f 1744//1815 1762//1478 1763//1240
f 1763//1240 1745//1734 1744//1815
f 1745//1734 1763//1240 1764//1094
f 1764//1094 1746//1668 1745//1734
f 1746//1668 1764//1094 1765//1030
f 1765//1030 1747//1662 1746//1668
f 1747//1662 1765//1030 1766//1072
f 1766//1072 1748//1640 1747//1662
f 1592//3577 1605//1872 1606//2556
f 1581//2637 69//2585 15//2336
f 15//2336 1593//2177 1581//2637
f 1582//2591 1581//2637 1593//2177
f 1593//2177 1594//2145 1582//2591
f 1583//2912 1582//2591 1594//2145
f 1594//2145 1595//2224 1583//2912
f 1584//3055 1583//2912 1595//2224
f 1595//2224 1596//2234 1584//3055
f 1585//3153 1584//3055 1596//2234
f 1596//2234 1597//2324 1585//3153
f 1586//3151 1585//3153 1597//2324
f 1597//2324 1598//2360 1586//3151
f 1586//3151 1598//2360 1599//2323
f 1587//3024 1586//3151 1599//2323
f 1599//2323 1600//2288 1587//3024
f 1588//2970 1587//3024 1600//2288
f 1600//2288 1601//2280 1588//2970
f 1589//3104 1588//2970 1601//2280
f 1601//2280 1602//2388 1589//3104
f 1590//3294 1589//3104 1602//2388
f 1602//2388 1603//2539 1590//3294
f 1591//3667 1590//3294 1603//2539
f 1603//2539 1604//2373 1591//3667
f 1592//3577 1591//3667 1604//2320
f 1604//2320 1605//1872 1592//3577
f 1592//3682 2001//3881 2000//4947
f 2000//4947 1999//5518 1592//4774
f 1592//3760 1999//5239 1580//4685
f 1592//3577 1606//2556 2003//2452
f 1592//3474 2003//2452 2002//2634
f 1592//3577 2002//2634 2001//3881
f 24//2256 2088//2610 2085//2535
f 2085//2535 70//2326 24//2256
f 2075//747 2030//851 1675//1719
f 1675//1719 1676//1648 2075//747
f 2081//2148 2075//1554 1676//1554
f 1676//1648 1677//1865 2081//2186
f 24//2256 1646//2557 2088//2610
f 2081//2049 1677//1865 28//2351
f 28//2351 70//2326 2081//2049
f 2085//2535 2081//2049 70//2326
f 2030//851 2022//729 1674//1757
f 1674//1757 1675//1719 2030//851
f 2006//937 1671//1659 1672//1950
f 2014//908 2006//937 1672//1950
f 1672//1950 1673//1737 2014//814
f 2022//729 2014//814 1673//1737
f 1673//1737 1674//1757 2022//1279
f 2004//1683 2003//2452 1606//2451
f 2005//881 2004//1407 1606//1791
f 1606//2451 1605//1872 2005//1294
f 1605//1872 1604//2320 1671//1659
f 2005//881 1605//1872 1671//1549
f 26//2264 1593//2177 15//2336
f 1670//2918 27//3068 28//2351
f 28//2351 1677//1865 1670//2918
f 1669//3023 1670//2918 1677//1865
f 1677//1865 1676//1648 1669//3023
f 1668//3152 1669//3023 1676//1648
f 1676//1648 1675//1719 1668//3152
f 1667//3293 1668//3152 1675//1719
f 1675//1719 1674//1757 1667//3293
f 1666//3408 1667//3293 1674//1757
f 1674//1757 1673//1737 1666//3408
f 1665//3564 1666//3408 1673//1737
f 1673//1737 1672//1950 1665//3564
f 1664//3657 1665//3564 1672//1950
f 1672//1950 1671//1747 1664//3657
f 1663//3444 1664//3657 1671//1747
f 1662//3045 1663//3444 1671//1747
f 1671//1966 1604//2089 1662//2984
f 1661//3017 1662//3045 1604//2320
f 1604//2373 1603//2539 1661//3017
f 1660//2985 1661//3017 1603//2539
f 1603//2539 1602//2388 1660//2985
f 1659//2960 1660//2985 1602//2388
f 1602//2388 1601//2280 1659//2960
f 1658//2803 1659//2960 1601//2280
f 1601//2280 1600//2288 1658//2803
f 1657//2554 1658//2803 1600//2288
f 1600//2288 1599//2323 1657//2554
f 1656//2358 1657//2554 1599//2323
f 1599//2323 1598//2360 1656//2358
f 1655//2357 1656//2358 1598//2360
f 1654//2297 1655//2357 1598//2360
f 1598//2360 1597//2324 1654//2297
f 1653//2330 1654//2297 1597//2324
f 1597//2324 1596//2234 1653//2330
f 1653//2330 1596//2234 1595//2224
f 26//2325 1653//2330 1595//2224
f 1595//2224 1594//2145 26//2333
f 26//2333 1594//2145 1593//2177
f 29//2533 31//2571 1696//2596
f 1696//2596 1678//2504 29//2533
f 1678//2504 1696//2596 1697//2704
f 1697//2704 1679//2576 1678//2504
f 1679//2576 1697//2704 1698//2887
f 1698//2887 1680//2686 1679//2576
f 1680//2686 1698//2887 1699//3047
f 1699//3047 1681//2860 1680//2686
f 1681//2860 1699//3047 1700//2899
f 1700//2899 1682//2907 1681//2860
f 1682//2907 1700//2899 1701//2822
f 1701//2822 1683//3054 1682//2907
f 1683//3054 1701//2822 1702//3142
f 1702//3142 1684//3325 1683//3054
f 1684//3325 1702//3142 1703//3403
f 1703//3403 1685//3537 1684//3325
f 1685//3537 1703//3403 1704//3599
f 1704//3599 1686//3653 1685//3537
f 1686//3653 1704//3599 1705//3698
f 1705//3698 1687//3730 1686//3653
f 1687//3730 1705//3698 1706//3759
f 1706//3759 1688//3951 1687//3730
f 1688//3951 1706//3759 1707//3906
f 1707//3906 1689//4096 1688//3951
f 1689//4096 1707//3906 1708//3885
f 1708//3885 1690//4077 1689//4096
f 1690//4077 1708//3885 1709//3749
f 1709//3749 1691//3982 1690//4077
f 1691//3982 1709//3749 1710//3586
f 1710//3586 1692//3879 1691//3982
f 1692//3879 1710//3586 1711//3491
f 1711//3491 1693//3788 1692//3879
f 1693//3788 1711//3491 1712//3508
f 1712//3503 1694//3761 1693//3788
f 1712//3630 1713//3384 1694//3761
f 33//2644 35//2782 1734//2777
f 1734//2777 1715//2745 33//2644
f 1715//2745 1734//2777 1735//2896
f 1735//2896 1716//2845 1715//2745
f 1716//2845 1735//2896 1736//3226
f 1736//3226 1717//3066 1716//2845
f 1717//3066 1736//3226 1737//3466
f 1737//3466 1718//3292 1717//3066
f 1718//3430 1737//3757 1738//3770
f 1738//3770 1719//3270 1718//3317
f 1719//3270 1738//3770 1739//3957
f 1739//3957 1720//3524 1719//3270
f 1720//3381 1739//3957 1740//3361
f 1740//3361 1721//3021 1720//3009
f 1721//3021 1740//3361 1741//2757
f 1741//2757 1722//2761 1721//3021
f 1722//2761 1741//2757 1742//2105
f 1742//2105 1723//2709 1722//2761
f 1723//2709 1742//2105 1743//1979
f 1743//1979 1724//2919 1723//2709
f 1724//2919 1743//1979 1744//1815
f 1744//1815 1725//2940 1724//2919
f 1725//2940 1744//1815 1745//1734
f 1745//1734 1726//3014 1725//2940
f 1726//3014 1745//1734 1746//1668
f 1746//1668 1727//3034 1726//3014
f 1727//3034 1746//1668 1747//1662
f 1747//1662 1728//2775 1727//3034
f 1728//2775 1747//1662 1748//1640
f 1748//1640 1729//2595 1728//2775
f 1729//2595 1748//1640 1749//1672
f 1749//1627 1730//2498 1729//2595
f 1647//4891 1547//5315 1548//5139
f 1641//4766 1632//4426 1633//4057
f 2006//937 2005//836 1671//1078
f 37//2996 39//2848 1770//2788
f 1770//2788 1752//2890 37//2996
f 1752//2890 1770//2788 1771//2812
f 1771//2812 1753//2901 1752//2890
f 1753//2901 1771//2812 1772//3001
f 1772//3001 1754//3254 1753//2901
f 1754//3254 1772//3001 1773//2892
f 1773//2892 1755//3642 1754//3254
f 1755//3642 1773//3122 1774//3864
f 1774//4126 1756//4017 1755//3642
f 1756//4080 1774//4021 1775//3821
f 1775//3532 1757//3913 1756//4026
f 1757//3913 1775//3532 1776//2310
f 1776//2310 1758//3396 1757//3913
f 1758//3301 1776//2310 1777//1956
f 1777//1956 1759//2335 1758//2814
f 1759//2335 1777//1956 1778//1777
f 1778//1777 1760//1754 1759//2335
f 1760//1754 1778//1777 1779//1756
f 1779//1756 1761//1532 1760//1754
f 1761//1532 1779//1756 1780//1677
f 1780//1677 1762//1478 1761//1532
f 1762//1478 1780//1677 1781//1491
f 1781//1491 1763//1240 1762//1478
f 1763//1240 1781//1491 1782//1423
f 1782//1423 1764//1094 1763//1240
f 1764//1094 1782//1423 1783//1211
f 1783//1211 1765//1030 1764//1094
f 1765//1030 1783//1211 1784//1111
f 1784//1111 1766//1072 1765//1030
f 39//2848 40//2734 1786//2774
f 1786//2774 1770//2788 39//2848
f 1770//2788 1786//2774 1787//2784
f 1787//2784 1771//2812 1770//2788
f 1771//2812 1787//2784 1788//2766
f 1788//2766 1772//3001 1771//2812
f 1772//3001 1788//2766 1789//2614
f 1789//2614 1773//2892 1772//3001
f 1773//3122 1789//2614 1790//2537
f 1790//2056 1774//1323 1773//2513
f 1774//3999 1790//2537 1791//2762
f 1791//778 1775//778 1774//1323
f 1775//3532 1791//2762 1792//2448
f 1792//2448 1776//2310 1775//3413
f 1776//2310 1792//2448 1793//2516
f 1793//2516 1777//1956 1776//2310
f 1777//1956 1793//2516 1794//2655
f 1794//2655 1778//1777 1777//1956
f 1778//1777 1794//2655 1795//2664
f 1795//2664 1779//1756 1778//1777
f 1779//1756 1795//2664 1796//2817
f 1796//2817 1780//1677 1779//1756
f 1780//1677 1796//2817 1797//2488
f 1797//2352 1781//1491 1780//1677
f 1781//1491 1797//2488 1798//2791
f 1798//2955 1782//1423 1781//1491
f 1782//1423 1798//2955 1799//3106
f 1799//3008 1783//1211 1782//1423
f 1783//1211 1799//3008 1800//2495
f 1800//2377 1784//1111 1783//1211
f 1784//1111 1800//1612 1801//1539
f 1801//1539 1785//1146 1784//1111
f 1749//1535 1748//1640 1766//1072
f 1766//1072 1921//1473 1749//1627
f 1766//1072 1784//1111 1785//1146
f 1785//1146 1910//1104 1766//1072
f 1766//1072 1910//1104 1767//1199
f 1766//1072 1767//1199 1921//1473
f 40//2734 41//2874 1802//2906
f 1802//2906 1786//2774 40//2734
f 1786//2774 1802//2906 1803//2967
f 1803//2967 1787//2784 1786//2774
f 1787//2784 1803//2967 1804//2838
f 1804//2838 1788//2766 1787//2784
f 1788//2766 1804//2838 1805//2647
f 1805//2647 1789//2614 1788//2766
f 1789//2614 1805//2647 1806//2500
f 1806//2500 1790//2450 1789//2614
f 1790//2537 1806//2500 1807//2717
f 1807//2717 1791//2762 1790//2537
f 1791//2762 1807//2717 1808//3218
f 1808//3218 1792//2448 1791//2762
f 1792//2448 1808//3218 1809//3243
f 1809//3243 1793//2516 1792//2448
f 1793//2516 1809//3243 1810//3085
f 1810//3085 1794//2655 1793//2516
f 1794//2655 1810//3085 1811//2815
f 1811//2815 1795//2664 1794//2655
f 1795//2664 1811//2815 1812//2999
f 1812//2999 1796//2817 1795//2664
f 1796//2817 1812//2999 1813//2859
f 1813//2859 1797//2488 1796//2817
f 1797//2652 1813//2859 1814//3517
f 1814//3517 1798//2955 1797//2488
f 1798//2955 1814//3517 1815//4298
f 1815//4298 1799//3106 1798//3048
f 1799//3908 1815//4298 2213//4491
f 2213//4491 1800//3473 1799//3106
f 1800//3734 2213//4491 1816//4668
f 1816//4668 1801//4483 1800//4140
f 41//2874 42//3147 1817//2994
f 1817//2994 1802//2906 41//2874
f 1802//2906 1817//2994 1818//2763
f 1818//2763 1803//2967 1802//2906
f 1803//2967 1818//2763 1819//2818
f 1819//2818 1804//2838 1803//2967
f 1804//2838 1819//2818 1820//2740
f 1820//2740 1805//2647 1804//2838
f 1805//2647 1820//2740 1821//2424
f 1821//2424 1806//2500 1805//2647
f 1806//2500 1821//2424 1822//2143
f 1822//2143 1807//2717 1806//2500
f 1807//2717 1822//2143 1823//2396
f 1823//2396 1808//3218 1807//2717
f 1808//3218 1823//2396 1824//2470
f 1824//2470 1809//3243 1808//3218
f 1809//3243 1824//2470 1825//2293
f 1825//2293 1810//3085 1809//3243
f 1810//3085 1825//2293 1826//2054
f 1826//2054 1811//2815 1810//3085
f 1811//2815 1826//2054 1827//1863
f 1827//1863 1812//2999 1811//2815
f 1812//2999 1827//1863 1828//1875
f 1828//1875 1813//2859 1812//2999
f 1813//2859 1828//1875 1829//2226
f 1829//2226 1814//3517 1813//2859
f 1814//3517 1829//2226 1830//3595
f 1830//3595 1815//4298 1814//3517
f 1815//4298 1830//3595 1831//4091
f 1831//4671 2213//4491 1815//4298
f 42//3116 43//3084 1833//3176
f 1833//3176 1817//2994 42//3147
f 1817//2994 1833//3176 1834//2529
f 1834//2626 1818//2763 1817//2994
f 1818//2763 1834//2626 1835//2305
f 1835//2305 1819//2818 1818//2763
f 1819//2818 1835//2305 1836//2185
f 1836//2185 1820//2740 1819//2818
f 1820//2740 1836//2185 1837//1811
f 1837//1811 1821//2424 1820//2740
f 1821//2424 1837//1811 1838//1706
f 1838//1706 1822//2143 1821//2424
f 1822//2143 1838//1706 1839//1418
f 1839//1418 1823//2396 1822//2143
f 1823//2396 1839//1418 1840//1414
f 1840//1414 1824//2470 1823//2396
f 1824//2470 1840//1414 1841//1483
f 1841//1483 1825//2293 1824//2470
f 1825//2293 1841//1483 1842//1540
f 1842//1540 1826//2054 1825//2293
f 1826//2054 1842//1540 1843//1551
f 1843//1551 1827//1863 1826//2054
f 1827//1863 1843//1551 1844//1644
f 1844//1644 1828//1875 1827//1863
f 1828//1875 1844//1644 1845//1986
f 1845//1986 1829//2226 1828//1875
f 1829//2226 1845//1986 1846//2548
f 1846//2548 1830//3595 1829//2226
f 1830//3595 1846//2548 1847//2530
f 1847//2530 1831//3998 1830//3595
f 1831//3998 1847//2530 1848//3225
f 1848//3225 1832//4352 1831//4091
f 44//1373 45//1101 1863//939
f 1863//939 1849//1395 44//1040
f 1849//1395 1863//966 1864//782
f 1864//782 1850//940 1849//1016
f 1850//871 1864//782 1865//848
f 1865//848 1851//1049 1850//871
f 1851//1049 1865//848 1866//806
f 1866//806 1852//1056 1851//1049
f 1852//1056 1866//806 1867//829
f 1867//829 1853//955 1852//1056
f 1853//955 1867//829 1868//920
f 1868//920 1854//1119 1853//955
f 1854//1119 1868//920 1869//1026
f 1869//1026 1855//1247 1854//1119
f 1855//1247 1869//1026 1870//987
f 1870//987 1856//1348 1855//1247
f 1856//1348 1870//987 1871//1008
f 1871//1008 1857//1376 1856//1348
f 1857//1376 1871//1008 1872//918
f 1872//918 1858//1367 1857//1376
f 1858//1367 1872//918 1873//880
f 1873//880 1859//1393 1858//1367
f 1859//1393 1873//880 1874//823
f 1874//823 1860//1390 1859//1393
f 1860//1390 1874//823 1875//904
f 1875//904 1861//1324 1860//1390
f 1861//1324 1875//904 1876//944
f 1876//944 1862//1114 1861//1181
f 45//1101 521//1180 1877//1249
f 1877//1249 1863//939 45//1101
f 1863//911 1877//1415 1878//993
f 1878//993 1864//782 1863//966
f 1864//782 1878//993 1879//878
f 1879//878 1865//848 1864//782
f 1865//848 1879//878 1880//845
f 1880//845 1866//806 1865//848
f 1866//806 1880//845 1881//857
f 1881//857 1867//829 1866//806
f 1867//829 1881//857 1882//781
f 1882//435 1868//920 1867//829
f 1868//920 1882//435 1883//540
f 1883//905 1869//1026 1868//920
f 1869//1026 1883//737 1884//606
f 1884//606 1870//987 1869//1026
f 1870//987 1884//606 1885//625
f 1885//625 1871//1008 1870//987
f 1871//1008 1885//625 1886//568
f 1886//568 1872//918 1871//1008
f 1872//918 1886//568 1887//535
f 1887//535 1873//880 1872//918
f 1873//880 1887//535 1888//674
f 1888//674 1874//823 1873//880
f 1874//823 1888//674 1889//901
f 1889//901 1875//904 1874//823
f 1875//904 1889//901 1890//1093
f 1890//1093 1876//944 1875//904
f 521//14 536//23 1891//158
f 1891//208 1877//22 521//14
f 1877//22 1891//208 1892//135
f 1892//135 1878//89 1877//22
f 1878//89 1892//135 1893//114
f 1893//114 1879//82 1878//89
f 1879//82 1893//114 1894//30
f 1894//30 1880//101 1879//82
f 1880//101 1894//30 1895//25
f 1895//25 1881//100 1880//101
f 1881//100 1895//25 1896//177
f 1896//177 1882//379 1881//100
f 1882//379 1896//177 1897//132
f 1897//119 1883//312 1882//379
f 1883//312 1897//119 1898//144
f 1898//144 1884//606 1883//428
f 1884//606 1898//144 1899//222
f 1899//222 1885//625 1884//606
f 1885//625 1899//222 1900//250
f 1900//250 1886//568 1885//625
f 1886//568 1900//250 1901//211
f 1901//211 1887//535 1886//568
f 1860//1390 1861//1392 1847//2530
f 1847//2530 1846//2548 1860//1390
f 1859//1393 1860//1390 1846//2548
f 1846//2548 1845//1986 1859//1393
f 1858//1367 1859//1393 1845//1986
f 1845//1986 1844//1644 1858//1367
f 1857//1376 1858//1367 1844//1644
f 1844//1644 1843//1551 1857//1376
f 1856//1348 1857//1376 1843//1551
f 1843//1551 1842//1540 1856//1348
f 1855//1247 1856//1348 1842//1540
f 1842//1540 1841//1483 1855//1247
f 1854//1119 1855//1247 1841//1483
f 1841//1483 1840//1414 1854//1119
f 1853//955 1854//1119 1840//1414
f 1840//1414 1839//1418 1853//955
f 1852//1056 1853//955 1839//1418
f 1839//1418 1838//1706 1852//1056
f 1851//1049 1852//1056 1838//1706
f 1838//1706 1837//1811 1851//1049
f 1850//1035 1851//1049 1837//1811
f 1837//1811 1836//2185 1850//1305
f 1849//1395 1850//1130 1836//2185
f 1836//2185 1835//2305 1849//1481
f 2158//4908 1831//4671 1832//4449
f 1904//4751 1816//4668 2213//4491
f 2213//4491 1831//4091 1904//4751
f 2158//4908 1911//4559 1904//4751
f 1904//4751 1831//4091 2158//4908
f 2082//2100 2083//1840 2209//3485
f 2209//4396 2207//4601 2082//3739
f 1537//2002 13//2035 14//2317
f 14//2317 2212//2347 1537//2002
f 1848//3225 1847//2530 2162//1926
f 1862//1071 1876//944 2164//1023
f 2164//1023 2163//1224 1862//1114
f 1847//2530 1861//1324 1862//1193
f 1862//1114 2162//1926 1847//2530
f 1876//944 1890//1093 2166//1107
f 2166//1107 2165//1153 1876//944
f 1876//944 2165//1153 2164//1023
f 2186//5117 1956//5039 1941//5205
f 1941//5215 2185//5226 2186//4899
f 1941//4850 2157//5376 2185//5551
f 2189//4511 2199//3671 2192//3677
f 2192//3677 2188//4341 2189//4511
f 2214//1836 2215//1359 2216//1372
f 2216//1372 2217//2601 2214//1836
f 2218//2478 2219//1955 2220//2849
f 2220//2849 2221//3534 2218//2478
f 2222//5393 2223//5512 2219//5485
f 2219//5485 2218//5404 2222//5393
f 2224//2810 2214//1836 2217//2601
f 2225//3487 2226//2645 2224//2810
f 2227//2725 2226//2682 2225//3487
f 2228//2096 2229//3783 2230//3787
f 2230//2854 2231//1929 2228//2096
f 2232//3129 2233//4457 2229//4195
f 2229//3825 2228//2096 2232//2659
f 2234//3109 2235//3264 2233//3773
f 2233//4457 2232//2802 2234//3109
f 2232//1882 2236//1143 2237//1476
f 2237//1476 2234//3109 2232//2461
f 2228//2096 2238//1239 2236//1350
f 2236//1143 2232//2659 2228//2096
f 2231//1929 2239//1082 2238//1239
f 2238//1239 2228//2096 2231//1929
f 2240//5029 2229//4365 2233//4550
f 2233//4550 2241//4843 2240//5029
f 2242//4912 2230//4239 2229//4466
f 2229//4708 2240//5029 2242//4912
f 2243//5372 2244//5247 2245//5145
f 2245//5145 2242//4912 2243//5372
f 2246//846 2238//1239 2239//1082
f 2239//1082 2247//767 2246//846
f 2236//1143 2238//1239 2246//846
f 2246//571 2248//753 2236//1143
f 2248//753 2237//1476 2236//1099
f 2230//4154 2242//4912 2249//2921
f 2245//5145 2244//5247 2222//5393
f 2222//5393 2218//5404 2245//5145
f 2220//2849 2250//3572 2251//3366
f 2251//4112 2221//3534 2220//2849
f 2251//4112 2250//3988 2215//4141
f 2215//1359 2214//1836 2251//1667
f 2252//123 2225//104 2224//105
f 2224//105 2253//94 2252//43
f 2254//1622 2227//2134 2225//1730
f 2225//1730 2252//1654 2254//1682
f 2255//217 2247//191 2227//289
f 2227//289 2254//225 2255//217
f 2256//1972 2237//1698 2248//770
f 2248//1267 2257//1696 2256//1972
f 2258//348 2246//343 2247//281
f 2247//191 2255//217 2258//230
f 2257//550 2248//663 2246//320
f 2246//343 2258//374 2257//550
f 2259//1991 2254//1580 2252//1654
f 2252//1654 2260//2214 2259//1991
f 2254//611 2259//1157 2261//787
f 2261//554 2255//217 2254//280
f 2261//554 2262//562 2258//388
f 2258//388 2255//217 2261//554
f 2263//675 2257//716 2258//442
f 2258//442 2262//562 2263//675
f 2264//2240 2256//1972 2257//1258
f 2257//1696 2263//1839 2264//2240
f 2265//3514 2266//3168 2256//1972
f 2256//1972 2264//2240 2265//3514
f 2267//439 2260//330 2252//123
f 2252//286 2253//482 2267//809
f 2253//58 2268//62 2269//536
f 2269//603 2267//809 2253//482
f 2221//3534 2249//3076 2245//2900
f 2245//2900 2218//2478 2221//3534
f 2231//1929 2230//3354 2249//3169
f 2249//3169 2270//2201 2231//1929
f 2221//3534 2251//4112 2270//3861
f 2270//2274 2249//3076 2221//3534
f 2214//1836 2271//1477 2270//1964
f 2270//1964 2251//1572 2214//1836
f 2239//1082 2231//1929 2270//2090
f 2270//2090 2271//1298 2239//1082
f 2247//618 2239//1082 2271//1298
f 2271//1084 2227//289 2247//444
f 2227//2577 2271//1614 2226//2117
f 2226//1861 2271//1321 2214//1836
f 2214//1836 2224//2810 2226//2284
f 2217//154 2253//94 2224//105
f 2253//94 2217//154 2216//139
f 2216//139 2268//6 2253//94
f 2272//4971 2273//4807 2244//5027
f 2244//5340 2243//5414 2272//4971
f 2273//4807 2274//5007 2222//5277
f 2222//5277 2244//5027 2273//4807
f 2240//5029 2275//5408 2243//5263
f 2243//5263 2242//4912 2240//5029
f 2235//3610 2276//3355 2241//4829
f 2241//4843 2233//4550 2235//3963
f 2277//5101 2278//5146 2241//4843
f 2241//4905 2276//4928 2277//5101
f 2275//5408 2240//5029 2241//4843
f 2241//4843 2278//5146 2275//5408
f 2279//5367 2280//5324 2278//5146
f 2278//5146 2277//5101 2279//5367
f 2281//5313 2275//5472 2278//5146
f 2278//5146 2280//5324 2281//5313
f 2272//4971 2243//5422 2275//5427
f 2275//5472 2281//5313 2272//5259
f 2282//2608 2259//2301 2260//3065
f 2267//889 2282//1721 2260//1262
f 2282//3198 2283//4135 2284//3847
f 2284//3592 2259//2301 2282//2608
f 2283//4196 2274//5007 2273//4807
f 2273//4807 2284//4177 2283//4196
f 2285//1897 2286//1997 2283//3486
f 2283//4135 2282//2389 2285//1897
f 2287//5077 2274//5007 2283//4196
f 2283//4196 2286//4644 2287//5077
f 2284//2702 2288//1965 2261//1688
f 2261//1688 2259//1658 2284//2702
f 2273//4807 2272//4910 2288//4553
f 2288//4553 2284//4427 2273//4807
f 2288//1965 2289//2885 2262//2046
f 2262//2046 2261//2030 2288//1965
f 2272//4910 2281//4454 2289//4104
f 2289//4104 2288//4553 2272//4910
f 2269//1524 2285//1897 2282//2389
f 2282//2088 2267//889 2269//965
f 2263//2299 2262//2046 2289//2885
f 2263//2299 2289//3471 2264//3263
f 2280//4095 2289//4323 2281//4454
f 2289//3541 2265//3967 2264//3263
f 2265//3967 2289//3541 2280//4095
f 2280//4095 2279//3889 2265//3967
f 2266//3168 2265//3514 2279//3948
f 2279//3948 2277//3815 2266//3168
f 2266//3168 2234//3348 2237//1698
f 2237//1698 2256//1972 2266//3168
f 2242//2916 2245//2900 2249//3076
f 2277//5346 2276//5346 2235//5346
f 2234//3348 2277//3815 2235//4327
f 2234//3348 2266//3168 2277//3815
f 2274//5007 2287//5077 2223//5547
f 2223//5547 2222//5277 2274//5007
f 2170//3185 2169//2221 2220//2849
f 2220//2849 2219//1955 2170//2991
f 2179//620 2206//373 2268//152
f 2268//6 2216//139 2179//363
f 2176//1142 2179//661 2216//1372
f 2216//1372 2215//1359 2176//1142
f 2169//2063 2176//1142 2215//1359
f 2215//4141 2250//4167 2169//3305
f 2169//2519 2250//3988 2220//2849
f 2219//5485 2223//5512 2182//5390
f 2182//5204 2170//5081 2219//5485
f 2269//603 2268//420 2206//1068
f 2206//1068 2203//1543 2269//879
f 2285//1897 2269//1524 2203//1543
f 2203//1543 2198//2161 2285//1897
f 2286//1997 2285//1897 2198//2161
f 2198//2161 2199//3570 2286//1997
f 2287//5077 2286//4644 2199//3940
f 2199//3671 2189//4511 2287//5077
f 2223//5547 2287//5077 2189//5167
f 2189//5697 2182//5720 2223//5547
f 1991//263 1890//237 1889//131
f 1889//131 1995//136 1991//263
f 1888//438 1887//535 1901//211
f 1901//211 1996//16 1888//68
f 1889//131 1888//68 1996//16
f 1996//16 1995//136 1889//131
f 1901//211 1900//250 1992//193
f 1896//524 1895//254 1998//365
f 1998//328 1997//182 1896//209
f 1897//233 1896//209 1997//182
f 1997//182 1985//26 1897//132
f 1898//144 1897//132 1985//26
f 1985//26 1984//80 1898//144
f 1899//222 1898//144 1984//80
f 1984//80 1986//179 1899//222
f 1900//250 1899//222 1986//179
f 1986//179 1992//193 1900//250
f 64//194 1998//544 1895//599
f 1895//121 65//64 64//190
f 1891//243 536//515 68//545
f 1892//135 1891//208 68//382
f 1893//114 1892//135 68//353
f 68//2 67//11 1893//114
f 1894//30 1893//114 67//9
f 67//11 66//4 1894//30
f 1895//55 1894//30 66//4
f 66//4 65//37 1895//55
f 2290//3056 2298//1795 2299//2816
f 2290//3510 2299//2816 2291//2799
f 2291//2799 2299//2816 2292//3910
f 2292//3910 2299//2816 2300//3805
f 2292//3910 2300//3805 2293//4604
f 2293//4604 2300//3805 2301//4419
f 2293//4604 2301//4419 2294//4996
f 2294//4996 2301//4419 2302//4574
f 2294//4996 2302//4574 2295//5121
f 2295//5121 2302//4574 2296//4921
f 2296//4921 2302//4574 2303//4634
f 2296//4921 2303//4634 2297//4935
f 2298//1752 2304//1559 2299//2816
f 2304//1592 2305//2779 2299//2816
f 2299//2816 2305//2779 2300//3805
f 2305//2779 2306//3368 2300//3805
f 2306//3368 2307//3392 2300//3805
f 2300//3805 2307//3392 2301//4419
f 2307//3392 2308//3619 2301//4419
f 2301//4419 2308//3619 2302//4574
f 2308//3619 2309//3978 2302//4574
f 2302//4574 2309//3978 2303//4634
f 2309//3978 2310//4658 2303//4634
f 2304//1592 2311//2604 2312//2383
f 2304//1592 2312//2383 2305//2779
f 2305//2779 2312//2383 2313//2139
f 2305//2779 2313//3077 2306//3368
f 2306//3368 2313//2139 2314//2356
f 2306//3368 2314//2356 2307//3392
f 2307//3392 2314//2356 2315//2300
f 2307//3392 2315//2300 2308//3619
f 2308//3619 2315//2300 2316//2748
f 2308//3619 2316//2748 2309//3978
f 2309//3978 2316//2748 2317//3666
f 2309//3978 2317//4100 2310//4658
f 2311//2604 2318//3748 2319//2404
f 2311//2604 2319//2277 2312//2383
f 2312//2383 2319//2277 2320//1413
f 2312//2383 2320//1413 2313//1920
f 2313//2139 2320//1413 2314//2356
f 2314//2356 2320//1413 2321//1676
f 2314//2356 2321//1676 2315//2300
f 2315//2300 2321//1676 2322//1969
f 2315//2300 2322//1969 2316//2748
f 2316//2748 2322//1969 2323//3150
f 2316//2748 2323//3150 2317//3666
f 2318//1280 2324//832 2325//744
f 2318//2309 2325//1656 2319//2277
f 2319//4909 2325//4909 2326//4909
f 2319//2259 2326//769 2320//1413
f 2320//1413 2326//769 2327//772
f 2320//3883 2327//3883 2321//3883
f 2321//579 2327//772 2328//1195
f 2321//1676 2328//1260 2322//1969
f 2322//1931 2328//1242 2329//1028
f 2322//2003 2329//3093 2323//3150
f 2324//832 2330//703 2331//712
f 2324//832 2331//712 2325//721
f 2325//721 2331//712 2332//622
f 2325//721 2332//458 2326//769
f 2326//769 2332//359 2333//866
f 2326//769 2333//866 2327//772
f 2327//772 2333//866 2334//1315
f 2327//772 2334//1315 2328//1242
f 2328//1242 2334//1315 2335//1347
f 2328//474 2335//333 2329//474
f 2330//387 2336//452 2337//705
f 2330//387 2337//740 2331//456
f 2331//456 2337//705 2338//426
f 2331//456 2338//426 2332//306
f 2332//229 2338//426 2339//316
f 2332//252 2339//316 2333//292
f 2333//292 2339//316 2340//467
f 2333//292 2340//467 2334//356
f 2334//356 2340//467 2341//358
f 2334//356 2341//358 2335//333
f 2336//1485 2342//1750 2343//1238
f 2336//834 2343//1238 2337//740
f 2337//850 2343//1238 2344//1162
f 2337//740 2344//1127 2338//446
f 2338//446 2344//700 2345//590
f 2338//764 2345//808 2339//1105
f 2339//687 2345//590 2346//615
f 2339//687 2346//886 2340//483
f 2340//483 2346//873 2347//1134
f 2340//697 2347//1303 2341//1339
f 2342//1750 2348//3458 2349//3484
f 2342//1750 2349//1118 2343//1238
f 2343//1238 2349//1075 2350//1749
f 2343//1238 2350//2246 2344//1573
f 2344//1573 2350//2246 2351//2099
f 2344//1851 2351//2099 2345//1802
f 2345//1852 2351//2099 2352//1894
f 2345//1852 2352//1894 2346//951
f 2346//951 2352//1894 2353//1755
f 2346//1183 2353//1755 2347//1425
f 2348//3458 2354//4225 2349//3835
f 2354//4225 2355//4315 2349//3835
f 2349//3835 2355//4315 2350//2421
f 2355//3859 2356//3633 2350//2246
f 2356//3687 2357//2915 2350//2340
f 2350//2153 2357//1657 2351//2099
f 2357//2915 2358//2913 2351//2099
f 2351//2099 2358//2913 2352//1894
f 2358//2913 2359//2534 2352//1894
f 2352//1894 2359//2534 2353//1755
f 2359//2534 2360//2581 2353//1755
f 2361//122 2363//585 2364//422
f 2364//422 2362//1 2361//130
f 2362//1 2364//422 2365//415
f 2365//415 936//21 2362//1
f 936//21 2365//415 2366//394
f 2366//394 937//3 936//21
f 937//3 2366//394 2367//457
f 2367//457 938//201 937//3
f 938//201 2367//457 2368//758
f 2368//758 939//645 938//201
f 939//645 2368//758 2369//1383
f 2369//1383 940//1288 939//645
f 940//1288 2369//1383 2370//2565
f 2370//2565 71//2364 940//1288
f 2363//585 2371//1246 2372//1043
f 2372//1043 2364//422 2363//585
f 2364//422 2372//1043 2373//1014
f 2373//1014 2365//415 2364//422
f 2365//415 2373//1014 2374//982
f 2374//982 2366//394 2365//415
f 2366//394 2374//982 2375//973
f 2375//973 2367//457 2366//394
f 2367//457 2375//973 2376//1217
f 2376//1217 2368//758 2367//457
f 2368//758 2376//1217 2377//1655
f 2377//1655 2369//1383 2368//758
f 2369//1383 2377//1655 2378//2397
f 2378//2397 2370//2565 2369//1383
f 2371//1319 2379//2508 2380//2541
f 2380//2541 2372//1043 2371//1282
f 2372//1043 2380//2541 2381//2497
f 2381//2497 2373//1014 2372//1043
f 2373//1014 2381//2497 2382//2433
f 2382//2433 2374//982 2373//1014
f 2374//982 2382//2433 2383//2291
f 2383//2291 2375//973 2374//982
f 2375//973 2383//2291 2384//2287
f 2384//2287 2376//1217 2375//973
f 2376//1217 2384//2179 2385//2207
f 2385//2207 2377//1655 2376//1217
f 2377//1655 2385//2207 2378//1842
f 2379//2508 2386//4205 2387//4535
f 2387//4535 2380//2541 2379//2508
f 2380//2541 2387//4535 2388//4540
f 2388//4540 2381//2497 2380//2541
f 2381//2497 2388//4540 2389//4516
f 2389//4516 2382//2433 2381//2497
f 2382//2433 2389//4516 2390//4374
f 2390//4374 2383//2291 2382//2433
f 2383//2291 2390//4374 2391//3919
f 2391//3898 2384//2287 2383//2291
f 2384//2662 2391//3919 2392//3593
f 2392//3593 2385//2261 2384//2287
f 2386//4205 2393//5279 2394//5526
f 2394//5526 2387//4535 2386//4205
f 2387//4535 2394//5526 2395//5546
f 2395//5546 2388//4540 2387//4535
f 2388//4540 2395//5546 2396//5541
f 2396//5541 2389//4516 2388//4540
f 2389//4516 2396//5541 2397//5361
f 2397//5355 2390//4374 2389//4516
f 2390//4374 2397//5361 2398//4689
f 2398//4689 2391//3919 2390//4374
f 2391//3979 2398//4611 2399//4044
f 2399//4044 2392//3593 2391//3919
f 2393//5322 2400//5817 2401//5815
f 2401//5815 2394//5526 2393//5322
f 2394//5526 2401//5815 968//5811
f 968//5811 2395//5546 2394//5526
f 2395//5546 968//5811 969//5818
f 969//5818 2396//5541 2395//5546
f 2396//5541 969//5818 970//5673
f 970//5673 2397//5361 2396//5541
f 2397//5361 970//5673 45//4780
f 45//4742 2398//4611 2397//5385
f 2398//4510 45//4742 971//4066
f 971//4066 2399//4044 2398//4611
f 2400//5808 2402//5345 2403//5544
f 2403//5544 2401//5815 2400//5817
f 2401//5815 2403//5544 963//5545
f 963//5545 968//5811 2401//5815
f 2402//5345 2404//4187 2405//4536
f 2405//4536 2403//5544 2402//5345
f 2403//5544 2405//4536 958//4539
f 958//4539 963//5545 2403//5544
f 2404//4187 2406//2545 2407//2506
f 2407//2506 2405//4536 2404//4187
f 2405//4536 2407//2506 953//2496
f 953//2496 958//4539 2405//4536
f 2406//2545 2408//1318 2409//1021
f 2409//1021 2407//2506 2406//2545
f 2407//2506 2409//1021 947//1015
f 947//1015 953//2496 2407//2506
f 2408//1318 2410//592 2411//411
f 2411//411 2409//1021 2408//1297
f 2409//1021 2411//411 941//416
f 941//416 947//1015 2409//1021
f 2410//592 2361//130 2362//1
f 2362//1 2411//411 2410//592
f 2411//411 2362//1 936//21
f 936//21 941//416 2411//411
f 2393//5279 2386//4205 2298//3118
f 2298//1795 2290//3056 2393//4684
f 2371//1103 2330//703 2324//832
f 2371//1246 2324//832 2318//1280
f 2371//1780 2318//3748 2311//2604
f 2379//2508 2371//1282 2311//2604
f 2379//2508 2311//2604 2304//1592
f 2386//3217 2304//1592 2298//1752
f 2363//585 2361//130 2330//334
f 2404//4187 2354//4225 2348//3458
f 2406//2545 2404//4187 2348//3458
f 2408//1318 2406//2545 2348//3458
f 2408//1338 2348//3458 2342//1750
f 2408//1318 2342//1750 2336//1485
f 2410//592 2408//1318 2336//817
f 2361//199 2336//452 2330//387
f 2354//4676 2402//5345 2400//5808
f 2354//4254 2404//4187 2402//5345
f 2393//5322 2290//5120 2412//5143
f 2412//4561 2354//4254 2400//5633
f 2290//4253 2292//3910 2293//4604
f 2356//3838 2355//4315 2295//4453
f 2412//5143 2290//5092 2293//4604
f 2412//5143 2293//4604 2294//4996
f 2412//5143 2294//4996 2295//5121
f 2354//4254 2412//4561 2295//4453
f 2355//4410 2354//4254 2295//4453
f 2358//5169 2303//5209 2359//4724
f 2358//4304 2357//4098 2356//4481
f 2356//3838 2295//4453 2296//3995
f 2356//3687 2296//3995 2297//3897
f 2356//361 2297//361 2303//361
f 2358//5169 2356//4700 2303//5209
f 2303//4634 2310//4658 2359//4520
f 2310//4658 2317//4709 2359//4520
f 2329//3801 2341//4262 2323//3061
f 2360//3935 2359//4704 2317//4690
f 2360//2346 2317//1515 2323//2651
f 2353//1846 2360//3680 2323//2855
f 2347//1287 2353//1846 2323//1923
f 2341//4677 2347//4514 2323//3661
f 2329//5537 2335//5537 2341//4874
f 2386//4155 2379//2508 2304//1708
f 2371//1246 2363//585 2330//703
f 2361//130 2410//592 2336//419
f 2412//5143 2400//5817 2393//5322
f 2385//1921 1834//2884 2378//2397
f 1833//3176 43//3084 71//2472
f 71//2364 2370//2565 1833//3176
f 1833//3176 2370//2565 2378//2411
f 1834//2529 1833//3176 2378//2411
f 2385//2250 1849//1481 1834//2626
f 1849//1481 1835//2305 1834//2626
f 1946//5030 2414//4974 2413//5403
f 2413//5403 1945//5395 1946//5030
f 1947//4622 2415//4615 2414//4974
f 2414//4974 1946//5030 1947//4622
f 1948//900 2416//902 2415//1186
f 2415//1186 1947//1175 1948//900
f 1949//682 2417//677 2416//902
f 2416//902 1948//900 1949//682
f 1962//295 2418//259 2417//262
f 2417//262 1949//297 1962//295
f 1963//1204 2419//1088 2418//1062
f 2418//1062 1962//1202 1963//1204
f 1964//4645 2420//4501 2419//3816
f 2419//3816 1963//3819 1964//4645
f 1945//5064 2413//5034 2420//4673
f 2420//4673 1964//4645 1945//5064
f 1952//5506 2422//5577 2421//5612
f 2421//5612 1951//5506 1952//5506
f 1953//3051 2423//3091 2422//4018
f 2422//4018 1952//3497 1953//3051
f 1954//1602 2424//1583 2423//3091
f 2423//3091 1953//3111 1954//1602
f 1955//1328 2425//1312 2424//1583
f 2424//1583 1954//1602 1955//1328
f 1957//90 2426//36 2425//126
f 2425//126 1955//206 1957//90
f 1959//623 2427//543 2426//36
f 2426//36 1957//90 1959//623
f 1960//1037 2428//1058 2427//657
f 2427//657 1959//623 1960//1037
f 1961//4486 2429//4429 2428//3500
f 2428//3500 1960//3463 1961//4486
f 1951//5038 2421//5054 2429//4654
f 2429//4654 1961//4486 1951//5038
f 2420//4290 2430//4211 2431//3771
f 2431//3771 2419//3816 2420//4290
f 2419//1088 2431//990 2432//648
f 2432//648 2418//720 2419//1088
f 2418//479 2432//648 2433//298
f 2433//298 2417//262 2418//479
f 2417//677 2433//673 2434//815
f 2434//815 2416//902 2417//677
f 2416//902 2434//815 2435//1219
f 2435//1219 2415//1186 2416//902
f 2415//4615 2435//4411 2436//4785
f 2436//4785 2414//4974 2415//4615
f 2414//4974 2436//5019 2437//5411
f 2437//5411 2413//5403 2414//4974
f 2413//5034 2437//4864 2430//4211
f 2430//4211 2420//4501 2413//5034
f 2421//5054 2438//5045 2439//4282
f 2439//4282 2429//4429 2421//5054
f 2429//4175 2439//4282 2440//3528
f 2440//3528 2428//3500 2429//4175
f 2428//1058 2440//1097 2441//723
f 2441//723 2427//757 2428//1058
f 2427//657 2441//723 2442//187
f 2442//187 2426//36 2427//657
f 2426//36 2442//187 2443//65
f 2443//65 2425//126 2426//36
f 2425//1312 2443//1410 2444//1646
f 2444//1646 2424//1583 2425//1312
f 2424//1583 2444//1646 2445//2965
f 2445//2965 2423//3091 2424//1583
f 2423//3091 2445//2965 2446//3780
f 2446//3780 2422//4018 2423//3091
f 2422//5577 2446//5655 2438//5653
f 2438//5653 2421//5612 2422//5577
f 2447//3980 2437//4682 2436//4328
f 2447//3766 2436//4522 2435//4059
f 2447//3248 2435//3393 2434//1813
f 2447//1641 2434//1813 2433//1352
f 2447//1342 2433//1352 2432//1274
f 2447//2883 2432//2169 2431//2826
f 2447//3437 2431//2826 2430//4300
f 2447//4232 2430//4300 2437//4682
f 2448//3685 2438//4264 2446//3813
f 2448//3028 2446//3944 2445//2965
f 2448//2572 2445//2965 2444//1646
f 2448//2061 2444//1646 2443//1302
f 2448//1466 2443//1400 2442//1091
f 2448//1168 2442//1091 2441//1185
f 2448//1767 2441//1185 2440//1793
f 2448//2739 2440//1793 2439//3729
f 2448//3799 2439//3729 2438//4264
f 2454//4417 2453//4034 2452//4266
f 2451//4852 2454//4133 2452//4266
f 2450//4372 2454//4417 2451//4911
f 2450//4170 2449//3073 2454//3659
f 2451//5059 2452//5387 2456//5561
f 2456//5529 2455//5105 2451//4952
f 2453//5523 2457//5463 2456//5529
f 2456//5516 2452//5189 2453//5094
f 2458//3852 2457//4992 2453//4087
f 2459//2711 2458//3796 2453//3779
f 2453//3779 2454//2981 2459//2711
f 2460//2345 2459//2711 2454//3236
f 2454//2981 2449//2798 2460//2345
f 2461//3876 2460//2345 2449//3073
f 2450//4297 2451//4936 2455//5471
f 2455//5105 2462//4844 2450//4736
f 2464//4613 2459//5260 2460//5574
f 2460//2345 2463//2975 2464//2758
f 2462//4844 2466//4585 2465//4070
f 2465//4106 2461//3876 2462//4844
f 2455//5111 2456//5516 2467//4772
f 2459//5238 2464//4613 2469//4460
f 2469//4714 2458//3708 2459//3356
f 2469//4714 2470//5567 2457//5416
f 2457//5463 2458//3931 2469//4460
f 2472//3145 2471//3926 2469//4433
f 2469//4707 2464//2758 2472//3145
f 2471//4016 2473//4789 2470//5305
f 2470//5567 2469//4797 2471//4393
f 2473//5311 2474//5575 2470//5607
f 2474//5650 2468//5565 2470//5607
f 2466//4625 2467//5199 2476//5022
f 2476//5022 2475//4292 2466//4661
f 2467//5199 2477//5280 2476//5022
f 2468//4961 2477//4727 2467//4772
f 2466//4385 2479//3744 2478//2963
f 2478//3794 2465//2724 2466//4385
f 2480//1307 2463//1775 2465//1304
f 2465//1788 2478//2963 2480//1307
f 2480//4591 2478//4364 2482//4362
f 2482//4362 2481//4597 2480//4591
f 2478//4502 2479//4109 2483//4179
f 2483//4179 2482//4362 2478//4502
f 2479//4109 2475//4182 2484//4375
f 2484//4568 2483//4186 2479//4109
f 2475//4182 2476//4579 2485//4838
f 2485//4838 2484//4392 2475//4182
f 2476//4579 2477//4727 2486//5048
f 2486//5048 2485//4838 2476//4579
f 2477//4727 2468//4549 2487//4366
f 2487//4897 2486//5048 2477//4727
f 2468//4549 2488//4916 2487//4720
f 2474//5502 2489//5062 2488//4867
f 2488//4916 2468//4961 2474//5575
f 2473//4883 2490//4480 2489//5062
f 2489//5062 2474//5575 2473//5032
f 2491//3545 2490//4480 2473//4663
f 2473//4663 2471//4016 2491//3545
f 2492//2474 2491//3545 2471//3926
f 2471//4016 2472//3145 2492//2474
f 2492//2474 2472//3145 2463//3089
f 2494//5623 2493//5717 2487//5459
f 2488//4916 2495//5174 2494//5473
f 2494//5623 2487//5332 2488//4776
f 2489//5062 2496//4906 2495//5174
f 2495//5174 2488//4867 2489//5062
f 2490//4480 2497//4268 2496//4854
f 2496//4906 2489//5062 2490//4480
f 2498//3673 2497//4268 2490//4480
f 2490//4480 2491//3545 2498//3673
f 2499//2229 2498//3673 2491//3545
f 2491//3545 2492//2474 2499//2229
f 2500//1871 2499//2229 2492//2474
f 2492//2474 2463//2842 2500//1910
f 2486//5048 2502//5572 2501//5251
f 2501//5251 2485//4838 2486//5048
f 2484//4492 2485//4838 2501//5251
f 2501//5251 2503//4699 2484//4392
f 2483//4184 2484//4405 2503//4699
f 2503//4732 2504//4545 2483//4179
f 2505//3039 2482//4362 2483//4179
f 2483//4179 2504//4545 2505//3166
f 2506//1494 2481//961 2482//943
f 2482//943 2505//1582 2506//1494
f 2463//1709 2481//825 2506//1266
f 2506//1909 2507//3954 2463//3359
f 2500//1981 2463//3256 2507//3738
f 2509//1825 2506//1588 2505//2808
f 2505//3039 2508//2515 2509//1825
f 2505//2752 2504//2010 2510//2353
f 2510//3490 2508//2515 2505//3039
f 2504//4191 2503//4659 2511//4425
f 2511//4425 2510//3691 2504//4191
f 2503//4659 2501//5251 2512//4860
f 2512//4860 2511//4425 2503//4659
f 2501//5251 2502//5572 2513//5503
f 2513//5503 2512//4860 2501//5251
f 2502//5572 2493//5717 2514//5690
f 2514//5690 2513//5503 2502//5572
f 2494//5667 2515//5493 2514//5690
f 2514//5690 2493//5717 2494//5667
f 2495//5174 2515//5493 2494//5623
f 2500//1910 2507//2265 2516//1600
f 2511//4425 2518//4406 2517//3469
f 2517//3469 2510//3691 2511//4425
f 2511//4425 2512//4860 2519//4792
f 2519//4792 2518//4406 2511//4425
f 2512//4860 2513//5503 2520//5203
f 2520//5203 2519//4792 2512//4860
f 2513//5503 2514//5690 2521//5440
f 2521//5440 2520//5203 2513//5503
f 2514//5690 2515//5493 2522//5282
f 2522//5282 2521//5440 2514//5690
f 2495//5174 2523//5040 2522//5282
f 2522//5282 2515//5493 2495//5174
f 2496//4902 2524//4833 2523//5040
f 2523//5040 2495//5174 2496//4906
f 2497//4268 2525//4102 2524//4833
f 2524//4833 2496//4906 2497//4268
f 2526//3909 2525//4102 2497//4268
f 2497//4268 2498//3673 2526//3909
f 2527//3376 2526//3909 2498//3673
f 2528//3088 2527//3376 2498//3673
f 2498//3673 2499//2229 2528//3088
f 2529//2649 2528//3088 2499//2229
f 2499//2229 2500//1871 2529//2649
f 2530//2813 2529//2649 2500//1871
f 2500//1910 2516//1600 2530//2813
f 2530//2813 2516//1600 2509//1825
f 2509//1825 2531//3019 2530//2813
f 2531//3019 2509//1825 2532//1751
f 2534//1789 2509//1825 2508//2374
f 2508//2515 2533//2639 2534//1789
f 2532//1751 2509//1825 2534//1789
f 2519//4792 2520//5203 73//4881
f 73//4881 72//4818 2519//4792
f 2520//5203 2521//5440 2535//5008
f 2535//5036 73//4881 2520//5203
f 2521//5440 2522//5282 2536//4825
f 2536//4904 2535//5008 2521//5440
f 2522//5282 2523//5040 2537//4636
f 2537//4636 2536//4825 2522//5282
f 2538//4355 2537//4636 2523//5040
f 2524//4833 2538//4355 2523//5040
f 2540//3426 2539//3521 2528//3088
f 2528//3088 2529//2649 2540//3426
f 2541//3341 2540//3426 2529//2649
f 2542//3428 2541//3341 2529//2649
f 2529//2649 2530//2813 2542//3428
f 2543//3141 2542//3428 2530//2813
f 2530//2813 2531//3019 2543//3141
f 2543//3141 2531//3019 2532//1751
f 2532//1751 2544//2694 2543//3141
f 2544//2694 2532//1751 2534//1789
f 2534//1789 2545//2165 2544//2694
f 2517//3587 2518//4406 74//4627
f 74//4627 2546//4538 2517//3587
f 2533//2692 2517//3469 2546//4390
f 2546//4630 2547//4738 2533//3743
f 2533//2850 2547//4738 2548//4089
f 2549//2005 2534//1789 2533//2639
f 2533//1912 2548//2841 2549//2834
f 2545//2165 2534//1789 2549//2005
f 2525//4102 2550//4150 2538//4355
f 2538//4355 2524//4833 2525//4102
f 2526//3909 2551//4143 2550//4150
f 2550//4150 2525//4102 2526//3909
f 2527//3376 2552//3991 2551//4143
f 2551//4143 2526//3909 2527//3376
f 2528//3088 2553//3855 2552//3991
f 2552//3991 2527//3376 2528//3088
f 2539//3521 2553//3855 2528//3088
f 2535//4997 2536//4825 2554//4749
f 2554//4768 75//4808 2535//5008
f 2554//4749 76//4901 75//4808
f 2554//4749 2555//4702 77//4900
f 77//4900 76//4901 2554//4749
f 2556//4183 2555//4702 2554//4733
f 2554//4749 2536//4825 2556//4183
f 2537//4636 2557//3946 2556//4183
f 2556//4183 2536//4775 2537//4636
f 2538//4355 2558//3849 2557//3946
f 2557//3946 2537//4636 2538//4355
f 2550//4150 2559//3851 2558//3849
f 2558//3849 2538//4355 2550//4150
f 2551//4143 2560//4165 2559//3851
f 2559//3851 2550//4150 2551//4143
f 2561//3915 2560//3891 2551//4143
f 2552//3991 2562//3986 2561//3915
f 2561//3915 2551//4143 2552//3991
f 2563//3866 2562//3986 2552//3991
f 2552//3991 2553//3855 2563//3866
f 2564//3635 2563//3866 2553//3855
f 2553//3855 2539//3521 2564//3635
f 2565//3194 2564//3635 2539//3521
f 2539//3521 2540//3426 2565//3194
f 2566//3257 2565//3194 2540//3426
f 2540//3426 2541//3341 2566//3257
f 2567//3478 2566//3257 2541//3341
f 2541//3341 2542//3428 2567//3478
f 2567//3478 2542//3428 2543//3141
f 2543//3141 2568//3326 2567//3478
f 2568//3326 2543//3141 2544//2694
f 2544//2694 2569//3171 2568//3326
f 2555//4702 2570//4391 78//4711
f 78//4711 77//4900 2555//4702
f 2556//4183 2571//3918 2570//4391
f 2570//4391 2555//4702 2556//4183
f 2557//3946 2572//3546 2571//3918
f 2571//3918 2556//4183 2557//3946
f 2558//3849 2573//3212 2572//3546
f 2572//3546 2557//3946 2558//3849
f 2559//3851 2574//3107 2573//3212
f 2573//3212 2558//3849 2559//3851
f 2560//3891 2575//2787 2574//3107
f 2574//3107 2559//3851 2560//3891
f 2561//3915 2576//2938 2575//2787
f 2575//2787 2560//3731 2561//3915
f 2580//3477 2579//3267 2578//4001
f 2578//4001 2577//4217 2580//3477
f 2581//2948 2583//2660 2582//2831
f 2585//1948 2584//1776 2582//2831
f 2582//3453 2583//3627 2585//3075
f 2587//2160 2586//3268 2584//2414
f 2584//2414 2585//2193 2587//2160
f 78//4711 2570//4391 2577//4217
f 2577//4217 79//4353 78//4711
f 2571//3918 2580//3477 2577//4217
f 2577//4217 2570//4391 2571//3918
f 2571//3918 2572//3546 2581//2948
f 2581//2948 2580//3477 2571//3918
f 2573//3212 2583//2660 2581//2948
f 2581//2948 2572//3546 2573//3212
f 2574//3107 2585//2381 2583//3627
f 2583//3352 2573//3212 2574//3107
f 2575//2787 2587//2160 2585//2193
f 2585//2292 2574//3107 2575//2787
f 2576//2938 2588//1898 2587//2160
f 2587//2160 2575//2787 2576//2938
f 2592//3953 2591//4382 2590//4739
f 2590//4739 2589//4130 2592//3953
f 2590//4739 2593//5078 81//5233
f 81//5686 80//4858 2590//4739
f 2591//4382 2594//4918 2593//5273
f 2593//5273 2590//4739 2591//4382
f 2578//4001 2589//4130 83//4314
f 83//4314 82//4113 2578//4001
f 2579//3267 2592//3953 2589//4130
f 2589//4130 2578//4001 2579//3267
f 2582//2831 2595//3820 2592//3953
f 2592//3953 2579//3267 2582//2831
f 2595//3820 2596//4482 2591//4382
f 2591//4382 2592//3953 2595//3820
f 2596//4482 2597//5057 2594//4918
f 2594//4918 2591//4382 2596//4482
f 2594//4918 2598//5548 2593//5222
f 2593//5297 2598//5693 84//5790
f 84//5784 81//5712 2593//5719
f 2597//5057 2598//5548 2594//4918
f 2599//5678 85//5479 84//5709
f 84//5784 2598//5757 2599//5678
f 2599//5678 2600//5378 86//5284
f 86//5284 85//5479 2599//5678
f 2600//5378 2601//5083 87//5287
f 87//5287 86//5360 2600//5378
f 2603//5162 2602//4848 2601//5083
f 2601//5083 2600//5378 2603//5162
f 2604//5620 2603//5162 2600//5378
f 2600//5378 2599//5678 2604//5620
f 2609//4064 2608//3753 2607//4577
f 2606//4816 2609//4064 2607//4698
f 2606//4816 2605//4369 2609//4064
f 2606//4816 2604//5453 2611//5644
f 2611//5644 2610//4987 2606//4816
f 2607//4431 2603//5162 2604//5563
f 2604//5563 2606//4816 2607//4763
f 2607//4074 2612//3652 2602//4728
f 2602//4856 2603//5162 2607//4345
f 2613//3291 2612//3658 2607//4296
f 2607//4124 2608//3720 2613//2995
f 2606//4816 2610//4987 2614//4188
f 2614//4188 2605//4368 2606//4816
f 2605//4368 2614//4188 2615//3401
f 2615//3401 2586//3268 2605//4368
f 2586//3268 2615//3401 2616//3611
f 2616//3611 2584//3206 2586//3268
f 2584//3206 2616//3611 2595//3820
f 2595//3820 2582//2924 2584//2414
f 2610//4116 2611//2862 2617//3512
f 2614//4840 2610//4116 2617//3797
f 2617//3512 2618//4303 2614//4840
f 2616//5599 2615//5409 2620//5489
f 2620//5489 2619//5109 2616//5455
f 2595//5614 2616//5596 2619//5614
f 2596//2064 2595//2247 2619//1933
f 2620//1739 2597//1798 2596//2064
f 2596//2064 2619//1933 2620//1739
f 2618//1626 2597//1798 2620//1739
f 2618//3985 2617//3856 2598//4781
f 2598//3914 2597//3914 2618//3914
f 2622//3420 2613//2995 2608//3720
f 2608//3720 2621//3046 2622//3420
f 2622//3420 2621//3046 2623//3385
f 2624//3922 2622//3833 2623//3385
f 2626//3446 2609//4064 2625//3442
f 2625//3727 2609//4064 2605//4368
f 2605//4173 2586//3268 2625//3869
f 2627//2569 2625//3727 2586//3268
f 2586//3268 2587//2160 2627//2321
f 2588//1898 2627//2302 2587//2160
f 2628//1810 2627//2569 2588//1898
f 2629//2728 2626//3446 2625//3442
f 2625//3442 2627//2767 2629//2728
f 2623//2804 2621//3481 2626//3446
f 2626//3446 2629//2728 2623//2804
f 2627//2575 2628//1810 2629//2728
f 2628//1810 2624//2442 2623//2804
f 2623//2804 2629//2728 2628//1810
f 2630//2083 2628//1810 2588//1898
f 2588//1898 2576//2938 2630//2083
f 2631//1963 2628//1810 2630//2083
f 2631//2006 2624//2442 2628//1810
f 2631//2006 2632//2395 2624//2442
f 2633//3286 2630//2083 2576//2938
f 2634//3101 2631//2146 2630//2083
f 2630//2083 2633//3286 2634//3114
f 2635//2665 2632//2198 2631//1848
f 2635//2665 2631//2011 2634//2716
f 2637//3668 2636//3315 2613//3452
f 2613//3449 2622//3768 2637//4227
f 2636//3310 2638//4012 2612//4336
f 2612//3962 2613//3452 2636//3315
f 2635//2665 2639//2432 2637//2773
f 2637//2698 2632//2593 2635//2665
f 2639//2432 2640//2685 2636//3315
f 2636//3313 2637//2773 2639//2432
f 2640//2685 2641//3644 2638//3789
f 2638//3934 2636//3313 2640//2685
f 2642//3684 2633//3286 2576//2938
f 2576//2938 2561//3915 2642//3684
f 2643//3398 2634//3114 2633//3286
f 2633//3286 2642//3684 2643//3422
f 2644//3253 2635//2665 2634//2716
f 2645//3404 2644//3253 2634//2716
f 2634//2956 2643//3422 2645//3404
f 2612//4336 2638//4247 2646//4512
f 2646//4512 2602//4485 2612//3974
f 2601//5083 88//5237 87//5446
f 2602//4994 2646//5401 88//5237
f 88//5237 2601//5083 2602//4848
f 2646//5401 2647//4623 89//4637
f 89//4637 88//5237 2646//5180
f 2638//4371 2641//3644 2647//4207
f 2647//4207 2646//4669 2638//4371
f 90//3406 89//4637 2647//4596
f 2641//3644 2648//2341 90//3406
f 90//3406 2647//4596 2641//3644
f 2648//2341 91//2449 90//3406
f 2640//2685 2649//2438 2648//2341
f 2648//2341 2641//3644 2640//2685
f 2651//3303 93//3200 92//3095
f 92//3095 2650//2902 2651//3303
f 2639//2432 2652//2605 2649//2438
f 2649//2438 2640//2685 2639//2432
f 2635//2665 2653//3332 2652//2605
f 2652//2605 2639//2432 2635//2665
f 2650//2902 92//3095 94//2243
f 2649//2438 95//2191 91//2449
f 91//2449 2648//2341 2649//2438
f 2650//2902 94//2243 95//2191
f 95//2191 2649//2438 2650//2902
f 2650//2902 2649//2438 2652//2605
f 2653//3332 2650//2902 2652//2605
f 2653//3332 2635//2665 2644//3253
f 2654//3614 2653//3332 2644//3253
f 2644//3253 2645//3404 2654//3623
f 2654//3614 2651//3303 2650//2902
f 2650//2902 2653//3332 2654//3638
f 2655//3275 96//3290 93//3200
f 93//3200 2651//3303 2655//3275
f 2656//3424 2655//3275 2651//3303
f 2651//3303 2654//3614 2656//3424
f 2658//3140 2655//3275 2656//3424
f 2656//3424 2657//3035 2658//3140
f 2658//3140 97//3324 96//3290
f 96//3290 2655//3275 2658//3140
f 2656//3513 2654//3614 2645//3404
f 2645//3404 2659//3440 2656//3571
f 2657//3036 2656//3571 2659//3440
f 2659//3440 2660//3086 2657//3036
f 2662//3519 2643//3422 2642//3684
f 2642//3684 2661//3701 2662//3519
f 2662//3519 2659//3440 2645//3404
f 2645//3404 2643//3425 2662//3519
f 2663//3632 2661//3701 2562//3986
f 2562//3986 2563//3866 2663//3632
f 2664//3231 2662//3519 2661//3701
f 2661//3701 2663//3632 2664//3231
f 2660//3086 2659//3440 2662//3519
f 2662//3519 2664//3231 2660//3086
f 2665//3105 2663//3632 2563//3866
f 2563//3866 2564//3635 2665//3105
f 2666//2405 2664//3231 2663//3632
f 2663//3632 2665//3105 2666//2405
f 2667//2370 2660//3086 2664//3231
f 2664//3231 2666//2405 2667//2370
f 2670//2359 2669//2441 2667//2370
f 2667//2370 2668//1968 2670//2359
f 2671//3432 98//3429 97//3324
f 97//3324 2658//3140 2671//3432
f 2672//3144 2671//3432 2658//3140
f 2658//3140 2657//2958 2672//3090
f 2672//3144 2657//3012 2669//2441
f 2670//2359 2673//2809 2672//3144
f 2672//3144 2669//2441 2670//2359
f 2657//3036 2660//3086 2667//2370
f 2667//2370 2669//2441 2657//3110
f 2675//1670 2666//2405 2665//3105
f 2665//3105 2674//2589 2675//1670
f 2673//2809 2670//2359 2676//1888
f 2670//2359 2668//1968 2677//1556
f 2677//1556 2676//1888 2670//2359
f 2676//1888 2677//1556 2679//1232
f 2679//1232 2678//1480 2676//1888
f 2667//2370 2666//2405 2668//1968
f 2668//1968 2666//2405 2675//1670
f 2675//1670 2677//1556 2668//1968
f 2677//1556 2675//1670 2680//1503
f 2680//1503 2679//1232 2677//1556
f 2675//1670 2674//2589 2681//2430
f 2681//2430 2680//1503 2675//1670
f 2674//2589 2565//3194 2566//3257
f 2566//3257 2681//2430 2674//2589
f 2681//2430 2566//3257 2567//3478
f 2567//3478 2682//3502 2681//2430
f 2682//3502 2567//3478 2568//3326
f 2568//3326 2683//3059 2682//3502
f 2683//2252 2568//3326 2569//3011
f 2569//3011 2684//1590 2683//1790
f 2686//1513 2682//1189 2683//1531
f 2683//1531 2685//1446 2686//1513
f 2680//1503 2681//2430 2682//2097
f 2682//1189 2686//1513 2680//1503
f 2679//1232 2680//1503 2686//1513
f 2686//1513 2687//1516 2679//1232
f 2678//1480 2679//1232 2687//1132
f 2687//1132 2688//1198 2678//1122
f 2687//1516 2686//1513 2685//1617
f 2685//1617 2689//1557 2687//1516
f 2688//884 2687//709 2689//975
f 2689//1486 2690//1126 2688//1198
f 2518//4406 2519//4792 72//4818
f 72//4818 74//4627 2518//4406
f 2535//5008 75//4808 73//4881
f 2577//4217 2578//4001 82//4113
f 82//4113 79//4353 2577//4217
f 2589//4130 2590//4739 80//4858
f 80//4858 83//4314 2589//4130
f 2692//4650 100//4505 99//3641
f 99//3641 2691//3822 2692//4650
f 2694//4444 2692//4650 2691//3822
f 2691//3822 2693//3811 2694//4444
f 2696//4734 2694//4444 2693//3509
f 2693//4754 2695//4973 2696//4872
f 2691//3822 99//3641 101//2175
f 101//2175 2697//2296 2691//3822
f 2693//3509 2691//3822 2697//2296
f 2697//2296 2698//1903 2693//3509
f 2695//2713 2693//3509 2698//1903
f 2698//1903 2699//2082 2695//2713
f 2701//3949 2695//3435 2699//2520
f 2699//2520 2700//2482 2701//4158
f 2702//4989 2696//4764 2695//4527
f 2695//4527 2701//4158 2702//4989
f 2704//4312 2701//4158 2700//2482
f 2700//2482 2703//3338 2704//4312
f 2705//5197 2702//4989 2701//4358
f 2701//4358 2704//4312 2705//5258
f 2707//4286 2704//4312 2703//3338
f 2703//3338 2706//2944 2707//4286
f 2708//5142 2705//5258 2704//4312
f 2704//4312 2707//4286 2708//5142
f 2710//3762 2707//4286 2706//3323
f 2706//2944 2709//2772 2710//3762
f 2711//4810 2708//5015 2707//4286
f 2707//4286 2710//3762 2711//4159
f 2713//3391 2710//3762 2709//2772
f 2709//2772 2712//2362 2713//3391
f 2713//3391 2714//4107 2711//4159
f 2711//4159 2710//3762 2713//3391
f 2716//2873 2713//3391 2712//2362
f 2712//2362 2715//2327 2716//2871
f 2716//2871 2717//3312 2714//3941
f 2714//4107 2713//3391 2716//2871
f 2546//4630 74//4627 102//4713
f 2547//4738 2546//4538 102//4713
f 100//4505 2547//4738 102//4713
f 100//4505 2692//4650 2547//4738
f 2547//4738 2692//4650 2694//4444
f 2547//4738 2694//4444 2696//4764
f 2696//4764 2702//4989 2718//5166
f 2719//5731 2718//5166 2702//4989
f 2702//4989 2705//5258 2719//5731
f 2720//5741 2719//5731 2705//5258
f 2705//5329 2708//5534 2720//5742
f 2721//5389 2720//5742 2708//5382
f 2708//5382 2711//5289 2721//5389
f 2722//4770 2721//5389 2711//5289
f 2711//5363 2714//4725 2722//4770
f 2723//3894 2722//4770 2714//4725
f 2714//4543 2717//4003 2723//3894
f 2725//3235 2723//3894 2717//3639
f 2717//3639 2724//2856 2725//3235
f 2724//2987 2717//3312 2716//2871
f 2716//2886 2726//2736 2724//2856
f 2726//2736 2716//2871 2715//2327
f 2715//2327 2727//2286 2726//2736
f 2729//2391 2725//3235 2724//2843
f 2724//2843 2728//2158 2729//2391
f 2728//2162 2724//2856 2726//2736
f 2726//2736 2730//2511 2728//2237
f 2730//2511 2726//2736 2727//2286
f 2727//2636 2731//2544 2730//2511
f 2733//2098 2729//2391 2728//2055
f 2728//2055 2732//1954 2733//2026
f 2732//1954 2728//2087 2730//2511
f 2730//2511 2734//1783 2732//1954
f 2735//2157 2734//1783 2730//2511
f 2730//2511 2731//2544 2735//2157
f 2734//1783 2735//2157 2736//1962
f 2732//1954 2734//1783 2736//1947
f 2733//2026 2732//1954 2736//2032
f 2547//4738 2696//4764 2718//5166
f 2548//5155 2547//4738 2718//5166
f 2548//5631 2718//5166 2719//5731
f 2719//5731 2737//5774 2548//5631
f 2737//5774 2719//5731 2720//5742
f 2720//5742 2738//5798 2737//5774
f 2739//5669 2738//5798 2720//5742
f 2720//5734 2721//5389 2739//5330
f 2741//2454 2740//3160 2737//3989
f 2737//3989 2738//3812 2741//2454
f 2742//3645 2548//4238 2737//3989
f 2737//3989 2740//3160 2742//3479
f 2743//2688 2741//2454 2738//3812
f 2738//3812 2739//4277 2743//3970
f 2744//4528 2739//5087 2721//5389
f 2721//5389 2722//4770 2744//4528
f 2745//4040 2743//3970 2739//4277
f 2739//4277 2744//4025 2745//4040
f 2746//3878 2744//4528 2722//4770
f 2722//4770 2723//3894 2746//3878
f 2747//3699 2745//4040 2744//4025
f 2744//4025 2746//3808 2747//3699
f 2748//3565 2746//3878 2723//3894
f 2723//3894 2725//3235 2748//3565
f 2749//3470 2747//3699 2746//3808
f 2746//3808 2748//3549 2749//3470
f 2751//3637 2749//3470 2748//3549
f 2748//3549 2750//3390 2751//3637
f 2753//4061 2751//3637 2750//3390
f 2750//3390 2752//3839 2753//4061
f 2750//2753 2748//3565 2725//3235
f 2725//3235 2729//2391 2750//2753
f 2752//2852 2750//2753 2729//2391
f 2729//2391 2733//2721 2752//2852
f 2755//3074 2747//3699 2749//3470
f 2749//3470 2754//3161 2755//3455
f 2751//3637 2756//3764 2754//3161
f 2754//3161 2749//3470 2751//3637
f 2756//3764 2751//3637 2753//4061
f 2753//4061 2757//4271 2756//3764
f 2755//2380 2758//1674 2745//2278
f 2745//3130 2747//3699 2755//3074
f 2759//1460 2743//1895 2745//2278
f 2745//2278 2758//1807 2759//1460
f 2760//985 2741//2454 2743//1895
f 2743//1895 2759//1460 2760//985
f 2761//1748 2740//3160 2741//2454
f 2741//2454 2760//985 2761//1492
f 2742//3479 2740//3160 2761//1748
f 2761//1257 2762//1484 2742//2751
f 2753//4061 2736//4576 2757//4348
f 2757//4178 2764//4055 2763//3601
f 2763//3601 2756//3705 2757//4242
f 2756//3705 2763//3601 2765//2429
f 2765//2429 2754//2997 2756//3705
f 2754//2997 2765//2429 2766//1613
f 2766//1613 2755//1936 2754//2997
f 2755//1936 2766//1613 2767//1067
f 2767//1067 2758//1293 2755//1936
f 2758//1152 2767//1067 2768//706
f 2768//706 2759//736 2758//1152
f 2759//736 2768//706 2769//434
f 2769//434 2760//985 2759//1012
f 2736//4617 2764//4055 2757//4242
f 2761//957 2760//985 2769//434
f 2769//434 2770//424 2761//869
f 2771//381 2762//664 2761//601
f 2761//801 2770//424 2771//381
f 2767//1067 2773//1046 2772//699
f 2772//699 2768//706 2767//1067
f 2766//1613 2774//1596 2773//1046
f 2773//1046 2767//1067 2766//1613
f 2765//2429 2775//2311 2774//1596
f 2774//1596 2766//1613 2765//2429
f 2768//706 2772//646 2776//372
f 2776//372 2769//434 2768//706
f 2770//424 2769//434 2776//329
f 2776//329 2777//215 2770//424
f 2771//381 2770//424 2777//215
f 2777//215 2778//314 2771//381
f 2780//470 2771//381 2778//314
f 2778//314 2779//454 2780//470
f 2782//308 2780//470 2779//454
f 2779//454 2781//598 2782//308
f 2765//2429 2763//3601 2783//3554
f 2783//3554 2775//2311 2765//2429
f 2764//4055 2784//4319 2783//3554
f 2783//3554 2763//3601 2764//4055
f 101//2175 103//1169 2785//1396
f 2785//1396 2697//2296 101//2175
f 2697//2296 2785//1774 2786//1405
f 2786//1346 2698//1903 2697//2296
f 2698//1903 2786//1188 2787//864
f 2787//864 2699//1716 2698//1903
f 2699//2082 2787//864 2788//953
f 2788//953 2700//2290 2699//2082
f 2700//2290 2788//953 2789//1019
f 2789//931 2703//1209 2700//1420
f 2715//2327 2791//1761 2790//2007
f 2790//2007 2727//2255 2715//2327
f 2712//2362 2792//2067 2791//1761
f 2791//1761 2715//2327 2712//2362
f 2709//2772 2793//2137 2792//2195
f 2792//2067 2712//2362 2709//2772
f 2794//1447 2706//2729 2703//1992
f 2703//1209 2789//931 2794//989
f 2781//715 2796//707 2795//967
f 2795//1277 2782//2172 2781//964
f 105//666 2795//735 2796//556
f 2796//707 104//760 105//875
f 2796//707 2785//1024 103//1169
f 103//1169 104//760 2796//707
f 2781//831 2786//1188 2785//1396
f 2785//1396 2796//912 2781//831
f 2779//454 2787//864 2786//1000
f 2786//1052 2781//693 2779//454
f 2778//314 2788//893 2787//864
f 2787//864 2779//454 2778//314
f 2777//780 2789//931 2788//893
f 2788//577 2778//314 2777//392
f 2793//2137 2709//2772 2706//2944
f 2706//2944 2794//1447 2793//1479
f 2776//352 2794//558 2789//874
f 2789//931 2777//780 2776//531
f 2772//844 2793//977 2794//838
f 2794//494 2776//344 2772//681
f 2773//1179 2792//1125 2793//887
f 2793//887 2772//844 2773//1179
f 2774//1507 2791//1761 2792//1428
f 2792//1125 2773//1179 2774//1507
f 2790//2123 2797//2402 2731//2427
f 2731//2427 2727//2255 2790//2123
f 2731//2427 2797//2402 2798//2700
f 2798//2331 2735//2157 2731//2485
f 2736//2076 2735//2157 2798//2331
f 2774//1507 2775//2194 2790//1984
f 2790//2008 2791//1761 2774//1507
f 2775//2194 2783//3281 2797//3280
f 2797//2908 2790//2094 2775//2194
f 2798//3296 2797//3280 2783//3281
f 2783//3281 2784//3285 2798//3296
f 2736//3575 2798//3133 2784//3285
f 2799//1017 2795//1227 105//924
f 105//924 106//1069 2799//1017
f 2799//1017 2800//885 2802//1191
f 2802//1191 2795//1064 2799//1017
f 2803//1001 2780//470 2782//308
f 2782//2172 2795//1284 2803//1611
f 2802//1191 2803//1159 2795//1230
f 2805//1291 2804//1585 2803//1611
f 2803//1159 2802//1191 2805//1291
f 2806//708 2805//1291 2802//1191
f 2802//1191 2800//885 2806//708
f 2801//573 2807//485 2806//708
f 2806//708 2800//885 2801//573
f 2762//653 2771//381 2780//470
f 2803//1001 2804//797 2762//771
f 2762//771 2780//470 2803//1001
f 2805//1291 2809//1545 2808//2129
f 2808//1935 2804//1585 2805//1291
f 2806//708 2810//750 2809//1441
f 2809//1441 2805//1291 2806//708
f 2807//485 2811//527 2810//750
f 2810//750 2806//708 2807//485
f 2809//1441 2813//1048 2812//1998
f 2812//1998 2808//2129 2809//1545
f 2814//644 2813//1013 2809//1123
f 2809//1441 2810//750 2814//690
f 2811//476 2815//487 2814//644
f 2814//644 2810//750 2811//476
f 2816//4448 2742//4461 2762//3976
f 2808//1935 2816//2092 2762//1042
f 2762//820 2804//1322 2808//1729
f 2808//2129 2812//1998 2817//2875
f 2817//2875 2816//2092 2808//1935
f 2812//1998 2819//1594 2818//2648
f 2818//2648 2817//2875 2812//1998
f 2813//1048 2820//843 2819//1594
f 2819//1594 2812//1998 2813//1138
f 2814//644 2821//443 2820//560
f 2820//795 2813//1048 2814//644
f 2819//1594 2823//1538 2822//1943
f 2822//1943 2818//2648 2819//1594
f 2820//843 2824//839 2823//1419
f 2823//1419 2819//1594 2820//843
f 2821//443 2825//383 2824//417
f 2824//790 2820//795 2821//443
f 2829//521 2828//786 2827//584
f 2827//520 2826//272 2829//488
f 2827//584 2830//785 2823//1360
f 2823//1419 2824//839 2827//619
f 2828//786 2830//785 2827//584
f 2831//1860 2822//1943 2823//1419
f 2830//1959 2832//1779 2831//1860
f 2831//1860 2823//1419 2830//1268
f 2828//786 2833//1083 2832//1902
f 2832//2084 2830//1959 2828//1194
f 2829//521 2834//626 2833//1083
f 2833//1083 2828//856 2829//565
f 2836//349 2835//429 2834//626
f 2834//626 2829//521 2836//224
f 2837//73 2835//429 2836//120
f 2838//386 2827//584 2824//790
f 2824//790 2825//383 2838//386
f 2826//272 2827//584 2838//386
f 2839//313 2821//443 2814//580
f 2814//644 2815//487 2839//362
f 2840//213 2825//383 2821//443
f 2821//443 2839//313 2840//113
f 2841//102 2838//386 2825//383
f 2825//383 2840//160 2841//102
f 2826//272 2838//386 2841//102
f 2836//120 2829//521 2826//272
f 2850//33 2826//272 2841//102
f 2841//102 2849//282 2850//107
f 2836//120 2826//272 2850//69
f 2848//192 2837//73 2836//38
f 2848//192 2836//77 2850//107
f 2850//184 2847//430 2848//192
f 2849//282 2846//509 2847//430
f 2847//430 2850//288 2849//282
f 2845//506 2846//509 2849//282
f 2849//282 2851//311 2845//506
f 2849//282 2841//102 2840//40
f 2840//113 2851//311 2849//282
f 2853//752 2807//533 2801//492
f 2801//492 2852//689 2853//752
f 2854//713 2811//517 2807//533
f 2807//533 2853//752 2854//713
f 2842//980 2843//837 2853//752
f 2853//752 2852//689 2842//980
f 2843//837 2854//713 2853//752
f 2855//405 2851//311 2840//113
f 2840//34 2839//283 2855//491
f 2839//313 2815//487 2855//491
f 2855//491 2815//487 2811//463
f 2811//517 2854//713 2855//491
f 2843//837 2855//553 2854//713
f 2843//837 2844//614 2855//491
f 2844//614 2845//506 2851//311
f 2851//311 2855//491 2844//614
f 2549//4164 2548//2841 2742//4274
f 2883//4752 2549//4518 2856//5021
f 2884//5042 2883//4752 2856//5021
f 2549//4234 2742//4743 2856//5021
f 2545//2165 2549//2765 2883//2406
f 2545//2165 2883//2406 2884//1925
f 2865//4198 2864//4401 2835//4241
f 2835//4241 2837//4005 2865//4198
f 2876//5445 2886//5668 2885//5609
f 2885//5609 2875//5670 2876//5445
f 2886//5668 2887//5468 2885//5255
f 2864//5442 2863//5627 2834//5316
f 2834//5316 2835//4241 2864//4436
f 2875//5670 2874//5619 2863//5627
f 2863//5627 2864//5637 2875//5670
f 2875//5670 2885//5646 2888//5618
f 2888//5618 2874//5619 2875//5670
f 2857//5590 2856//5021 2742//5123
f 2742//5691 2889//5772 2857//5795
f 2858//5499 2857//5707 2889//5593
f 2889//5298 2859//5234 2858//5499
f 2817//3993 2742//4853 2816//4448
f 2818//3483 2742//4461 2817//3300
f 2889//4982 2742//4787 2818//4583
f 2889//5298 2818//4862 2822//5138
f 2831//5218 2889//5298 2822//5138
f 2884//5116 2856//5021 2857//5590
f 2860//5181 2859//5234 2889//5298
f 2889//5298 2831//5218 2860//5181
f 2860//5248 2831//5218 2832//5354
f 2832//5253 2861//5398 2860//5208
f 2861//5398 2832//5216 2833//5318
f 2833//5318 2862//5323 2861//5398
f 2833//5318 2834//5316 2863//5627
f 2863//5627 2862//5323 2833//5318
f 2873//4339 2862//4422 2863//4456
f 2863//5627 2874//5619 2873//5729
f 2872//4377 2861//4703 2862//4422
f 2862//4422 2873//4339 2872//4377
f 2872//4377 2871//4028 2860//4388
f 2860//4388 2861//4703 2872//4377
f 2871//4028 2870//3506 2859//3868
f 2859//3868 2860//4388 2871//4028
f 2873//5729 2874//5619 2888//5618
f 2890//4278 2872//4377 2873//4339
f 2873//5729 2888//5618 2890//5497
f 2891//5337 2884//5116 2857//5590
f 2857//5707 2858//5499 2891//5519
f 2869//2778 2858//2444 2859//3868
f 2859//3868 2870//3506 2869//3015
f 2892//4582 2871//4028 2872//4377
f 2872//4377 2890//4278 2892//4582
f 2893//2957 2870//3506 2871//4028
f 2871//4028 2892//4582 2893//4324
f 2894//2828 2869//2778 2870//3506
f 2870//3506 2893//2957 2894//2828
f 2894//5495 2893//5110 2895//5570
f 2895//5570 2893//5110 2892//4582
f 2892//4582 2896//5550 2895//5570
f 2896//5550 2892//4582 2890//4877
f 2890//5497 2897//5630 2896//5550
f 2897//5630 2890//5497 2888//5618
f 2888//5618 2898//5616 2897//5630
f 2898//5616 2888//5618 2885//5609
f 2885//5609 2887//5468 2898//5616
f 2894//5701 2895//5570 2899//5782
f 2899//5782 2895//5570 2896//5550
f 2896//5550 2900//5812 2899//5782
f 2900//5812 2896//5550 2897//5630
f 2897//5630 2901//5797 2900//5812
f 2901//5797 2897//5630 2898//5616
f 2898//5616 2902//5783 2901//5797
f 2898//5616 2887//5468 2902//5783
f 2877//5732 2899//5782 2900//5812
f 2900//5812 2878//5809 2877//5732
f 2878//5809 2900//5812 2901//5797
f 2901//5797 2879//5796 2878//5809
f 2879//5796 2901//5797 2902//5783
f 2902//5783 2880//5744 2879//5796
f 2880//5744 2902//5783 2887//5468
f 2887//5468 2881//5692 2880//5744
f 2881//5692 2887//5468 2886//5668
f 2886//5668 2882//5597 2881//5692
f 2886//5668 2876//5445 2882//5597
f 2903//1171 2684//1590 2891//1345
f 2683//1320 2684//1590 2903//1171
f 2903//1171 2685//1446 2683//1320
f 2569//2173 2884//1800 2891//1345
f 2891//1345 2684//1590 2569//3011
f 2544//2694 2545//2165 2884//1925
f 2884//2880 2569//3171 2544//2694
f 2685//2456 2903//3603 2843//3082
f 2843//2183 2689//1557 2685//1617
f 2868//2839 2858//2444 2869//2558
f 2868//2839 2866//3187 2858//2444
f 2867//3157 2866//3187 2868//2839
f 2868//2839 2869//2778 2894//2828
f 2877//3475 2868//3475 2894//3475
f 2894//5773 2899//5782 2877//5732
f 2891//5519 2858//5499 2866//5569
f 2867//5017 2903//5338 2891//5172
f 2891//5115 2866//4166 2867//4822
f 2867//4917 2868//5084 2877//5680
f 2617//3797 2611//2862 2598//3058
f 2611//5644 2604//5563 2599//5678
f 2599//5678 2598//5759 2611//5644
f 2608//3753 2609//4064 2626//3446
f 2626//3446 2621//3481 2608//4013
f 2618//5438 2620//5489 2615//5409
f 2615//5409 2614//4840 2618//4755
f 2632//3380 2637//4227 2622//3900
f 2622//3833 2624//3922 2632//3696
f 2582//2831 2579//3267 2580//3477
f 2580//3477 2581//2948 2582//2831
f 2562//3986 2661//3701 2642//3684
f 2642//3684 2561//3915 2562//3986
f 2564//3635 2565//3194 2674//2589
f 2674//2589 2665//3105 2564//3635
f 2507//2365 2506//1493 2509//1825
f 2509//1825 2516//1600 2507//1482
f 2463//1006 2460//892 2461//892
f 2461//3845 2465//4106 2463//3256
f 2450//4418 2462//4844 2461//3830
f 2461//3876 2449//3410 2450//4246
f 2472//3145 2464//2758 2463//2410
f 2455//5111 2467//4772 2466//4831
f 2466//4951 2462//4844 2455//5105
f 2463//3678 2480//4591 2481//4597
f 2470//5567 2468//5565 2456//5529
f 2456//5529 2457//5463 2470//5567
f 2456//5529 2468//4961 2467//4772
f 2466//4385 2475//4292 2479//3744
f 2508//2515 2510//3490 2517//3193
f 2517//3469 2533//2850 2508//2646
f 2487//5011 2493//5717 2502//5572
f 2502//5572 2486//5048 2487//5459
f 2865//4450 2837//4005 2848//3693
f 2882//5597 2876//5445 2865//4719
f 2865//5268 2848//5679 2882//5597
f 2844//5722 2843//5151 2867//4919
f 2867//5257 2877//5737 2844//5736
f 2845//5794 2844//5735 2877//5737
f 2877//5737 2878//5809 2845//5794
f 2846//5819 2845//5794 2878//5809
f 2878//5809 2879//5796 2846//5819
f 2847//5740 2846//5819 2879//5796
f 2879//5796 2880//5744 2847//5740
f 2848//5679 2847//5740 2880//5744
f 2880//5744 2881//5692 2848//5679
f 2848//5679 2881//5692 2882//5597
f 2736//4617 2784//4319 2764//4055
f 2690//1237 2689//1486 2843//1461
f 2843//240 2842//240 2690//730
f 98//3429 2671//3432 1473//4257
f 1473//4257 2//4446 98//3429
f 2690//1417 2842//2188 1467//1765
f 2688//1198 2690//1356 1467//1765
f 1467//1765 1468//1838 2688//1313
f 2678//1480 2688//1313 1468//1838
f 1468//1838 1469//2225 2678//1514
f 2676//1888 2678//1514 1469//2225
f 1469//2225 1470//2408 2676//1888
f 2673//2809 2676//1888 1470//2408
f 1470//2408 1471//3318 2673//2809
f 2672//3164 2673//2809 1471//3318
f 1471//3318 1472//3778 2672//3164
f 2671//3432 2672//3144 1472//3778
f 1472//3778 1473//4288 2671//3432
f 1465//963 2800//885 2799//1017
f 2799//1017 1464//979 1465//963
f 2799//1017 106//1069 1//958
f 1//958 1463//1004 2799//1017
f 2799//1017 1463//1004 1464//979
f 1467//1765 2842//2188 2852//1694
f 1466//1412 1467//1765 2852//1694
f 1466//1412 2852//1694 2801//731
f 1465//963 1466//1344 2801//557
f 1465//963 2801//635 2800//885
f 2736//3567 2752//2852 2733//3016
f 2736//4576 2753//4061 2752//3839
f 2843//3447 2903//3447 2867//4609
f 2138//59 2060//142 2061//421
f 2061//649 2066//495 2138//162
f 2138//59 2121//7 2089//124
f 2089//124 2060//142 2138//59
f 1938//1890 1751//1989 1930//1550
f 1930//1550 1931//1855 1938//1890
f 1931//1855 1926//1893 1932//1781
f 1932//1781 1936//1661 1931//1855
f 1965//1182 1958//1369 2194//1357
f 2194//1357 1966//1077 1965//1182
f 1958//1369 1957//1522 2194//1357
f 1957//1636 1955//2707 1956//2483
f 1956//1764 2194//1357 1957//1522
f 2292//3910 2290//3056 2291//2799
f 1849//325 2385//325 44//309
f 44//5071 2385//5071 2392//5118
f 2392//2635 971//2635 44//1727
f 2864//5210 2865//4603 2876//5445
f 2876//5445 2875//5670 2864//5637
f 2186//4567 2193//3314 2194//2861
f 2194//2861 1956//3250 2186//3968
f 2193//3314 2195//2249 1966//1951
f 1966//1951 2194//2861 2193//3314
f 2392//5118 2399//5397 971//5397
f 967//5397 962//5397 971//5397
# 5804 faces
